Date,Job Title,Link,Company,Location,Job Type
14 Juillet 2025,DÉVELOPPEUR JAVA JUNIOR,https://www.jobinfocamer.com/job/42024/developpeur-java-junior-a-entreprise-de-la-place,Entreprise de la place,Yaoundé,CDI
07 Juillet 2025,DATA ENTRY CLERK,https://www.jobinfocamer.com/job/41989/data-entry-clerk-a-data-science-without-borders,Data Science Without Borders,Douala,CDD
27 Juin 2025,Développeur Full Stack,https://www.jobinfocamer.com/job/41952/developpeur-full-stack-a-numency-sarl,Numency SARL,Douala,CDI
24 Juin 2025,Opérateur de Numérisation,https://www.jobinfocamer.com/job/41941/operateur-de-numerisation-a-ste-concept-sarl,STE CONCEPT SARL,Douala,CDD
20 Juin 2025,Développeur web front-end,https://www.jobinfocamer.com/job/41925/developpeur-web-front-end-a-twingo-sarl,TWINGO SARL,Yaoundé,STAGE
16 Juin 2025,Développeur(se) web JAVA EE,https://www.jobinfocamer.com/job/41899/developpeur-se-web-java-ee-a-kozao-africa,Kozao Africa,Douala,STAGE
10 Juin 2025,ÉLECTRONICIEN PROGRAMMEUR,https://www.jobinfocamer.com/job/41878/electronicien-programmeur-a-e-same,e-SAME,Douala,CDI
10 Juin 2025,Technicien Réseau,https://www.jobinfocamer.com/job/41874/technicien-reseau-a-twingo-sarl,TWINGO SARL,Yaoundé,STAGE
28 Mai 2025,Développeur web,https://www.jobinfocamer.com/job/41833/developpeur-web-a-esoaf,ESOAF,Yaoundé,STAGE
25 Mai 2025,Product Manager/ Product Owner,https://www.jobinfocamer.com/job/41791/product-manager-product-owner-a-paysika,PaySika,Douala,CDI
19 Mai 2025,Développeur JAVA Spring Boot - Micro services,https://www.jobinfocamer.com/job/41769/developpeur-java-spring-boot-micro-services-a-universal-software,Universal Software,Douala,CDI
06 Mai 2025,Développeur Mobile Natif Junior,https://www.jobinfocamer.com/job/40874/developpeur-mobile-natif-junior-a-mk-ba,MK BA,Douala,STAGE
01 Mai 2025,DÉVELOPPEUR FULL STACK,https://www.jobinfocamer.com/job/40857/developpeur-full-stack-a-areko-group,AREKO GROUP,Douala,CDI
01 Mai 2025,DATA ANALYST SENIOR (Expert Power BI),https://www.jobinfocamer.com/job/40856/data-analyst-senior-expert-power-bi--a-areko-group,AREKO GROUP,Douala,CDI
01 Mai 2025,ADMINISTRATEUR SYSTEMES et RESEAUX,https://www.jobinfocamer.com/job/40854/administrateur-systemes-et-reseaux-a-areko-group,AREKO GROUP,Douala,CDI
29 Avril 2025,Développeur Frontend REACT,https://www.jobinfocamer.com/job/40841/developpeur-frontend-react-a-credix-cm-sa,CREDIX CM SA,Yaoundé,CDI
18 Avril 2025,Responsable de Pôle Technologie et sécurité,https://www.jobinfocamer.com/job/40799/responsable-de-pole-technologie-et-securite-a-entreprise-de-la-place,Entreprise de la place,Yaoundé,CDI
17 Avril 2025,Développeur Junior,https://www.jobinfocamer.com/job/40792/developpeur-junior-a-kom-bizness,KOM BIZNESS,Yaoundé,STAGE
12 Avril 2025,Développeur Logiciel,https://www.jobinfocamer.com/job/40780/developpeur-logiciel-a-2beintech,2BeinTech,Douala,CDI
31 Mars 2025,Développeur Web et Mobile,https://www.jobinfocamer.com/job/40716/developpeur-web-et-mobile-a-universal-software,UNIVERSAL SOFTWARE,Yaoundé,CDI
07 Mars 2025,Spécialiste Google Ads,https://www.jobinfocamer.com/job/40616/specialiste-google-ads-a-engie-soft-sarl,Engie Soft SARL,Douala,CDI
07 Mars 2025,Développeur Sénior,https://www.jobinfocamer.com/job/40615/developpeur-senior-a-mobility-cloud,Mobility Cloud,Yaoundé,CDD
07 Mars 2025,DevOps/Expérimenté,https://www.jobinfocamer.com/job/40614/devops-experimente-a-mobility-cloud,Mobility Cloud,Yaoundé,CDD
25 Février 2025,"Product Owner, Business Analyst and Designer.",https://www.jobinfocamer.com/job/40563/product-owner-business-analyst-and-designer--a-utecq,UTECQ,Yaoundé,STAGE
25 Février 2025,Administrateur Systèmes et DevOps Cloud,https://www.jobinfocamer.com/job/40561/administrateur-systemes-et-devops-cloud-a-e-same,e-SAME,Douala,CDI
21 Février 2025,MAINTENANCE Informatique,https://www.jobinfocamer.com/job/40547/maintenance-informatique-a-rbs-holdings-sarl,RBS HOLDINGS SARL,Douala,STAGE
20 Février 2025,DevOps et Développeur Mobile,https://www.jobinfocamer.com/job/40530/devops-et-developpeur-mobile-a-ads-ltd,ADS LTD,Douala,STAGE
19 Février 2025,Automatisation des tests logiciels,https://www.jobinfocamer.com/job/40526/automatisation-des-tests-logiciels-a-mobility-cloud,Mobility Cloud,Yaoundé,STAGE
17 Février 2025,INFORMATICIEN PROGRAMMEUR,https://www.jobinfocamer.com/job/40516/informaticien-programmeur-a-entreprise-de-la-place,Entreprise de la place,Yaoundé,CDD
15 Février 2025,Développeur Full Stack,https://www.jobinfocamer.com/job/40503/developpeur-full-stack-a-big-data-solution,Big Data Solution,Yaoundé,CDI
13 Février 2025,DATA BASE LEAD,https://www.jobinfocamer.com/job/40495/data-base-lead-a-men-builder,MEN BUILDER,Douala,CDI
09 Février 2025,Développeur web,https://www.jobinfocamer.com/job/40478/developpeur-web-a-donsyl,DONSYL,Yaoundé,CDI
07 Février 2025,Assistants IT Consulting,https://www.jobinfocamer.com/job/40471/assistants-it-consulting-a-mazars-cameroun-sa,Mazars Cameroun SA,Douala,STAGE
02 Février 2025,Website and SEO Intern,https://www.jobinfocamer.com/job/40438/website-and-seo-intern-a-preggy-cameroon,Preggy Cameroon,Bafoussam,STAGE
29 Janvier 2025,Développeur web Laravel pro,https://www.jobinfocamer.com/job/40409/developpeur-web-laravel-pro-a-entreprise-de-la-place,Entreprise de la place,Douala,CDD
27 Janvier 2025,INFORMATICIEN,https://www.jobinfocamer.com/job/40396/informaticien-a-emi-money,EMI MONEY,Yaoundé,CDD
23 Janvier 2025,Analyste Programmeur,https://www.jobinfocamer.com/job/40371/analyste-programmeur-a-expert3dev-sarl,Expert3dev SARL,Yaoundé,CDI
09 Janvier 2025,Assistant.e Suivi Evaluation,https://www.jobinfocamer.com/job/40320/assistant-e-suivi-evaluation-a-la-croix-rouge-camerounaise-et-la-croix-rouge-francaise,La Croix-Rouge camerounaise et la Croix-Rouge française,Batouri - Région de l'Est Cameroun,CDD
09 Janvier 2025,Développeur Full Stack,https://www.jobinfocamer.com/job/40313/developpeur-full-stack-a-entreprise-de-la-place,Entreprise de la place,Douala,CDI
02 Janvier 2025,Technicien Informatique,https://www.jobinfocamer.com/job/40274/technicien-informatique-a-ncl-unlimited-sarl,NCL Unlimited SARL,Yaoundé,CDD
02 Janvier 2025,Développeur web,https://www.jobinfocamer.com/job/40272/developpeur-web-a-esoaf,ESOAF,Yaoundé,STAGE
26 Décembre 2024,Développeur Fullstack,https://www.jobinfocamer.com/job/40250/developpeur-fullstack-a-uniresa-sarl,Uniresa Sarl,Yaoundé,CDI
18 Décembre 2024,Informaticien,https://www.jobinfocamer.com/job/40217/informaticien-a-entreprise-de-la-place,Entreprise de la place,Yaoundé,CDI
29 Novembre 2024,Développeur Web et Mobile,https://www.jobinfocamer.com/job/40156/developpeur-web-et-mobile-a-ads-ltd,ADS LTD,Douala,STAGE
26 Novembre 2024,Développeur Fullstack,https://www.jobinfocamer.com/job/40140/developpeur-fullstack-a-omamori-sarl,OMAMORI SARL,Yaoundé,STAGE
22 Novembre 2024,Consultant en Web Development et Web Marketing,https://www.jobinfocamer.com/job/40125/consultant-en-web-development-et-web-marketing-a-handling-and-transport,Handling and Transport,Yaoundé,CDD
19 Novembre 2024,IT SPECIALIST,https://www.jobinfocamer.com/job/40095/it-specialist-a-homepro-cameroon-limited,HOMEPRO CAMEROON LIMITED,Douala,CDD
14 Novembre 2024,Data Analyst,https://www.jobinfocamer.com/job/40082/data-analyst-a-areko-group,AREKO GROUP,Douala,CDI
14 Novembre 2024,Technicien Réseau,https://www.jobinfocamer.com/job/40080/technicien-reseau-a-twingo-sarl,Twingo SARL,Yaoundé,STAGE
08 Novembre 2024,Développeur Backend,https://www.jobinfocamer.com/job/40058/developpeur-backend-a-ste-concept-sarl,STE CONCEPT SARL,Douala,CDD
06 Novembre 2024,Technicien en Maintenance informatique,https://www.jobinfocamer.com/job/40043/technicien-en-maintenance-informatique-a-pme,PME,Douala,CDI
01 Novembre 2024,Stagiaire Informatique,https://www.jobinfocamer.com/job/40030/stagiaire-informatique-a-helen-keller-international-cameroun,Helen Keller International Cameroun,Yaoundé,STAGE
29 Octobre 2024,Chef de Projet E-Commerce,https://www.jobinfocamer.com/job/40006/chef-de-projet-e-commerce-a-areko-group,AREKO GROUP,Douala,CDI
29 Octobre 2024,Chef de Projet Sénior,https://www.jobinfocamer.com/job/40004/chef-de-projet-senior-a-areko-group,AREKO GROUP,Douala,CDI
28 Octobre 2024,Analyste de données,https://www.jobinfocamer.com/job/39994/analyste-de-donnees-a-world-wide-international-business,World Wide International Business,Douala,CDI
28 Octobre 2024,Développeur Full Stack,https://www.jobinfocamer.com/job/39987/developpeur-full-stack-a-big-data-solution,Big Data Solution,Yaoundé,CDI
22 Octobre 2024,Responsable Bureau des projets,https://www.jobinfocamer.com/job/39960/responsable-bureau-des-projets-a-itgstore,ITGSTORE,Douala,CDI
18 Octobre 2024,Assistant(e) Informatique,https://www.jobinfocamer.com/job/39939/assistant-e-informatique-a-high-security-company,HIGH SECURITY COMPANY,Douala,CDI
17 Octobre 2024,Développeur fullstack,https://www.jobinfocamer.com/job/39918/developpeur-fullstack-a-gvs-services,GVS-SERVICES,Yaoundé,CDD
16 Octobre 2024,SEO Specialist,https://www.jobinfocamer.com/job/39908/seo-specialist-a-ekiti-africa,Ekiti Africa,Douala,CDI
02 Octobre 2024,Développeur Web,https://www.jobinfocamer.com/job/39845/developpeur-web-a-entreprise-de-la-place,Entreprise de la place,Douala,CDD
02 Octobre 2024,Responsable IT,https://www.jobinfocamer.com/job/39840/responsable-it-a-adex-cameroun,ADEX CAMEROUN,Douala,CDI
01 Octobre 2024,Technicien en Maintenance Informatique,https://www.jobinfocamer.com/job/39836/technicien-en-maintenance-informatique-a-marketmyx,Marketmyx,Douala,CDI
01 Octobre 2024,INFORMATICIEN,https://www.jobinfocamer.com/job/39835/informaticien-a-entreprise-de-la-place,Entreprise de la place,Douala,STAGE
27 Septembre 2024,DATA ANALYST,https://www.jobinfocamer.com/job/39822/data-analyst-a-seahorse,SEAHORSE,Yaoundé,CDI
22 Septembre 2024,Développeur Senior React.js,https://www.jobinfocamer.com/job/39779/developpeur-senior-react-js-a-tootree-sarl,Tootree SARL,Douala,CDD
20 Septembre 2024,IT specialist,https://www.jobinfocamer.com/job/39775/it-specialist-a-crihss-foundation,CRIHSS FOUNDATION,Yaoundé,CDD
19 Septembre 2024,Data Analyst,https://www.jobinfocamer.com/job/39763/data-analyst-a-entreprise-de-la-place,Entreprise de la place,Yaoundé,STAGE
16 Septembre 2024,Développeur Fullstack,https://www.jobinfocamer.com/job/39749/developpeur-fullstack-a-big-data-solution,Big Data Solution,Yaoundé,STAGE
04 Septembre 2024,SOFTWARE DEVELOPER,https://www.jobinfocamer.com/job/39686/software-developer-a-unics-plc-microfinance-institution,UNICS Plc. Microfinance Institution,Yaoundé,CDI
02 Septembre 2024,Stagiaire Professionnel Data analyst,https://www.jobinfocamer.com/job/39675/stagiaire-professionnel-data-analyst-a-groupe-arno,GROUPE ARNO,Douala,STAGE
30 Août 2024,Project Manager/Business Analyst,https://www.jobinfocamer.com/job/39663/project-manager-business-analyst-a-kola-group,KOLA GROUP,Douala,CDI
26 Août 2024,DÉVELOPPEUR SHOPIFY,https://www.jobinfocamer.com/job/39644/developpeur-shopify-a-world-wide-international-business,World Wide International Business,Douala,CDI
24 Août 2024,Angular/NodeJS Internship Software engineering,https://www.jobinfocamer.com/job/39633/angular-nodejs-internship-software-engineering-a-en-solutions,EN Solutions,Remote,STAGE
13 Août 2024,Développeur Web,https://www.jobinfocamer.com/job/39578/developpeur-web-a-entreprise-de-la-place,Entreprise de la place,Douala,CDI
07 Août 2024,Développeur Full Stack,https://www.jobinfocamer.com/job/39553/developpeur-full-stack-a-big-data-solution,Big Data Solution,Douala,STAGE
05 Août 2024,CHEF PROJET ODOO,https://www.jobinfocamer.com/job/39541/chef-projet-odoo-a-groupe-arno,GROUPE ARNO,Douala,CDD
04 Août 2024,Software Engineer,https://www.jobinfocamer.com/job/39536/software-engineer-a-karibu-capital,Karibu Capital,remote,STAGE
04 Août 2024,Développeur Java/Kafka,https://www.jobinfocamer.com/job/39532/developpeur-java-kafka-a-entreprise-de-la-place,Entreprise de la place,Douala,CDI
24 Juillet 2024,Tech Leader Confirmé,https://www.jobinfocamer.com/job/39476/tech-leader-confirme-a-indyli-services,INDYLI-SERVICES,Douala,CDI
12 Juillet 2024,IT,https://www.jobinfocamer.com/job/39405/it-a-solutions-rh-emploi-sarl,SOLUTIONS RH+ EMPLOI SARL,Douala,STAGE
09 Juillet 2024,Data Manager,https://www.jobinfocamer.com/job/39376/data-manager-a-la-croix-rouge-camerounaise-et-la-croix-rouge-francaise,La Croix-Rouge camerounaise et la Croix-Rouge française,Kousséri - Région de l'Extrême-Nord,CDD
08 Juillet 2024,Développeur Web,https://www.jobinfocamer.com/job/39374/developpeur-web-a-ads-ltd,ADS LTD,Douala,STAGE
25 Juin 2024,Chef de projet,https://www.jobinfocamer.com/job/39328/chef-de-projet-a-2beintech,2BeinTech,Douala,CDI
23 Juin 2024,DevOps Junior,https://www.jobinfocamer.com/job/39315/devops-junior-a-twingo-sarl,Twingo SARL,Yaoundé,STAGE
18 Juin 2024,Technology Manager,https://www.jobinfocamer.com/job/39278/technology-manager-a-maclain-associes,Maclain & Associés,Douala,CDI
06 Juin 2024,DÉVELOPPEUR WEB PHP5  FRONT ET BACK/DEVOPS,https://www.jobinfocamer.com/job/39215/developpeur-web-php5-front-et-back-devops-a-success-consults,SUCCESS CONSULTS,Yaoundé,CDD
02 Juin 2024,Développeur Web Front-End,https://www.jobinfocamer.com/job/39197/developpeur-web-front-end-a-twingo-sarl,Twingo SARL,Yaoundé,STAGE
30 Mai 2024,TECHNICIAN,https://www.jobinfocamer.com/job/39181/technician-a-carlcare-sarl,Carlcare Sarl,Douala,CDI
29 Mai 2024,Responsable IT,https://www.jobinfocamer.com/job/39175/responsable-it-a-wafacash-central-africa,WAFACASH CENTRAL AFRICA,Douala,CDI
29 Mai 2024,Data Engineer,https://www.jobinfocamer.com/job/39172/data-engineer-a-paysika,PaySika,Douala,CDD
27 Mai 2024,Développeur Frontend (Vue.js ou React.js),https://www.jobinfocamer.com/job/39154/developpeur-frontend-vue-js-ou-react-js--a-lmt-group,LMT Group,Yaoundé,CDD
27 Mai 2024,Développeur Backend Node.js,https://www.jobinfocamer.com/job/39153/developpeur-backend-node-js-a-lmt-group,LMT Group,Yaoundé,CDD
27 Mai 2024,UX/UI Designer,https://www.jobinfocamer.com/job/39152/ux-ui-designer-a-lmt-group,LMT Group,Yaoundé,CDD
26 Mai 2024,DÉVELOPPEUR WEB FULLSTACK,https://www.jobinfocamer.com/job/39147/developpeur-web-fullstack-a-mk-wbc,MK WBC,Douala,CDD
26 Mai 2024,"ADMINISTRATEUR SYSTÈME, RÉSEAU ET APPLICATIONS",https://www.jobinfocamer.com/job/39146/administrateur-systeme-reseau-et-applications-a-mk-ba,MK BA,Douala,CDD
25 Mai 2024,INGÉNIEUR MICROSOFT POWER PLATFORM,https://www.jobinfocamer.com/job/39144/ingenieur-microsoft-power-platform-a-valione,VALIONE,Yaoundé,CDI
24 Mai 2024,Testeur logiciel,https://www.jobinfocamer.com/job/39139/testeur-logiciel-a-kozao-africa,Kozao Africa,Douala,STAGE
24 Mai 2024,Développeur web Java EE,https://www.jobinfocamer.com/job/39138/developpeur-web-java-ee-a-kozao-africa,Kozao Africa,Douala,STAGE
15 Mai 2024,IT Lecturer,https://www.jobinfocamer.com/job/39086/it-lecturer-a-ict-university-cameroon,ICT UNIVERSITY CAMEROON,Yaoundé,CDI
05 Mai 2024,Développeur Full Stack,https://www.jobinfocamer.com/job/39043/developpeur-full-stack-a-entreprise-de-la-place,Entreprise de la place,Douala,CDI
18 Avril 2024,Développeur web/mobile stagiaire,https://www.jobinfocamer.com/job/38945/developpeur-web-mobile-stagiaire-a-kola-group,KOLA GROUP,Douala,STAGE
09 Avril 2024,Test Engineer,https://www.jobinfocamer.com/job/38906/test-engineer-a-transsion-holdings,TRANSSION HOLDINGS,Douala,CDI
08 Avril 2024,Technicien Réseau,https://www.jobinfocamer.com/job/38900/technicien-reseau-a-twingo-sarl,Twingo SARL,Yaoundé,STAGE
03 Avril 2024,Développeur Fullstack,https://www.jobinfocamer.com/job/38880/developpeur-fullstack-a-inter-it-services,INTER-IT SERVICES,Yaoundé,CDD
28 Mars 2024,DÉVELOPPEUR/CONCEPTEUR APPLICATION MOBILE,https://www.jobinfocamer.com/job/38864/developpeur-concepteur-application-mobile-a-leckpa-group,LECKPA GROUP,Yaoundé,STAGE
27 Mars 2024,Développeur web,https://www.jobinfocamer.com/job/38859/developpeur-web-a-startpoint,StartPoint,Yaoundé,CDI
24 Mars 2024,Développeur Logiciel,https://www.jobinfocamer.com/job/38835/developpeur-logiciel-a-entreprise-de-la-place,Entreprise de la place,Yaoundé,STAGE
23 Mars 2024,Développeur Senior Frontend,https://www.jobinfocamer.com/job/38823/developpeur-senior-frontend-a-securtrack,SECURTRACK,Douala,CDD
21 Mars 2024,Web Designer,https://www.jobinfocamer.com/job/38811/web-designer-a-entreprise-de-la-place,Entreprise de la place,Douala,CDI
21 Mars 2024,IT Intern,https://www.jobinfocamer.com/job/38809/it-intern-a-utecq,UTECQ,Yaoundé,STAGE
18 Mars 2024,Responsable IT,https://www.jobinfocamer.com/job/38794/responsable-it-a-wafacash-central-africa,WAFACASH CENTRAL AFRICA,Douala,CDI
06 Mars 2024,Formateur(trice) en Robotique et IA,https://www.jobinfocamer.com/job/38728/formateur-trice-en-robotique-et-ia-a-kola-group,KOLA GROUP,Douala,STAGE
02 Mars 2024,Responsable application,https://www.jobinfocamer.com/job/38720/responsable-application-a-startimes-media-cameroun,StarTimes Média Cameroun,Douala,CDD
01 Mars 2024,Product Material Control Executive,https://www.jobinfocamer.com/job/38717/product-material-control-executive-a-carlcare-sarl,Carlcare Sarl,Douala,CDI
01 Mars 2024,INTÉGRATEURS ERP ODOO,https://www.jobinfocamer.com/job/38711/integrateurs-erp-odoo-a-entreprise-de-la-place,Entreprise de la place,Douala,CDD
18 Janvier 2024,Gestionnaire des opérations,https://www.jobinfocamer.com/job/38360/gestionnaire-des-operations-a-davca-sarl,Davca sarl,Yaoundé,CDI
15 Janvier 2024,RESPONSABLE TECHNIQUE,https://www.jobinfocamer.com/job/38348/responsable-technique-a-entreprise-de-la-place,Entreprise de la place,Yaoundé,CDI
08 Janvier 2024,Développeur(se) Backend Java,https://www.jobinfocamer.com/job/38301/developpeur-se-backend-java-a-i-tech-sarl,I-TECH SARL,Douala,CDI
08 Janvier 2024,Développeur PHP,https://www.jobinfocamer.com/job/38289/developpeur-php-a-universal-software,UNIVERSAL SOFTWARE,Yaoundé,CDD
04 Janvier 2024,ANALYSTE-PROGRAMMEUR,https://www.jobinfocamer.com/job/38272/analyste-programmeur-a-entreprise-de-la-place,Entreprise de la place,Douala,CDD
28 Décembre 2023,Développeur Informatique,https://www.jobinfocamer.com/job/38223/developpeur-informatique-a-ads-ltd,ADS LTD,Douala,STAGE
20 Décembre 2023,Chef de Projet,https://www.jobinfocamer.com/job/38186/chef-de-projet-a-2beintech,2BeinTech,Douala,CDI
18 Décembre 2023,Développeur Full Stack,https://www.jobinfocamer.com/job/38169/developpeur-full-stack-a-2beintech,2BeinTech,Douala,CDI
13 Décembre 2023,Développeur web et mobile,https://www.jobinfocamer.com/job/38156/developpeur-web-et-mobile-a-waritis,Waritis,Yaoundé,CDI
03 Décembre 2023,Développeur web et mobile,https://www.jobinfocamer.com/job/38088/developpeur-web-et-mobile-a-universal-software,UNIVERSAL SOFTWARE,Douala,CDD
30 Novembre 2023,Développeur BackEnd,https://www.jobinfocamer.com/job/38061/developpeur-backend-a-boost-compagny,BOOST COMPAGNY,Yaoundé,CDD
21 Novembre 2023,Développeur Web Fullstack,https://www.jobinfocamer.com/job/38018/developpeur-web-fullstack-a-tradingpool-sarl,TRADINGPOOL SARL,Douala,CDI
14 Novembre 2023,Développeur Windev,https://www.jobinfocamer.com/job/37984/developpeur-windev-a-cgi-sarl,CGI SARL,Douala,CDI
09 Novembre 2023,Intelligence Artificielle,https://www.jobinfocamer.com/job/37931/intelligence-artificielle-a-wekhi-inc-,Wekhi Inc.,Douala,STAGE
31 Octobre 2023,Data Analyst,https://www.jobinfocamer.com/job/37885/data-analyst-a-nestle-foods,Nestlé Foods,Douala,CDI
30 Octobre 2023,Spécialiste en Référencement Web,https://www.jobinfocamer.com/job/37860/specialiste-en-referencement-web-a-imw,IMW,Yaoundé,CDI
18 Octobre 2023,Développeur Full Stack,https://www.jobinfocamer.com/job/37804/developpeur-full-stack-a-y-note-sarl,Y-NOTE Sarl,Yaoundé,STAGE
18 Octobre 2023,DÉVELOPPEUR WEB,https://www.jobinfocamer.com/job/37800/developpeur-web-a-mk-ba,MK BA,Douala,CDD
13 Octobre 2023,DÉVELOPPEUR ODOO FULLSTACK,https://www.jobinfocamer.com/job/37780/developpeur-odoo-fullstack-a-success-consults,SUCCESS CONSULTS,Yaoundé,CDI
13 Octobre 2023,Responsable Sécurité Informatique,https://www.jobinfocamer.com/job/37778/responsable-securite-informatique-a-wafacash-central-africa,WAFACASH CENTRAL AFRICA,Douala,CDI
09 Octobre 2023,DÉVELOPPEUR PHP/LARAVEL,https://www.jobinfocamer.com/job/37740/developpeur-php-laravel-a-ilink-world-corporation,iLink World Corporation,Douala,STAGE
09 Octobre 2023,DÉVELOPPEUR REACT-NATIVE,https://www.jobinfocamer.com/job/37739/developpeur-react-native-a-ilink-world-corporation,iLink World Corporation,Douala,STAGE
09 Octobre 2023,Développeur SAP,https://www.jobinfocamer.com/job/37738/developpeur-sap-a-veotys-sarl,VEOTYS SARL,Douala,STAGE
04 Octobre 2023,ASSISTANT IT,https://www.jobinfocamer.com/job/37719/assistant-it-a-homepro-cameroon-limited,HOMEPRO CAMEROON LIMITED,Douala,CDD
27 Septembre 2023,Développeur Freelance,https://www.jobinfocamer.com/job/37672/developpeur-freelance-a-hygironde,Hygironde,Douala,CDI
22 Septembre 2023,INFORMATICIEN,https://www.jobinfocamer.com/job/37644/informaticien-a-davca-sarl,DAVCA SARL,Yaoundé,CDI
21 Septembre 2023,Développeur Backend PHP,https://www.jobinfocamer.com/job/37638/developpeur-backend-php-a-twingo-sarl,Twingo SARL,Yaoundé,CDD
21 Septembre 2023,Testeur/Testeuse logiciel informatique,https://www.jobinfocamer.com/job/37635/testeur-testeuse-logiciel-informatique-a-kozao-africa,Kozao Africa,Douala,CDI
07 Septembre 2023,Développeur Web,https://www.jobinfocamer.com/job/37515/developpeur-web-a-startpoint,StartPoint,Yaoundé,CDI
05 Septembre 2023,Data Engineer,https://www.jobinfocamer.com/job/37488/data-engineer-a-ikwen-sarl,IKWEN SARL,Yaoundé,CDD
05 Septembre 2023,Informaticien - Développeur,https://www.jobinfocamer.com/job/37486/informaticien-developpeur-a-vicky-k-consulting,Vicky K Consulting,Douala,CDI
03 Septembre 2023,Développeur Full Stack Java Angular,https://www.jobinfocamer.com/job/37474/developpeur-full-stack-java-angular-a-entreprise-de-la-place,Entreprise de la place,Douala,CDD
31 Août 2023,Développeur Fullstack,https://www.jobinfocamer.com/job/37459/developpeur-fullstack-a-big-data-solution,Big Data Solution,Yaoundé,CDI
30 Août 2023,Technicien en réseaux et télécom,https://www.jobinfocamer.com/job/37455/technicien-en-reseaux-et-telecom-a-imagine-plus-ltd,IMAGINE PLUS LTD,Yaoundé,CDD
29 Août 2023,Ingénieur informatique,https://www.jobinfocamer.com/job/37445/ingenieur-informatique-a-archipel,ARCHIPEL,Douala,STAGE
18 Août 2023,Data scientist IA NLP,https://www.jobinfocamer.com/job/37369/data-scientist-ia-nlp-a-big-data-solution,Big Data Solution,Yaoundé,STAGE
13 Août 2023,Enseignants associés,https://www.jobinfocamer.com/job/37329/enseignants-associes-a-paris-formations,PARIS FORMATIONS,"Douala, Yaoundé, Bafoussam",CDI
31 Juillet 2023,Développeur ODOO,https://www.jobinfocamer.com/job/37248/developpeur-odoo-a-success-consults,SUCCESS CONSULTS,Douala,CDI
19 Juillet 2023,ADMINISTRATEUR BASE DE DONNEES,https://www.jobinfocamer.com/job/37137/administrateur-base-de-donnees-a-focep-sa,FOCEP SA,Yaoundé,CDI
12 Juillet 2023,Développeur Web /Mobile,https://www.jobinfocamer.com/job/37090/developpeur-web-mobile-a-donsyl,DONSYL,Yaoundé,CDI
10 Juillet 2023,Développeur Web,https://www.jobinfocamer.com/job/37061/developpeur-web-a-twingo-sarl,Twingo Sarl,Yaoundé,STAGE
07 Juillet 2023,Développeur OpenStack,https://www.jobinfocamer.com/job/37048/developpeur-openstack-a-hosting-and-security-services,Hosting and Security Services,Douala,CDI
07 Juillet 2023,Développeur Web,https://www.jobinfocamer.com/job/37046/developpeur-web-a-utecq,UTECQ,Yaoundé,STAGE
06 Juillet 2023,Ingénieur d'étude et développement Java,https://www.jobinfocamer.com/job/37038/ingenieur-d-etude-et-developpement-java-a-ditranov,DITRANOV,Yaoundé,CDI
03 Juillet 2023,Développeur Web,https://www.jobinfocamer.com/job/37016/developpeur-web-a-ibloomb,Ibloomb,Douala,CDI
30 Juin 2023,UI/UX WebDesigner,https://www.jobinfocamer.com/job/37005/ui-ux-webdesigner-a-engie-soft-sarl,Engie Soft SARL,Douala,CDI
30 Juin 2023,DÉVELOPPEUR ANGULAR,https://www.jobinfocamer.com/job/37004/developpeur-angular-a-mg-softwares,MG Softwares,Partout,STAGE
27 Juin 2023,INFORMATICIEN ET COMMERCIAL,https://www.jobinfocamer.com/job/36991/informaticien-et-commercial-a-entreprise-de-la-place,Entreprise de la place,Douala,CDI
24 Juin 2023,Service Desk Delivery Supervisor,https://www.jobinfocamer.com/job/36969/service-desk-delivery-supervisor-a-issm,ISSM,Douala,CDD
23 Juin 2023,IT INFRASTRUCTURE ENGINEER,https://www.jobinfocamer.com/job/36967/it-infrastructure-engineer-a-pan-african-savings-loans-cameroun-s-a,PAN AFRICAN SAVINGS & LOANS CAMEROUN S.A,Douala,CDI
18 Juin 2023,RESPONSABLE IT,https://www.jobinfocamer.com/job/36912/responsable-it-a-paris-formations,PARIS FORMATIONS,Douala,CDI
15 Juin 2023,Développeur Junior Java,https://www.jobinfocamer.com/job/36898/developpeur-junior-java-a-new-generation-consulting,NEW GENERATION CONSULTING,Douala,CDD
10 Juin 2023,Senior Fullstack Developer,https://www.jobinfocamer.com/job/36863/senior-fullstack-developer-a-eternal-company-limited,Eternal Company Limited,Douala,CDI
09 Juin 2023,Développeur .net Full stack,https://www.jobinfocamer.com/job/36858/developpeur-net-full-stack-a-institute-of-professional-excellence,INSTITUTE OF PROFESSIONAL EXCELLENCE,Douala,CDI
07 Juin 2023,DEVELOPPEURS WEB- Front PHP,https://www.jobinfocamer.com/job/36849/developpeurs-web-front-php-a-success-consults,SUCCESS CONSULTS,Douala,CDI
06 Juin 2023,Junior Software Engineer,https://www.jobinfocamer.com/job/36846/junior-software-engineer-a-adipster-tech-limited,Adipster Tech Limited,Yaoundé,CDI
06 Juin 2023,Technicien Réseau,https://www.jobinfocamer.com/job/36844/technicien-reseau-a-twingo-sarl,Twingo SARL,Yaoundé,STAGE
05 Juin 2023,Consultant SAP HCM,https://www.jobinfocamer.com/job/36836/consultant-sap-hcm-a-ibn-group,IBN GROUP,Yaoundé,STAGE
30 Mai 2023,Consultant SAP FICO/PP,https://www.jobinfocamer.com/job/36802/consultant-sap-fico-pp-a-ibn-group,IBN GROUP,Yaoundé,STAGE
17 Mai 2023,Stagiaire en informatique,https://www.jobinfocamer.com/job/36713/stagiaire-en-informatique-a-code-for-change,Code For Change,Yaoundé,STAGE
15 Mai 2023,Développeur web,https://www.jobinfocamer.com/job/36693/developpeur-web-a-esoaf,ESOAF,Yaoundé,STAGE
15 Mai 2023,React Native Mobile Developer,https://www.jobinfocamer.com/job/36691/react-native-mobile-developer-a-leratel-sas,Leratel SAS,Yaoundé,CDI
15 Mai 2023,INGENIEUR TELECOM,https://www.jobinfocamer.com/job/36689/ingenieur-telecom-a-entreprise-de-la-place,Entreprise de la place,Douala,CDD
10 Mai 2023,Analyste développeur,https://www.jobinfocamer.com/job/36649/analyste-developpeur-a-uni2grow-cameroun-sarl,Uni2grow Cameroun SARL,Dschang,CDI
09 Mai 2023,INFORMATICIENS,https://www.jobinfocamer.com/job/36645/informaticiens-a-instant-transfer,INSTANT TRANSFER,Yaoundé,CDI
02 Mai 2023,Software Engineer,https://www.jobinfocamer.com/job/36582/software-engineer-a-adipster-tech-limited,Adipster Tech Limited,Yaoundé,CDI
02 Mai 2023,Ingénieur Logiciel,https://www.jobinfocamer.com/job/36581/ingenieur-logiciel-a-adipster-tech-limited,Adipster Tech Limited,Yaoundé,CDI
28 Avril 2023,Développeur web full stack,https://www.jobinfocamer.com/job/36568/developpeur-web-full-stack-a-jobaas-sarl,Jobaas sarl,Yaoundé,CDI
19 Avril 2023,ASSISTANT(E) OFFRES ET PROJETS,https://www.jobinfocamer.com/job/36517/assistant-e-offres-et-projets-a-mk-ba,MK BA,Douala,STAGE
17 Avril 2023,Développeur logiciels,https://www.jobinfocamer.com/job/36504/developpeur-logiciels-a-entreprise-de-la-place,Entreprise de la place,Douala,CDD
11 Avril 2023,Webmaster Volunteer,https://www.jobinfocamer.com/job/36461/webmaster-volunteer-a-stem-ignite,STEM Ignite,Yaoundé,STAGE
06 Avril 2023,Développeur Web Fullstack PHP/Laravel,https://www.jobinfocamer.com/job/36441/developpeur-web-fullstack-php-laravel-a-leratel-sas,Leratel SAS,Yaoundé,CDD
06 Avril 2023,Développeur Logiciel,https://www.jobinfocamer.com/job/36438/developpeur-logiciel-a-ebos-technologies,eBOS Technologies,"Nicosia, Chypre",CDI
06 Avril 2023,Software Developer,https://www.jobinfocamer.com/job/36437/software-developer-a-ebos-technologies,eBOS Technologies,"Nicosia, Chypre",CDI
06 Avril 2023,Ingénieur en sécurité informatique,https://www.jobinfocamer.com/job/36435/ingenieur-en-securite-informatique-a-arc-sa,ARC SA,Douala,STAGE
28 Mars 2023,Web Development,https://www.jobinfocamer.com/job/36373/web-development-a-electram-engineering,Electram Engineering,Yaoundé,STAGE
28 Mars 2023,Ingénieur CRM et BSS,https://www.jobinfocamer.com/job/36370/ingenieur-crm-et-bss-a-entreprise-de-la-place,Entreprise de la place,Yaoundé,CDI
24 Mars 2023,Lead Technique,https://www.jobinfocamer.com/job/36341/lead-technique-a-kimpa,Kimpa,Douala,CDI
24 Mars 2023,Web Developer,https://www.jobinfocamer.com/job/36335/web-developer-a-entreprise-de-la-place,Entreprise de la place,Douala,CDI
22 Mars 2023,WEB DESIGNER JUNIOR,https://www.jobinfocamer.com/job/36305/web-designer-junior-a-success-consults,SUCCESS CONSULTS,Douala,CDI
21 Mars 2023,Développeurs,https://www.jobinfocamer.com/job/36288/developpeurs-a-y-note-sarl,Y-NOTE Sarl,Yaoundé,STAGE
16 Mars 2023,DEVELOPPEUR FullStack SENIOR,https://www.jobinfocamer.com/job/36252/developpeur-fullstack-senior-a-entreprise-de-la-place,Entreprise de la place,Douala,CDI
08 Mars 2023,Full Stack Mobile Developer,https://www.jobinfocamer.com/job/36183/full-stack-mobile-developer-a-felicity-co-ltd,Felicity Co. Ltd,Douala,CDD
06 Mars 2023,Ingénieur CRM et BSS,https://www.jobinfocamer.com/job/36162/ingenieur-crm-et-bss-a-entreprise-de-la-place,Entreprise de la place,Yaoundé,CDI
02 Mars 2023,Administrateur de base de données,https://www.jobinfocamer.com/job/36141/administrateur-de-base-de-donnees-a-aure-rh,AURE RH,Douala,CDI
27 Février 2023,BUSINESS DATA ANALYST,https://www.jobinfocamer.com/job/36104/business-data-analyst-a-remotecm,RemoteCM,Yaoundé,CDI
27 Février 2023,Informaticien Développeur,https://www.jobinfocamer.com/job/36090/informaticien-developpeur-a-cgi-sarl,CGI SARL,Douala,CDI
24 Février 2023,INFORMATICIEN DÉVELOPPEUR APPLICATION,https://www.jobinfocamer.com/job/36079/informaticien-developpeur-application-a-mbs,MBS,Yaoundé,CDI
23 Février 2023,TECH LEADER,https://www.jobinfocamer.com/job/36048/tech-leader-a-indyli-services,INDYLI-SERVICES,Douala,CDI
21 Février 2023,"Electricité, Réseaux informatique et VoIP",https://www.jobinfocamer.com/job/36035/electricite-reseaux-informatique-et-voip-a-uts-cameroon-sarl,UTS Cameroon Sarl,Yaoundé,STAGE
17 Février 2023,Développeur web et mobile,https://www.jobinfocamer.com/job/36008/developpeur-web-et-mobile-a-afric-apps-digital-services-sarl,AFRIC'APPS DIGITAL SERVICES SARL,Yaoundé,CDD
17 Février 2023,DATA ANALYST,https://www.jobinfocamer.com/job/36004/data-analyst-a-duval-arno-distribution,DUVAL ARNO DISTRIBUTION,Douala,CDI
17 Février 2023,Chargé du développement informatique,https://www.jobinfocamer.com/job/36000/charge-du-developpement-informatique-a-dataoptime,DataOptime,Yaoundé,STAGE
16 Février 2023,HOTLINE/WAREHOUSE AGENT,https://www.jobinfocamer.com/job/35996/hotline-warehouse-agent-a-transsion-holdings,Transsion Holdings,Douala,CDI
16 Février 2023,Informaticien - Formateur,https://www.jobinfocamer.com/job/35995/informaticien-formateur-a-epfa-pro,EPFA PRO,Douala,CDI
14 Février 2023,Technical lead,https://www.jobinfocamer.com/job/35978/technical-lead-a-it-solutions-and-advisory-services-sarl,IT Solutions and Advisory Services SARL,Yaoundé,CDD
14 Février 2023,Développeur Application WEB,https://www.jobinfocamer.com/job/35975/developpeur-application-web-a-institute-of-professional-excellence,INSTITUTE OF PROFESSIONAL EXCELLENCE,Douala,CDI
08 Février 2023,Développeurs,https://www.jobinfocamer.com/job/35947/developpeurs-a-y-note-sarl,Y-NOTE Sarl,Yaoundé,STAGE
07 Février 2023,AUDITEUR INFORMATIQUE,https://www.jobinfocamer.com/job/35934/auditeur-informatique-a-sorepco-sa,SOREPCO SA,Douala,CDI
07 Février 2023,Server and System Administrator,https://www.jobinfocamer.com/job/35927/server-and-system-administrator-a-presprint-plc,PRESPRINT Plc,Limbe,CDI
07 Février 2023,NETWORK ADMINISTRATOR,https://www.jobinfocamer.com/job/35926/network-administrator-a-presprint-plc,PRESPRINT Plc,Limbe,CDI
06 Février 2023,Software Developer,https://www.jobinfocamer.com/job/35905/software-developer-a-presprint-plc,PRESPRINT Plc,Limbe,CDI
31 Janvier 2023,Développeur informatique,https://www.jobinfocamer.com/job/35853/developpeur-informatique-a-ads-ltd,ADS LTD,Douala,STAGE
30 Janvier 2023,Développeur mobile Flutter Junior,https://www.jobinfocamer.com/job/35851/developpeur-mobile-flutter-junior-a-engie-soft-sarl,Engie Soft SARL,Douala,CDI
27 Janvier 2023,Développeur web et mobile,https://www.jobinfocamer.com/job/35838/developpeur-web-et-mobile-a-ntas-services,NTAS SERVICES,Douala,CDI
27 Janvier 2023,DÉVELOPPEUR(S)E REACT-NATIVE,https://www.jobinfocamer.com/job/35827/developpeur-s-e-react-native-a-ilink-world-corporation,iLink World Corporation,Douala,STAGE
16 Janvier 2023,Développpeur Web,https://www.jobinfocamer.com/job/35698/developppeur-web-a-donsyl,DONSYL,Yaoundé,CDI
13 Janvier 2023,No-code Developer,https://www.jobinfocamer.com/job/35683/no-code-developer-a-entreprise-de-la-place,Entreprise de la place,Douala,CDI
11 Janvier 2023,"Administrateur système, réseau et applications",https://www.jobinfocamer.com/job/35646/administrateur-systeme-reseau-et-applications-a-nexah-sarl,Nexah Sarl,Douala,CDI
11 Janvier 2023,FORMATEUR/DEVELOPPEUR,https://www.jobinfocamer.com/job/35644/formateur-developpeur-a-indyli-services,INDYLI-SERVICES,Douala,CDD
04 Janvier 2023,Business Analyst,https://www.jobinfocamer.com/job/35586/business-analyst-a-sprint-pay,SPRINT-PAY,Yaoundé,CDD
04 Janvier 2023,Développeur Web,https://www.jobinfocamer.com/job/35583/developpeur-web-a-dnimas-creative,DNIMAS CREATIVE,Douala,CDI
22 Décembre 2022,Développeur JAVA,https://www.jobinfocamer.com/job/35525/developpeur-java-a-iplans-sa,IPLANS SA,Douala,CDI
22 Décembre 2022,Ingénieur Développeur MOBILE,https://www.jobinfocamer.com/job/35524/ingenieur-developpeur-mobile-a-iplans-sa,IPLANS SA,Douala,CDI
14 Décembre 2022,Développeur JAVA / Spring Boot / Micro services,https://www.jobinfocamer.com/job/35475/developpeur-java-spring-boot-micro-services-a-2si-inc,2si-inc,Douala,CDI
13 Décembre 2022,Développeur backend PHP/Laravel,https://www.jobinfocamer.com/job/35463/developpeur-backend-php-laravel-a-kamix-sarl,KAMIX SARL,Yaoundé,CDI
13 Décembre 2022,Senior Programs Associate Bilingual,https://www.jobinfocamer.com/job/35460/senior-programs-associate-bilingual-a-sun-king-cameroon,SUN KING CAMEROON,Douala,CDI
12 Décembre 2022,INFORMATICIEN,https://www.jobinfocamer.com/job/35451/informaticien-a-entreprise-de-la-place,Entreprise de la place,Douala,CDI
05 Décembre 2022,Ingénieur développeur front end Angular,https://www.jobinfocamer.com/job/35400/ingenieur-developpeur-front-end-angular-a-sprint-pay,SPRINT-PAY,Yaoundé,CDD
04 Décembre 2022,INFORMATICIEN DÉVELOPPEUR APPLICATION,https://www.jobinfocamer.com/job/35389/informaticien-developpeur-application-a-mbs,MBS,Yaoundé,CDI
03 Décembre 2022,Secrétaire bilingue,https://www.jobinfocamer.com/job/35378/secretaire-bilingue-a-teugnology-sarl,TEUGNOLOGY SARL,Yaoundé,CDD
01 Décembre 2022,Développeur d'application web Fullstack,https://www.jobinfocamer.com/job/35349/developpeur-d-application-web-fullstack-a-enix-sarl,ENIX SARL,Yaoundé,CDD
23 Novembre 2022,DÉVELOPPEUR WEB,https://www.jobinfocamer.com/job/35295/developpeur-web-a-danol-group,DANOL GROUP,Douala,STAGE
23 Novembre 2022,Développeurs mobile et web,https://www.jobinfocamer.com/job/35289/developpeurs-mobile-et-web-a-afric-apps-digital-services-sarl,Afric'Apps Digital Services Sarl,Yaoundé,STAGE
22 Novembre 2022,Développeur Software,https://www.jobinfocamer.com/job/35287/developpeur-software-a-davca-sarl,DAVCA SARL,Yaoundé,CDI
18 Novembre 2022,Directeur des systèmes d'information,https://www.jobinfocamer.com/job/35264/directeur-des-systemes-d-information-a-focep-sa,FOCEP SA,Yaoundé,CDI
16 Novembre 2022,Développeur Java Web,https://www.jobinfocamer.com/job/35242/developpeur-java-web-a-kozao-africa,Kozao Africa,Douala,CDI
15 Novembre 2022,Développeur web,https://www.jobinfocamer.com/job/35236/developpeur-web-a-entreprise-de-la-place,Entreprise de la place,Yaoundé,CDI
14 Novembre 2022,Ingénieur Intégrateur,https://www.jobinfocamer.com/job/35212/ingenieur-integrateur-a-iplans-sa,IPLANS SA,Douala,CDI
09 Novembre 2022,Ingénieur Système / Administrateur Réseau,https://www.jobinfocamer.com/job/35174/ingenieur-systeme-administrateur-reseau-a-iplans-sa,IPLANS SA,Douala,CDI
08 Novembre 2022,TECHNICIAN,https://www.jobinfocamer.com/job/35165/technician-a-carlcare-sarl,Carlcare Sarl,Douala,CDI
05 Novembre 2022,"Développeur Full Stack, Front End, Back End",https://www.jobinfocamer.com/job/35134/developpeur-full-stack-front-end-back-end-a-bitt-sarl,BITT Sarl,Yaoundé,CDI
03 Novembre 2022,Développeur DELPHI,https://www.jobinfocamer.com/job/35119/developpeur-delphi-a-iplans-sa,IPLANS SA,Douala,CDI
03 Novembre 2022,Développeur MOBILE,https://www.jobinfocamer.com/job/35118/developpeur-mobile-a-iplans-sa,IPLANS SA,Douala,CDI
03 Novembre 2022,Développeur(se) Front-End,https://www.jobinfocamer.com/job/35117/developpeur-se-front-end-a-iplans-sa,IPLANS SA,Douala,CDI
02 Novembre 2022,Développeur JAVA,https://www.jobinfocamer.com/job/35113/developpeur-java-a-iplans-sa,IPLANS SA,Douala,CDI
31 Octobre 2022,Développeur Full Stack,https://www.jobinfocamer.com/job/35088/developpeur-full-stack-a-bm-tracking-solutions,BM-TRACKING SOLUTIONS,Douala,CDI
26 Octobre 2022,Développeur full stack,https://www.jobinfocamer.com/job/35054/developpeur-full-stack-a-big-data-solution,Big Data Solution,Yaoundé,CDD
26 Octobre 2022,Responsable Informatique,https://www.jobinfocamer.com/job/35052/responsable-informatique-a-entreprise-de-la-place,Entreprise de la place,Douala,CDI
22 Octobre 2022,Ingénieur(e) Informatique / Télécom,https://www.jobinfocamer.com/job/35018/ingenieur-e-informatique-telecom-a-ydeale-consulting,Ydeale Consulting,Douala,CDI
13 Octobre 2022,CONSULTANT FONCTIONNEL,https://www.jobinfocamer.com/job/34931/consultant-fonctionnel-a-afreetech,AFREETECH,Yaoundé,CDI
10 Octobre 2022,Assistant informaticien,https://www.jobinfocamer.com/job/34898/assistant-informaticien-a-entreprise-de-la-place,Entreprise de la place,Douala,CDD
04 Octobre 2022,INFORMATICIEN,https://www.jobinfocamer.com/job/34814/informaticien-a-entreprise-de-la-place,Entreprise de la place,Douala,CDI
29 Septembre 2022,Développeur Web/Mobile Full Stack/Java,https://www.jobinfocamer.com/job/34778/developpeur-web-mobile-full-stack-java-a-gta-cm,GTA-CM,Douala,CDI
24 Septembre 2022,Full Stack Developer,https://www.jobinfocamer.com/job/34741/full-stack-developer-a-vtc,VTC,Douala,CDI
22 Septembre 2022,Data manager,https://www.jobinfocamer.com/job/34711/data-manager-a-m-a-sante,M.A. SANTE,Yaoundé,CDD
22 Septembre 2022,Intégrateur and Développeur JAVA/Mobile,https://www.jobinfocamer.com/job/34710/integrateur-and-developpeur-java-mobile-a-isnov-sarl,ISNOV SARL,Yaoundé,STAGE
20 Septembre 2022,Webmaster,https://www.jobinfocamer.com/job/34685/webmaster-a-denis-and-lenora-foretia-foundation,Denis and Lenora Foretia Foundation,Yaoundé,CDD
20 Septembre 2022,Full Stack Developer,https://www.jobinfocamer.com/job/34681/full-stack-developer-a-beambuy-sarl,Beambuy SARL,Yaoundé,CDI
19 Septembre 2022,Web Designer,https://www.jobinfocamer.com/job/34675/web-designer-a-entreprise-de-la-place,Entreprise de la place,Yaoundé,CDI
19 Septembre 2022,TECHNICO-COMMERCIAL,https://www.jobinfocamer.com/job/34669/technico-commercial-a-bitt-sarl,BITT Sarl,Yaoundé,CDD
16 Septembre 2022,DEVELOPPEUR WEB,https://www.jobinfocamer.com/job/34656/developpeur-web-a-entreprise-de-la-place,Entreprise de la place,Douala,CDD
16 Septembre 2022,Développeur Informaticien,https://www.jobinfocamer.com/job/34644/developpeur-informaticien-a-entreprise-de-la-place,Entreprise de la place,Yaoundé,CDD
16 Septembre 2022,Développeur JAVA/ANGULAR/PHP,https://www.jobinfocamer.com/job/34642/developpeur-java-angular-php-a-indyli-services,INDYLI-SERVICES,Douala,CDI
16 Septembre 2022,Développeur Android et Ios,https://www.jobinfocamer.com/job/34639/developpeur-android-et-ios-a-incc,INCC,Yaoundé,CDD
15 Septembre 2022,GROWTH HACKER,https://www.jobinfocamer.com/job/34617/growth-hacker-a-digital-management,Digital Management,Yaoundé,CDI
13 Septembre 2022,Développeur Python/Odoo,https://www.jobinfocamer.com/job/34589/developpeur-python-odoo-a-fast-lane-sarl,FAST LANE SARL,Yaoundé,CDI
13 Septembre 2022,INFORMATICIEN,https://www.jobinfocamer.com/job/34582/informaticien-a-entreprise-de-la-place,Entreprise de la place,Douala,CDI
06 Septembre 2022,Technicien Maintenance,https://www.jobinfocamer.com/job/34520/technicien-maintenance-a-matrix-telecoms,MATRIX TELECOMS,Douala,STAGE
06 Septembre 2022,Administrateur Réseaux,https://www.jobinfocamer.com/job/34518/administrateur-reseaux-a-matrix-telecoms,MATRIX TELECOMS,Yaoundé,STAGE
05 Septembre 2022,DEVELOPPEUR FULLSTACK,https://www.jobinfocamer.com/job/34510/developpeur-fullstack-a-moriset-sarl,MORISET SARL,Yaoundé,CDI
29 Août 2022,Développeur Web/Mobile Full Stack,https://www.jobinfocamer.com/job/34464/developpeur-web-mobile-full-stack-a-gta-cm,GTA-CM,Douala,CDI
27 Août 2022,Technicien Réseau,https://www.jobinfocamer.com/job/34453/technicien-reseau-a-twingo-sarl,Twingo SARL,Yaoundé,STAGE
18 Août 2022,MAINTENANCIER,https://www.jobinfocamer.com/job/34302/maintenancier-a-partners-for-information-sytems,PARTNERS FOR INFORMATION SYTEMS,Douala,CDD
10 Août 2022,Développeur web,https://www.jobinfocamer.com/job/34249/developpeur-web-a-esoaf,ESOAF,Yaoundé,STAGE
09 Août 2022,Développeur C# /.NET,https://www.jobinfocamer.com/job/34234/developpeur-c-net-a-multi-business-solutions,Multi Business Solutions,Yaoundé,CDI
06 Août 2022,DEVELOPPEUR FULL STACK,https://www.jobinfocamer.com/job/34214/developpeur-full-stack-a-mediatronik-sarl,MEDIATRONIK SARL,Douala,STAGE
06 Août 2022,Technicien Maintenance Informatique,https://www.jobinfocamer.com/job/34213/technicien-maintenance-informatique-a-rbs-holdings-sarl,RBS HOLDINGS SARL,Douala,STAGE
04 Août 2022,Développeur Full Stack,https://www.jobinfocamer.com/job/34189/developpeur-full-stack-a-gta-cm,GTA-CM,Douala,CDI
03 Août 2022,Développeur full stack,https://www.jobinfocamer.com/job/34175/developpeur-full-stack-a-big-data-solution,Big data solution,Yaoundé,STAGE
02 Août 2022,Data Manager,https://www.jobinfocamer.com/job/34167/data-manager-a-la-croix-rouge-camerounaise-et-la-croix-rouge-francaise,La Croix-Rouge camerounaise et la Croix-Rouge française,Kousséri - Extrême-Nord,CDD
01 Août 2022,GROWTH HACKER,https://www.jobinfocamer.com/job/34143/growth-hacker-a-digital-management,Digital management,Yaoundé,CDI
29 Juillet 2022,Développeur Web/Mobile,https://www.jobinfocamer.com/job/34110/developpeur-web-mobile-a-universal-software,UNIVERSAL SOFTWARE,Douala,CDD
28 Juillet 2022,STAGIAIRE SECURITE INFORMATIQUE,https://www.jobinfocamer.com/job/34099/stagiaire-securite-informatique-a-ltx-consulting,LTX CONSULTING,Douala,STAGE
23 Juillet 2022,Développeur Full Stack Java / Angular,https://www.jobinfocamer.com/job/34074/developpeur-full-stack-java-angular-a-softconfig,SoftConfig,Douala,CDD
21 Juillet 2022,INGENIEUR VIRTUALISATION VMWARE,https://www.jobinfocamer.com/job/34063/ingenieur-virtualisation-vmware-a-digital-management,Digital Management,Yaoundé,CDI
19 Juillet 2022,Enseignants Associés,https://www.jobinfocamer.com/job/34036/enseignants-associes-a-keyce-informatique,KEYCE INFORMATIQUE,Douala,CDD
11 Juillet 2022,Développeur Mobile Full Stack,https://www.jobinfocamer.com/job/33953/developpeur-mobile-full-stack-a-the-gourmet-discovery,The Gourmet Discovery,Yaoundé,CDD
01 Juillet 2022,ASSISTANT IT,https://www.jobinfocamer.com/job/33872/assistant-it-a-groupe-arno,Groupe ARNO,Yaoundé,CDI
29 Juin 2022,Ingénieur développeur Fullstack,https://www.jobinfocamer.com/job/33864/ingenieur-developpeur-fullstack-a-sprint-pay,SPRINT-PAY,Yaoundé,CDI
29 Juin 2022,Développeur PHP,https://www.jobinfocamer.com/job/33863/developpeur-php-a-sprint-pay,SPRINT-PAY,Yaoundé,CDI
29 Juin 2022,Ingénieur Sécurité et Système,https://www.jobinfocamer.com/job/33862/ingenieur-securite-et-systeme-a-sprint-pay,SPRINT-PAY,Yaoundé,CDI
27 Juin 2022,DEVELOPPEUR  WEB FULL STACK,https://www.jobinfocamer.com/job/33846/developpeur-web-full-stack-a-entreprise-de-la-place,Entreprise de la place,Awae ( à 40 km de Yaoundé),CDI
21 Juin 2022,INGENIEUR INFORMATIQUE,https://www.jobinfocamer.com/job/33794/ingenieur-informatique-a-dohone-sa,DOHONE SA,Yaoundé,CDI
20 Juin 2022,SUPERVISEUR IT,https://www.jobinfocamer.com/job/33778/superviseur-it-a-africa-food-manufacture-sa,AFRICA FOOD MANUFACTURE SA,Douala,CDI
15 Juin 2022,IT Assistant,https://www.jobinfocamer.com/job/33722/it-assistant-a-conference-episcopale-nationale-du-cameroun,Conférence Episcopale Nationale du Cameroun,Yaoundé,CDD
15 Juin 2022,IT Assistant,https://www.jobinfocamer.com/job/33721/it-assistant-a-national-episcopal-conference-of-cameroon,National Episcopal Conference of Cameroon,Yaoundé,CDD
07 Juin 2022,WEBMASTER,https://www.jobinfocamer.com/job/33652/webmaster-a-paris-formations,PARIS FORMATIONS,Douala,CDI
06 Juin 2022,Développeur BI/Big Data,https://www.jobinfocamer.com/job/33649/developpeur-bi-big-data-a-isnov-sarl,ISNOV SARL,Yaoundé,STAGE
31 Mai 2022,Développeur Backend Laravel,https://www.jobinfocamer.com/job/33590/developpeur-backend-laravel-a-it-solutions-and-advisory-services-sarl,IT Solutions and Advisory Services SARL,Yaoundé,CDI
24 Mai 2022,Développeur Fullstack,https://www.jobinfocamer.com/job/33500/developpeur-fullstack-a-smarter-corp,Smarter Corp,Yaoundé,CDI
23 Mai 2022,IT INTERN,https://www.jobinfocamer.com/job/33496/it-intern-a-iita-cameroon,IITA Cameroon,Yaoundé,STAGE
23 Mai 2022,Software Developer Interns,https://www.jobinfocamer.com/job/33484/software-developer-interns-a-davca-sarl,DAVCA SARL,Yaoundé,STAGE
23 Mai 2022,CAD-Designer,https://www.jobinfocamer.com/job/33483/cad-designer-a-davca-sarl,DAVCA SARL,Yaoundé,STAGE
23 Mai 2022,STAGIAIRES BI,https://www.jobinfocamer.com/job/33477/stagiaires-bi-a-davca-sarl,DAVCA SARL,Yaoundé,STAGE
23 Mai 2022,Technicien(ne) Informatique,https://www.jobinfocamer.com/job/33470/technicien-ne-informatique-a-queen-s-africa,Queen's Africa,Douala,STAGE
21 Mai 2022,Directeur des systèmes d'information,https://www.jobinfocamer.com/job/33455/directeur-des-systemes-d-information-a-etablissement-de-microfinance,Etablissement de Microfinance,Yaoundé,CDI
17 Mai 2022,"Ingénieur de travaux Informatique, système et réseau",https://www.jobinfocamer.com/job/33427/ingenieur-de-travaux-informatique-systeme-et-reseau-a-madia-sarl,MADIA SARL,Yaoundé,CDD
10 Mai 2022,GROWTH HACKER,https://www.jobinfocamer.com/job/33360/growth-hacker-a-digital-management,Digital Management,Yaoundé,CDI
10 Mai 2022,DEVELOPPEUR BIG DATA/PYTHON SENIOR,https://www.jobinfocamer.com/job/33357/developpeur-big-data-python-senior-a-digital-management,Digital Management,Yaoundé,CDI
10 Mai 2022,DIGITAL BRAND CONTENT MANAGER,https://www.jobinfocamer.com/job/33355/digital-brand-content-manager-a-digital-management,Digital Management,Yaoundé,CDI
10 Mai 2022,DEVELOPPEUR FULL STACK,https://www.jobinfocamer.com/job/33346/developpeur-full-stack-a-digital-management,Digital Management,Yaoundé,CDI
09 Mai 2022,INTEGRATEUR PYTHON,https://www.jobinfocamer.com/job/33325/integrateur-python-a-jgme-consulting-sarl,JGME Consulting SARL,Douala,STAGE
06 Mai 2022,DEVELOPPEUR REACT,https://www.jobinfocamer.com/job/33309/developpeur-react-a-utecq,UTECQ,Yaoundé,CDD
05 Mai 2022,INFORMATICIEN,https://www.jobinfocamer.com/job/33298/informaticien-a-entreprise-de-la-place,Entreprise de la place,Douala,CDI
03 Mai 2022,DEVELOPPEUR ODOO WEB FRONT ET BACK,https://www.jobinfocamer.com/job/33287/developpeur-odoo-web-front-et-back-a-success-consults,SUCCESS CONSULTS,Douala,CDI
03 Mai 2022,Développeur web et mobile,https://www.jobinfocamer.com/job/33285/developpeur-web-et-mobile-a-ntas-services,NTAS SERVICES,Douala,CDI
29 Avril 2022,DÉVELOPPEURS WEB PHP 5,https://www.jobinfocamer.com/job/33254/developpeurs-web-php-5-a-success-consults,SUCCESS CONSULTS,Douala,CDI
27 Avril 2022,Développeur full stack,https://www.jobinfocamer.com/job/33225/developpeur-full-stack-a-big-data-solution,Big Data Solution,Yaoundé,STAGE
26 Avril 2022,Technicien Maintenance Informatique,https://www.jobinfocamer.com/job/33198/technicien-maintenance-informatique-a-sygalin-sas,SYGALIN SAS,Douala,STAGE
25 Avril 2022,Développeur Web Stagiaire,https://www.jobinfocamer.com/job/33184/developpeur-web-stagiaire-a-entreprise-de-la-place,Entreprise de la place,Douala,STAGE
25 Avril 2022,Développeur Full Stack PHP/Java/Python/.Net,https://www.jobinfocamer.com/job/33181/developpeur-full-stack-php-java-python-net-a-y-note-sarl,Y-NOTE Sarl,Yaoundé,STAGE
24 Avril 2022,Développeur PHP,https://www.jobinfocamer.com/job/33176/developpeur-php-a-engie-soft-sarl,Engie Soft SARL,Douala,CDD
20 Avril 2022,DEVELOPPEUR ODOO WEB FRONT ET BACK,https://www.jobinfocamer.com/job/33152/developpeur-odoo-web-front-et-back-a-success-consults,SUCCESS CONSULTS,Douala,CDI
14 Avril 2022,ROLL OUT MANAGER,https://www.jobinfocamer.com/job/33095/roll-out-manager-a-sis-networking,SIS NETWORKING,Douala,CDD
13 Avril 2022,Développeur WordPress,https://www.jobinfocamer.com/job/33078/developpeur-wordpress-a-entreprise-de-la-place,Entreprise de la place,Yaoundé,CDD
13 Avril 2022,TECHNICIEN RESEAUX et TELECOMS,https://www.jobinfocamer.com/job/33073/technicien-reseaux-et-telecoms-a-sis-networking,SIS NETWORKING,Douala,CDD
12 Avril 2022,Computer Support Officer,https://www.jobinfocamer.com/job/33067/computer-support-officer-a-loci-advisory-and-training,Loci Advisory and Training,Douala,CDD
09 Avril 2022,DÉVELOPPEURS WEB FULLSTACK,https://www.jobinfocamer.com/job/33031/developpeurs-web-fullstack-a-mk-wbc,MK WBC,Douala,STAGE
08 Avril 2022,Interns in computer and network maintenance,https://www.jobinfocamer.com/job/33026/interns-in-computer-and-network-maintenance-a-national-episcopal-conference-of-cameroon,National Episcopal Conference of Cameroon,Yaoundé,STAGE
08 Avril 2022,Stagiaires Maintenance informatique et réseaux,https://www.jobinfocamer.com/job/33025/stagiaires-maintenance-informatique-et-reseaux-a-conference-episcopale-nationale-du-cameroun,Conférence Episcopale Nationale du Cameroun,Yaoundé,STAGE
07 Avril 2022,Webmaster DIGITAL MARKETING,https://www.jobinfocamer.com/job/33005/webmaster-digital-marketing-a-afrikanet-gosat,AFRIKANET-GoSat,Bafoussam,STAGE
05 Avril 2022,Développeur,https://www.jobinfocamer.com/job/32991/developpeur-a-entreprise-de-la-place,Entreprise de la place,Yaoundé,CDI
05 Avril 2022,Chargé Suivi Evaluation Redevabilité,https://www.jobinfocamer.com/job/32990/charge-suivi-evaluation-redevabilite-a-la-croix-rouge-camerounaise-et-la-croix-rouge-francaise,La Croix-Rouge camerounaise et la Croix-Rouge française,Maroua,CDD
03 Avril 2022,Développeur Fullstack,https://www.jobinfocamer.com/job/32955/developpeur-fullstack-a-smarter-corp,Smarter Corp,Télétravail,CDI
01 Avril 2022,Développeur informatique,https://www.jobinfocamer.com/job/32944/developpeur-informatique-a-ads-ltd,ADS LTD,Douala,STAGE
30 Mars 2022,Développeur/Développeuse Junior Web et Mobile,https://www.jobinfocamer.com/job/32912/developpeur-developpeuse-junior-web-et-mobile-a-businessone-sarl,BUSINESSONE SARL,Yaoundé,CDI
28 Mars 2022,Test Engineer,https://www.jobinfocamer.com/job/32885/test-engineer-a-transsion-holdings,Transsion Holdings,Douala,CDI
19 Mars 2022,DEVELOPPEUR FULL STACK,https://www.jobinfocamer.com/job/32758/developpeur-full-stack-a-sorepco-sa,SOREPCO SA,Douala,CDI
18 Mars 2022,Développeur,https://www.jobinfocamer.com/job/32746/developpeur-a-entreprise-de-la-place,Entreprise de la place,Yaoundé,CDI
15 Mars 2022,DEVELOPPEUR JAVA EXPERIMENTE,https://www.jobinfocamer.com/job/32722/developpeur-java-experimente-a-megatim-group,MEGATIM GROUP,Yaoundé,CDD
14 Mars 2022,Développeur full stack,https://www.jobinfocamer.com/job/32709/developpeur-full-stack-a-digital-management,Digital Management,Douala,CDI
14 Mars 2022,Formateur Digital,https://www.jobinfocamer.com/job/32705/formateur-digital-a-digital-management,Digital Management,Douala,CDI
14 Mars 2022,Développeur Big Data/Python Senior,https://www.jobinfocamer.com/job/32691/developpeur-big-data-python-senior-a-digital-management,Digital management,Ngaoundéré,CDI
11 Mars 2022,Développeur applications mobiles et web,https://www.jobinfocamer.com/job/32663/developpeur-applications-mobiles-et-web-a-wazi-innovative,Wazi Innovative,Douala,CDD
08 Mars 2022,Web Developer,https://www.jobinfocamer.com/job/32642/web-developer-a-entreprise-de-la-place,Entreprise de la place,Douala,CDD
07 Mars 2022,Formateur en Informatique,https://www.jobinfocamer.com/job/32631/formateur-en-informatique-a-epfa-pro,EPFA PRO,Douala,CDI
04 Mars 2022,Software Developer,https://www.jobinfocamer.com/job/32613/software-developer-a-unics-plc-microfinance-institution,UNICS Plc. Microfinance Institution,Yaoundé,CDI
04 Mars 2022,Développeur Full Stack,https://www.jobinfocamer.com/job/32602/developpeur-full-stack-a-advent-soft,ADVENT SOFT,Yaoundé,STAGE
03 Mars 2022,TECHNICIEN RESEAUX et TELECOMS,https://www.jobinfocamer.com/job/32594/technicien-reseaux-et-telecoms-a-sis-networking,SIS NETWORKING,Douala,CDD
03 Mars 2022,Développer Web,https://www.jobinfocamer.com/job/32590/developper-web-a-digital-gateway,Digital Gateway,Yaoundé,CDI
02 Mars 2022,Gestionnaire de données et Cartographie,https://www.jobinfocamer.com/job/32574/gestionnaire-de-donnees-et-cartographie-a-action-contre-la-faim-acf-,Action Contre la Faim(ACF),Maroua,CDD
01 Mars 2022,CARTOGRAPHE,https://www.jobinfocamer.com/job/32556/cartographe-a-action-contre-la-faim-acf-,Action Contre la Faim(ACF),Maroua,CDD
22 Février 2022,Consultant technique SAP ABAP,https://www.jobinfocamer.com/job/32476/consultant-technique-sap-abap-a-vss-suarl,VSS SUARL,Douala,CDI
20 Février 2022,DATA MANAGER,https://www.jobinfocamer.com/job/32446/data-manager-a-conference-episcopale-nationale-du-cameroun,Conférence Episcopale Nationale du Cameroun,Yaoundé,CDD
20 Février 2022,DATA MANAGER,https://www.jobinfocamer.com/job/32445/data-manager-a-national-episcopal-conference-of-cameroon,National Episcopal Conference of Cameroon,Yaoundé,CDD
18 Février 2022,Web and UI/UX Designer,https://www.jobinfocamer.com/job/32434/web-and-ui-ux-designer-a-engie-soft-sarl,Engie Soft SARL,Douala,CDI
16 Février 2022,IT Administrator Junior,https://www.jobinfocamer.com/job/32401/it-administrator-junior-a-entreprise-de-la-place,Entreprise de la place,Yaoundé,CDD
14 Février 2022,Ingénieur Automaticien des tests applicatifs,https://www.jobinfocamer.com/job/32382/ingenieur-automaticien-des-tests-applicatifs-a-solutions-rh-emploi-sarl,SOLUTIONS RH+ EMPLOI SARL,Douala,CDI
09 Février 2022,Ingénieur Informatique développeur,https://www.jobinfocamer.com/job/32347/ingenieur-informatique-developpeur-a-dohone-sa,DOHONE SA,Yaoundé,CDI
08 Février 2022,Backend Developer,https://www.jobinfocamer.com/job/32335/backend-developer-a-teugnology-sarl,TEUGNOLOGY SARL,Yaoundé,CDD
07 Février 2022,Développeur Full Stack PHP/Java/Python/.Net,https://www.jobinfocamer.com/job/32308/developpeur-full-stack-php-java-python-net-a-y-note-sarl,Y-NOTE Sarl,Yaoundé,STAGE
01 Février 2022,Cloud Software Architect,https://www.jobinfocamer.com/job/32240/cloud-software-architect-a-trok-solutions-inc-,Trok Solutions Inc.,Douala,CDI
31 Janvier 2022,INFORMATICIEN,https://www.jobinfocamer.com/job/32225/informaticien-a-entreprise-de-la-place,Entreprise de la place,Douala,CDI
31 Janvier 2022,TECHNICIEN BUREAU D'ETUDE,https://www.jobinfocamer.com/job/32218/technicien-bureau-d-etude-a-servitel,SERVITEL,Douala,CDI
31 Janvier 2022,Techniciens en Informatique,https://www.jobinfocamer.com/job/32214/techniciens-en-informatique-a-entreprise-de-la-place,Entreprise de la place,Douala,CDI
20 Janvier 2022,CHARGE D'ÉTUDE ET DE CONCEPTION,https://www.jobinfocamer.com/job/32079/charge-d-etude-et-de-conception-a-right-performance,RIGHT PERFORMANCE,Douala,CDI
20 Janvier 2022,RESPONSABLE DES OPERATIONS IT,https://www.jobinfocamer.com/job/32076/responsable-des-operations-it-a-right-performance,RIGHT PERFORMANCE,Douala,CDI
20 Janvier 2022,DEVELOPPEUR WEB,https://www.jobinfocamer.com/job/32071/developpeur-web-a-adwa-sarl,ADWA SARL,Douala,CDI
18 Janvier 2022,Développeur Big Data/Python-ElasticSearch Sénior,https://www.jobinfocamer.com/job/32044/developpeur-big-data-python-elasticsearch-senior-a-digital-management,Digital management,Douala,CDI
18 Janvier 2022,PHP/Laravel Developer,https://www.jobinfocamer.com/job/32033/php-laravel-developer-a-trok-solutions-inc-,Trok Solutions Inc.,Douala,CDD
17 Janvier 2022,Développeurs FullStack,https://www.jobinfocamer.com/job/32011/developpeurs-fullstack-a-rhopen-labs,RHOPEN LABS,Douala,CDI
07 Janvier 2022,"Développeur Javascript, Python, PHP, Css",https://www.jobinfocamer.com/job/31905/developpeur-javascript-python-php-css-a-utecq,UTECQ,Yaoundé,STAGE
06 Janvier 2022,TECHNICO COMMERCIAL en INFORMATIQUE,https://www.jobinfocamer.com/job/31880/technico-commercial-en-informatique-a-sorepco-sa,SOREPCO SA,Douala,CDI
03 Janvier 2022,Développeur Web,https://www.jobinfocamer.com/job/31849/developpeur-web-a-donsyl,DONSYL,Yaoundé,STAGE
30 Décembre 2021,Programmeur,https://www.jobinfocamer.com/job/31832/programmeur-a-entreprise-de-la-place,Entreprise de la place,Douala,STAGE
28 Décembre 2021,Développeur Big Data/Python-ElasticSearch Senior,https://www.jobinfocamer.com/job/31804/developpeur-big-data-python-elasticsearch-senior-a-digital-management,DIGITAL MANAGEMENT,Yaoundé,CDI
24 Décembre 2021,FORMATEUR EN DEVELOPPEMENT MOBILE,https://www.jobinfocamer.com/job/31783/formateur-en-developpement-mobile-a-bsk-xcenter,BSK XCENTER,Douala,CDD
24 Décembre 2021,FORMATEUR EN DEVELOPPEMENT BACKEND,https://www.jobinfocamer.com/job/31782/formateur-en-developpement-backend-a-bsk-xcenter,BSK XCENTER,Douala,CDD
22 Décembre 2021,Chef de projet digital,https://www.jobinfocamer.com/job/31754/chef-de-projet-digital-a-digital-management,Digital Management,Yaoundé,CDI
22 Décembre 2021,Ingénieur Télécom,https://www.jobinfocamer.com/job/31739/ingenieur-telecom-a-solutions-rh-emploi-sarl,SOLUTIONS RH+ EMPLOI SARL,Douala,CDI
22 Décembre 2021,Ingénieur infrastructure et solutions IP,https://www.jobinfocamer.com/job/31738/ingenieur-infrastructure-et-solutions-ip-a-solutions-rh-emploi-sarl,SOLUTIONS RH+ EMPLOI SARL,Douala,CDI
19 Décembre 2021,Contrôleur IT,https://www.jobinfocamer.com/job/31705/controleur-it-a-advans-cameroun,ADVANS CAMEROUN,Douala,CDI
16 Décembre 2021,Chef de projet digital,https://www.jobinfocamer.com/job/31670/chef-de-projet-digital-a-digital-management,Digital management,Douala,CDI
16 Décembre 2021,DEVELOPPEUR PYTHON et ODOO,https://www.jobinfocamer.com/job/31667/developpeur-python-et-odoo-a-cames,CAMES,Yaoundé,CDI
15 Décembre 2021,Développeur(se) Mobile Flutter,https://www.jobinfocamer.com/job/31663/developpeur-se-mobile-flutter-a-cames,CAMES,Yaoundé,CDI
13 Décembre 2021,Analyste programmeur,https://www.jobinfocamer.com/job/31619/analyste-programmeur-a-expert3dev-sarl,Expert3dev SARL,Yaoundé,CDI
07 Décembre 2021,Expert Senior (Chef de mission) – Assistance Technique,https://www.jobinfocamer.com/job/31559/expert-senior-chef-de-mission-assistance-technique-a-ecole-nationale-superieure-polytechnique-de-yaounde-enspy-,Ecole Nationale Supérieure Polytechnique de Yaoundé (ENSPY),Yaoundé,CDD
07 Décembre 2021,Consultant technico-fonctionnel SAP ABAP,https://www.jobinfocamer.com/job/31554/consultant-technico-fonctionnel-sap-abap-a-veotys-sarl,VEOTYS SARL,Douala,STAGE
04 Décembre 2021,Développeur WordPress,https://www.jobinfocamer.com/job/31522/developpeur-wordpress-a-start-up,Start-Up,Douala,CDI
01 Décembre 2021,Chargé SEO,https://www.jobinfocamer.com/job/31476/charge-seo-a-digital-management,Digital management,Yaoundé,CDI
29 Novembre 2021,Expert en base de données,https://www.jobinfocamer.com/job/31456/expert-en-base-de-donnees-a-entreprise-de-la-place,Entreprise de la place,Douala,CDD
26 Novembre 2021,Expert Junior 1 – Assistance Technique,https://www.jobinfocamer.com/job/31435/expert-junior-1-assistance-technique-a-ecole-nationale-superieure-polytechnique-de-yaounde-enspy-,Ecole Nationale Supérieure Polytechnique de Yaoundé (ENSPY),Yaoundé,CDD
24 Novembre 2021,Expert en audit des systèmes d'informations,https://www.jobinfocamer.com/job/31400/expert-en-audit-des-systemes-d-informations-a-particulier,Particulier,Yaoundé,CDD
22 Novembre 2021,Développeur Front End VueJS/Vuetify,https://www.jobinfocamer.com/job/31382/developpeur-front-end-vuejs-vuetify-a-engie-soft-sarl,Engie Soft SARL,Douala,CDD
22 Novembre 2021,Développeur PYTHON/DJANGO,https://www.jobinfocamer.com/job/31380/developpeur-python-django-a-esoaf,ESOAF,Yaoundé,STAGE
19 Novembre 2021,Développeur BI/Big Data,https://www.jobinfocamer.com/job/31364/developpeur-bi-big-data-a-isnov-sarl,ISNOV SARL,Yaoundé,CDD
16 Novembre 2021,Auditeur Sécurité Informatique,https://www.jobinfocamer.com/job/31325/auditeur-securite-informatique-a-particulier,Particulier,Douala,CDI
15 Novembre 2021,Formateur Digital,https://www.jobinfocamer.com/job/31309/formateur-digital-a-digital-management,Digital Management,Douala,CDI
10 Novembre 2021,CHARGE.E IT,https://www.jobinfocamer.com/job/31254/charge-e-it-a-giz,GIZ,Garoua,CDD
09 Novembre 2021,Intégrateur web,https://www.jobinfocamer.com/job/31252/integrateur-web-a-protaiin,PROTAIIN,Douala,CDD
09 Novembre 2021,SOFWARE ENGINEERING LECTURER,https://www.jobinfocamer.com/job/31245/sofware-engineering-lecturer-a-british-higher-institute-of-science-and-technology,BRITISH HIGHER INSTITUTE OF SCIENCE AND TECHNOLOGY,Douala,CDD
08 Novembre 2021,Data Manager,https://www.jobinfocamer.com/job/31232/data-manager-a-la-croix-rouge-camerounaise-et-la-croix-rouge-francaise,La Croix-Rouge camerounaise et la Croix-Rouge française,Maroua,CDD
08 Novembre 2021,Développeurs FullStack,https://www.jobinfocamer.com/job/31223/developpeurs-fullstack-a-moriset-sarl,MORISET SARL,Yaoundé,CDI
05 Novembre 2021,CHARGES DES DONNEES MEDICALES,https://www.jobinfocamer.com/job/31212/charges-des-donnees-medicales-a-medecins-sans-frontieres,MEDECINS SANS FRONTIERES,Mora,CDD
03 Novembre 2021,INFORMATICIEN - FORMATEUR,https://www.jobinfocamer.com/job/31175/informaticien-formateur-a-epfa-pro,EPFA PRO,Douala,CDI
02 Novembre 2021,WEBDESIGNER SENIOR,https://www.jobinfocamer.com/job/31161/webdesigner-senior-a-megasoft-sarl,MEGASOFT SARL,Douala,CDD
01 Novembre 2021,Responsable Système d'Information,https://www.jobinfocamer.com/job/31133/responsable-systeme-d-information-a-entreprise-de-la-place,Entreprise de la place,Douala,CDI
27 Octobre 2021,DEVELOPPEUSE WEB,https://www.jobinfocamer.com/job/31083/developpeuse-web-a-kts-consulting,KTS Consulting,Yaoundé,CDI
26 Octobre 2021,DEVELLOPEUR FULL STACK,https://www.jobinfocamer.com/job/31068/devellopeur-full-stack-a-appfabrik,APPFABRIK,Douala,CDD
25 Octobre 2021,TECHNICO COMMERCIAL,https://www.jobinfocamer.com/job/31044/technico-commercial-a-sorepco-sa,SOREPCO SA,Douala,CDI
24 Octobre 2021,Chef de projet de gestion électronique de courriers et d'archivage,https://www.jobinfocamer.com/job/31041/chef-de-projet-de-gestion-electronique-de-courriers-et-d-archivage-a-entreprise-de-la-place,Entreprise de la place,Douala,CDI
24 Octobre 2021,Information Systems Security Watch Engineer,https://www.jobinfocamer.com/job/31040/information-systems-security-watch-engineer-a-afriland-first-bank,Afriland First Bank,Yaoundé,CDI
24 Octobre 2021,Ingénieur Veille Sécurité des Systèmes d'information,https://www.jobinfocamer.com/job/31039/ingenieur-veille-securite-des-systemes-d-information-a-afriland-first-bank,Afriland First Bank,Yaoundé,CDI
24 Octobre 2021,Cyber Security Engineer,https://www.jobinfocamer.com/job/31038/cyber-security-engineer-a-afriland-first-bank,Afriland First Bank,Yaoundé,CDI
24 Octobre 2021,Ingénieur en Charge de la Cybersécurité,https://www.jobinfocamer.com/job/31037/ingenieur-en-charge-de-la-cybersecurite-a-afriland-first-bank,Afriland First Bank,Yaoundé,CDI
22 Octobre 2021,Officier GIS/IT,https://www.jobinfocamer.com/job/31026/officier-gis-it-a-international-ngo-safety-organisation,INTERNATIONAL NGO SAFETY ORGANISATION,Yaoundé,CDD
21 Octobre 2021,Développeur Odoo,https://www.jobinfocamer.com/job/30999/developpeur-odoo-a-afreetech,AFREETECH,Yaoundé,CDD
20 Octobre 2021,DEVELOPPEUR FULL STACK,https://www.jobinfocamer.com/job/30984/developpeur-full-stack-a-socomar,SOCOMAR,Douala,STAGE
20 Octobre 2021,Développeur/Opérationnel (DevOps) python / Linux,https://www.jobinfocamer.com/job/30979/developpeur-operationnel-devops-python-linux-a-entreprise-de-la-place,Entreprise de la place,Yaoundé,CDI
20 Octobre 2021,Développeur WordPress Expérimenté,https://www.jobinfocamer.com/job/30976/developpeur-wordpress-experimente-a-multi-business-solutions,Multi Business Solutions,Yaoundé,CDD
19 Octobre 2021,C# Software Developer,https://www.jobinfocamer.com/job/30970/c-software-developer-a-corpecca,Corpecca,Douala,CDI
18 Octobre 2021,Ingénieur Administration d’applications et BD,https://www.jobinfocamer.com/job/30965/ingenieur-administration-d-applications-et-bd-a-entreprise-de-la-place,Entreprise de la place,Yaoundé,CDI
18 Octobre 2021,Ingénieur Système et Infrastructure,https://www.jobinfocamer.com/job/30964/ingenieur-systeme-et-infrastructure-a-entreprise-de-la-place,Entreprise de la place,Yaoundé,CDI
16 Octobre 2021,Développeur Front End expérimenté,https://www.jobinfocamer.com/job/30957/developpeur-front-end-experimente-a-ranites-sarl,Ranites SARL,Yaoundé,CDI
11 Octobre 2021,Développeur Javascript,https://www.jobinfocamer.com/job/30931/developpeur-javascript-a-pntec-ltd,PNTEC Ltd,Yaoundé,CDD
08 Octobre 2021,Support Technique Informatique,https://www.jobinfocamer.com/job/30912/support-technique-informatique-a-advance-it-group,ADVANCE IT GROUP,Yaoundé,CDD
05 Octobre 2021,Développeur JAVA/ANGULAR,https://www.jobinfocamer.com/job/30868/developpeur-java-angular-a-indyli-services,INDYLI-SERVICES,Douala,STAGE
04 Octobre 2021,Développeur Full Stack PHP/Java/Python/.Net,https://www.jobinfocamer.com/job/30861/developpeur-full-stack-php-java-python-net-a-y-note-sarl,Y-NOTE Sarl,Yaoundé,STAGE
04 Octobre 2021,Assistant Système d’Information et de Gestion,https://www.jobinfocamer.com/job/30859/assistant-systeme-d-information-et-de-gestion-a-advans-cameroun,ADVANS CAMEROUN,Douala,CDD
02 Octobre 2021,System Officer (Import-Export),https://www.jobinfocamer.com/job/30847/system-officer-import-export--a-homepro-cameroon-limited,HOMEPRO CAMEROON LIMITED,Douala,CDD
30 Septembre 2021,TECHNICIEN RÉSEAUX INFORMATIQUE ET SÉCURITÉ ELECTRONIQUE,https://www.jobinfocamer.com/job/30815/technicien-reseaux-informatique-et-securite-electronique-a-servitel,SERVITEL,Douala,CDI
29 Septembre 2021,Formateur Anglophone en Informatique,https://www.jobinfocamer.com/job/30791/formateur-anglophone-en-informatique-a-epfa-pro,EPFA PRO,Douala,CDD
28 Septembre 2021,C# Developer,https://www.jobinfocamer.com/job/30775/c-developer-a-corpecca,Corpecca,Douala,CDD
27 Septembre 2021,Développeur JAVA EE,https://www.jobinfocamer.com/job/30768/developpeur-java-ee-a-ufi-payment-solutions,UFI PAYMENT SOLUTIONS,Yaoundé,STAGE
22 Septembre 2021,RESPONSABLE DES OPERATIONS IT,https://www.jobinfocamer.com/job/30713/responsable-des-operations-it-a-entreprise-de-la-place,Entreprise de la place,Douala,CDI
21 Septembre 2021,Plusieurs Postes à Pourvoir,https://www.jobinfocamer.com/job/30703/plusieurs-postes-a-pourvoir-a-megasoft-sarl,MEGASOFT SARL,Yaoundé,CDD
21 Septembre 2021,Développeur Mobile Flutter,https://www.jobinfocamer.com/job/30700/developpeur-mobile-flutter-a-it-solutions-and-advisory-services-sarl,IT Solutions and Advisory Services SARL,Yaoundé,STAGE
17 Septembre 2021,Développeur WEB,https://www.jobinfocamer.com/job/30671/developpeur-web-a-udevstudio,UDevStudio,Douala,STAGE
17 Septembre 2021,PROJET MANAGER,https://www.jobinfocamer.com/job/30664/projet-manager-a-cames,CAMES,Yaoundé,CDI
17 Septembre 2021,Développeur WEB / WEBMASTER,https://www.jobinfocamer.com/job/30650/developpeur-web-webmaster-a-elite-consulting,ELITE CONSULTING,Douala,CDI
15 Septembre 2021,Technician,https://www.jobinfocamer.com/job/30616/technician-a-carlcare-sarl,Carlcare Sarl,Bafoussam,CDI
14 Septembre 2021,Sales Manager West Africa,https://www.jobinfocamer.com/job/30589/sales-manager-west-africa-a-rascomstar-qaf,RascomStar-QAF,Douala,CDD
08 Septembre 2021,Développeur Web,https://www.jobinfocamer.com/job/30546/developpeur-web-a-ecole-privee,Ecole Privée,Yaoundé,STAGE
05 Septembre 2021,Front End developer AngularJs,https://www.jobinfocamer.com/job/30523/front-end-developer-angularjs-a-olydis,OLYDIS,Douala,STAGE
05 Septembre 2021,Java full stack Developer,https://www.jobinfocamer.com/job/30522/java-full-stack-developer-a-olydis,OLYDIS,Douala,STAGE
04 Septembre 2021,FORMATEUR EN OUTILS BUREAUTIQUES,https://www.jobinfocamer.com/job/30516/formateur-en-outils-bureautiques-a-solidarite-technologique,SOLIDARITE TECHNOLOGIQUE,Yaoundé,CDD
03 Septembre 2021,Développeur Flutter,https://www.jobinfocamer.com/job/30509/developpeur-flutter-a-it-services,IT SERVICES,Yaoundé,CDI
01 Septembre 2021,Chef de projet IT,https://www.jobinfocamer.com/job/30494/chef-de-projet-it-a-it-services,IT SERVICES,Yaoundé,CDI
31 Août 2021,FULL STACK DEVELOPPER ANALYST,https://www.jobinfocamer.com/job/30491/full-stack-developper-analyst-a-axxentis-sarl,Axxentis Sarl,Yaoundé,STAGE
30 Août 2021,C# Software Developer,https://www.jobinfocamer.com/job/30482/c-software-developer-a-corpecca,Corpecca,Douala,STAGE
30 Août 2021,DEVELOPPEUR FULL STACK,https://www.jobinfocamer.com/job/30476/developpeur-full-stack-a-solem-sarl,SOLEM SARL,Douala,STAGE
28 Août 2021,Solutions cloud et sécurité,https://www.jobinfocamer.com/job/30472/solutions-cloud-et-securite-a-cloudover-cameroun,CLOUDOVER CAMEROUN,Douala,STAGE
28 Août 2021,Expert Wordpress / Photoshop Graphic design,https://www.jobinfocamer.com/job/30471/expert-wordpress-photoshop-graphic-design-a-cloudover-cameroun,CLOUDOVER CAMEROUN,Douala,CDI
28 Août 2021,Cloud Solutions and Security,https://www.jobinfocamer.com/job/30470/cloud-solutions-and-security-a-cloudover-cameroun,CLOUDOVER CAMEROUN,Douala,STAGE
28 Août 2021,Expert Wordpress / Photoshop Graphisme,https://www.jobinfocamer.com/job/30469/expert-wordpress-photoshop-graphisme-a-cloudover-cameroun,CLOUDOVER CAMEROUN,Douala,CDI
27 Août 2021,Superviseur Projets IT,https://www.jobinfocamer.com/job/30463/superviseur-projets-it-a-advans-cameroun,ADVANS CAMEROUN,Douala,CDI
25 Août 2021,Ingénieur Développeur FRONT END ANGULAR,https://www.jobinfocamer.com/job/30451/ingenieur-developpeur-front-end-angular-a-sprint-pay,SPRINT-PAY,Yaoundé,CDD
25 Août 2021,GESTIONNAIRE D’APPLICATION SOPRA BANKING SOFTWARE,https://www.jobinfocamer.com/job/30445/gestionnaire-d-application-sopra-banking-software-a-ufi-payment-solutions,UFI PAYMENT SOLUTIONS,Yaoundé,CDI
25 Août 2021,ADMINISTRATEUR DE BASE DE DONNEES,https://www.jobinfocamer.com/job/30444/administrateur-de-base-de-donnees-a-ufi-payment-solutions,UFI PAYMENT SOLUTIONS,Yaoundé,CDI
24 Août 2021,Testeur logiciel,https://www.jobinfocamer.com/job/30429/testeur-logiciel-a-sprint-pay,SPRINT-PAY,Yaoundé,CDD
24 Août 2021,Développeur full stack,https://www.jobinfocamer.com/job/30428/developpeur-full-stack-a-it-services,IT SERVICES,Yaoundé,CDI
20 Août 2021,Ingénieur Sécurité et Système,https://www.jobinfocamer.com/job/30385/ingenieur-securite-et-systeme-a-sprint-pay,SPRINT-PAY,Yaoundé,CDD
19 Août 2021,Développeur Back-End Expérimenté,https://www.jobinfocamer.com/job/30375/developpeur-back-end-experimente-a-high-tech,High-Tech,Yaoundé,CDD
17 Août 2021,Formateur en maintenance Informatique,https://www.jobinfocamer.com/job/30341/formateur-en-maintenance-informatique-a-solidarite-technologique,SOLIDARITE TECHNOLOGIQUE,Yaoundé,CDI
17 Août 2021,Développeur Web/Mobile Full Stack,https://www.jobinfocamer.com/job/30337/developpeur-web-mobile-full-stack-a-entreprise-de-la-place,Entreprise de la place,Douala,CDI
14 Août 2021,FORMATEUR EN OUTILS BUREAUTIQUES,https://www.jobinfocamer.com/job/30320/formateur-en-outils-bureautiques-a-solidarite-technologique,SOLIDARITE TECHNOLOGIQUE,Yaoundé,CDD
13 Août 2021,Datacenter Infrastructure Network and Security Product Manager,https://www.jobinfocamer.com/job/30312/datacenter-infrastructure-network-and-security-product-manager-a-wise-computers,WISE COMPUTERS,Douala,CDI
12 Août 2021,Python/Odoo Developer,https://www.jobinfocamer.com/job/30308/python-odoo-developer-a-corpecca,Corpecca,Douala,CDD
12 Août 2021,Assistant Project Manager,https://www.jobinfocamer.com/job/30305/assistant-project-manager-a-corpecca,Corpecca,Douala,CDD
09 Août 2021,Développeur Front-End en React.js,https://www.jobinfocamer.com/job/30260/developpeur-front-end-en-react-js-a-tejiz-sarl,TEJIZ Sarl,Yaoundé,STAGE
07 Août 2021,Développeurs web Full Stack Angular/.Net,https://www.jobinfocamer.com/job/30254/developpeurs-web-full-stack-angular-net-a-iwin-applications-sarl,IWIN APPLICATIONS SARL,,CDI
07 Août 2021,Développeurs C++/QML,https://www.jobinfocamer.com/job/30253/developpeurs-c-qml-a-iwin-applications-sarl,IWIN APPLICATIONS SARL,,CDI
04 Août 2021,Stages Académiques,https://www.jobinfocamer.com/job/30218/stages-academiques-a-kola-group,KOLA GROUP,Douala,STAGE
03 Août 2021,Responsable de la sécurité du Système d'Information,https://www.jobinfocamer.com/job/30195/responsable-de-la-securite-du-systeme-d-information-a-aveliance-conseil,Aveliance Conseil,Lomé,CDI
30 Juillet 2021,IT MANAGER,https://www.jobinfocamer.com/job/30157/it-manager-a-coalition-de-la-societe-civile-du-cameroun-pour-la-sante,COALITION DE LA SOCIETE CIVILE DU CAMEROUN POUR LA SANTE,Yaoundé,CDD
30 Juillet 2021,Développeur SYMFONY,https://www.jobinfocamer.com/job/30150/developpeur-symfony-a-entreprise-de-la-place,Entreprise de la place,Yaoundé,CDD
29 Juillet 2021,DEVELOPPEURS MOBILES,https://www.jobinfocamer.com/job/30147/developpeurs-mobiles-a-entreprise-de-la-place,Entreprise de la place,Yaoundé,CDI
29 Juillet 2021,Développeur Python and ODOO,https://www.jobinfocamer.com/job/30144/developpeur-python-and-odoo-a-it-services,IT SERVICES,Yaoundé,CDI
26 Juillet 2021,Développeur Full Stack PHP/Python,https://www.jobinfocamer.com/job/30088/developpeur-full-stack-php-python-a-y-note-sarl,Y-NOTE Sarl,Yaoundé,CDI
21 Juillet 2021,Senior Consultant,https://www.jobinfocamer.com/job/30019/senior-consultant-a-mboa-digital,MBOA DIGITAL,Yaoundé,CDI
14 Juillet 2021,WEB/GRAPHIC Designer,https://www.jobinfocamer.com/job/29945/web-graphic-designer-a-entreprise-de-la-place,Entreprise de la place,Yaoundé,CDI
12 Juillet 2021,Développeur de site web et d’application web/mobile,https://www.jobinfocamer.com/job/29919/developpeur-de-site-web-et-d-application-web-mobile-a-isas-sarl,ISAS SARL,Douala,CDI
11 Juillet 2021,Développeurs Full Stack,https://www.jobinfocamer.com/job/29913/developpeurs-full-stack-a-entreprise-de-la-place,Entreprise de la place,Yaoundé,CDD
09 Juillet 2021,COMMERCIAL,https://www.jobinfocamer.com/job/29899/commercial-a-css-engineering,CSS-ENGINEERING,Douala,STAGE
08 Juillet 2021,FULL STACK DEVELOPER,https://www.jobinfocamer.com/job/29893/full-stack-developer-a-axxentis-sarl,Axxentis Sarl,Yaoundé,CDD
06 Juillet 2021,Développeur Back-end,https://www.jobinfocamer.com/job/29866/developpeur-back-end-a-ufi-payment-solutions,UFI PAYMENT SOLUTIONS,Yaoundé,CDD
05 Juillet 2021,UI/UX DESIGNER,https://www.jobinfocamer.com/job/29853/ui-ux-designer-a-madia-sarl,MADIA SARL,Yaoundé,CDI
05 Juillet 2021,Développeur frontend web,https://www.jobinfocamer.com/job/29838/developpeur-frontend-web-a-ufi-payment-solutions,UFI PAYMENT SOLUTIONS,Yaoundé,CDI
05 Juillet 2021,Développeurs Web Et Un Développeur Mobile,https://www.jobinfocamer.com/job/29833/developpeurs-web-et-un-developpeur-mobile-a-tagus-drone,Tagus Drone,Yaoundé,CDD
03 Juillet 2021,DEVELOPPEUR WEB EXPERT EN SEO,https://www.jobinfocamer.com/job/29825/developpeur-web-expert-en-seo-a-entreprise-de-la-place,Entreprise de la place,Yaoundé,CDI
01 Juillet 2021,Développeur,https://www.jobinfocamer.com/job/29796/developpeur-a-seinova-sarl,Seinova Sarl,Yaoundé,CDI
29 Juin 2021,Développeur JAVA EE Senior expérimenté,https://www.jobinfocamer.com/job/29775/developpeur-java-ee-senior-experimente-a-ufi-payment-solutions,UFI PAYMENT SOLUTIONS,Yaoundé,CDI
24 Juin 2021,Intégrateur Web/ Angular,https://www.jobinfocamer.com/job/29720/integrateur-web-angular-a-afrologix,AFROLOGIX,Yaoundé,CDD
22 Juin 2021,Développeur Web,https://www.jobinfocamer.com/job/29693/developpeur-web-a-oryx-consulting-finance-engineering-,Oryx Consulting (Finance & Engineering),Douala,STAGE
22 Juin 2021,DEVELOPPEURS WEB ET MOBILES,https://www.jobinfocamer.com/job/29687/developpeurs-web-et-mobiles-a-entreprise-de-la-place,Entreprise de la place,Yaoundé,CDI
18 Juin 2021,STAGE en développement informatique,https://www.jobinfocamer.com/job/29666/stage-en-developpement-informatique-a-ads-ltd,ADS LTD,Douala,STAGE
15 Juin 2021,TECHNICIEN RESEAU ET TELECOM,https://www.jobinfocamer.com/job/29624/technicien-reseau-et-telecom-a-entreprise-de-la-place,Entreprise de la place,Yaoundé,CDD
11 Juin 2021,Web designer,https://www.jobinfocamer.com/job/29571/web-designer-a-d-p-c-s-a,D.P.C S.A,Yaoundé,CDI
09 Juin 2021,Développeur mobile et Laravel,https://www.jobinfocamer.com/job/29554/developpeur-mobile-et-laravel-a-foza-services,Foza Services,Douala,CDI
09 Juin 2021,Développeur confirmé Java/Angular/PHP,https://www.jobinfocamer.com/job/29540/developpeur-confirme-java-angular-php-a-indyli-services,INDYLI-SERVICES,Douala,CDI
08 Juin 2021,DEVELOPPEUR,https://www.jobinfocamer.com/job/29529/developpeur-a-css-engineering,CSS-ENGINEERING,Douala,STAGE
08 Juin 2021,Chef d'équipe Développement logiciel senior C++,https://www.jobinfocamer.com/job/29525/chef-d-equipe-developpement-logiciel-senior-c--a-takenco,TAKENCO,Yaoundé,CDI
08 Juin 2021,Team Lead Senior Software Development C++,https://www.jobinfocamer.com/job/29524/team-lead-senior-software-development-c--a-takenco,TAKENCO,Yaoundé,CDI
08 Juin 2021,Développeur logiciel TFT Displays C++,https://www.jobinfocamer.com/job/29523/developpeur-logiciel-tft-displays-c--a-takenco,TAKENCO,Yaoundé,CDI
08 Juin 2021,Display Software Developer C++,https://www.jobinfocamer.com/job/29522/display-software-developer-c--a-takenco,TAKENCO,Yaoundé,CDI
08 Juin 2021,Développeur Senior Firmware Baseboards - C et C++ H/F,https://www.jobinfocamer.com/job/29521/developpeur-senior-firmware-baseboards-c-et-c-h-f-a-takenco,TAKENCO,Yaoundé,CDI
08 Juin 2021,Senior Firmware Developer Baseboards - C and C++ M/F,https://www.jobinfocamer.com/job/29520/senior-firmware-developer-baseboards-c-and-c-m-f-a-takenco,TAKENCO,Yaoundé,CDI
07 Juin 2021,Développeur Mobile,https://www.jobinfocamer.com/job/29499/developpeur-mobile-a-envase-group,Envase Group,Douala,CDI
02 Juin 2021,Ingénieur Support Applicatif N1/N2,https://www.jobinfocamer.com/job/29462/ingenieur-support-applicatif-n1-n2-a-issm,ISSM,Douala,CDI
02 Juin 2021,Développeur PYTHON/DJANGO,https://www.jobinfocamer.com/job/29459/developpeur-python-django-a-esoaf,ESOAF,Yaoundé,STAGE
02 Juin 2021,ADMINISTRATEUR SYSTEMES ET RESEAUX,https://www.jobinfocamer.com/job/29456/administrateur-systemes-et-reseaux-a-camix,CAMIX,Douala,CDI
01 Juin 2021,Informaticiens,https://www.jobinfocamer.com/job/29443/informaticiens-a-ongeek,ONGEEK,Douala,CDI
31 Mai 2021,DEVELOPPEUR WEB FRONT END ET BACK-END,https://www.jobinfocamer.com/job/29433/developpeur-web-front-end-et-back-end-a-smartworld,SMARTWORLD,Douala,CDI
30 Mai 2021,Développeur web junior,https://www.jobinfocamer.com/job/29430/developpeur-web-junior-a-ets-nobisoft,ETS NOBISOFT,Douala,STAGE
29 Mai 2021,Développeur Mobile Junior,https://www.jobinfocamer.com/job/29426/developpeur-mobile-junior-a-ufi-payment-solutions,UFI Payment Solutions,Yaoundé,CDD
27 Mai 2021,IT Developper,https://www.jobinfocamer.com/job/29409/it-developper-a-clinkast,CLINKAST,Douala,CDI
26 Mai 2021,Directeur Technique,https://www.jobinfocamer.com/job/29397/directeur-technique-a-fai-au-tchad,FAI au Tchad,"N'djamena, Tchad",CDD
26 Mai 2021,Administrateur réseau IP/EPC et Sécurité,https://www.jobinfocamer.com/job/29396/administrateur-reseau-ip-epc-et-securite-a-fai-au-tchad,FAI au Tchad,"N'djamena, Tchad",CDD
25 Mai 2021,Ingénieur Etudes et Développement JAVA,https://www.jobinfocamer.com/job/29394/ingenieur-etudes-et-developpement-java-a-megatim-group,MEGATIM GROUP,Yaoundé,CDD
25 Mai 2021,Développeur,https://www.jobinfocamer.com/job/29393/developpeur-a-getel,GETEL,Douala,STAGE
25 Mai 2021,INGENIEUR EN INFORMATIQUE,https://www.jobinfocamer.com/job/29387/ingenieur-en-informatique-a-entreprise-de-tic,ENTREPRISE DE TIC,Yaoundé,CDI
25 Mai 2021,INGENIEUR RESEAUX/TELECOMS,https://www.jobinfocamer.com/job/29386/ingenieur-reseaux-telecoms-a-entreprise-de-tic,ENTREPRISE DE TIC,Yaoundé,CDI
25 Mai 2021,INGENIEURS SOLUTIONS,https://www.jobinfocamer.com/job/29384/ingenieurs-solutions-a-entreprise-de-tic,ENTREPRISE DE TIC,Yaoundé,CDI
18 Mai 2021,Administrateur Système et Réseau,https://www.jobinfocamer.com/job/29294/administrateur-systeme-et-reseau-a-advance-it-group,ADVANCE IT GROUP,Yaoundé,STAGE
18 Mai 2021,Full Stack DÉVELOPPEUR,https://www.jobinfocamer.com/job/29293/full-stack-developpeur-a-pntec-ltd,PNTEC Ltd,Yaoundé,CDD
12 Mai 2021,Développeur applications,https://www.jobinfocamer.com/job/29250/developpeur-applications-a-entreprise-de-la-place,Entreprise de la place,Douala,CDI
11 Mai 2021,Technicien support client ERP,https://www.jobinfocamer.com/job/29243/technicien-support-client-erp-a-it-services,IT SERVICES,Yaoundé,CDI
11 Mai 2021,Software Engineer,https://www.jobinfocamer.com/job/29238/software-engineer-a-corpecca,Corpecca,Douala,CDI
10 Mai 2021,Informaticien Développeur,https://www.jobinfocamer.com/job/29228/informaticien-developpeur-a-lifetech-s-a-r-l,LifeTech S.A.R.L,Yaoundé,STAGE
07 Mai 2021,Développeur Web,https://www.jobinfocamer.com/job/29194/developpeur-web-a-avs-telecom-sarl,AVS TELECOM SARL,Yaoundé,CDD
07 Mai 2021,Team Lead Senior Software Development C++,https://www.jobinfocamer.com/job/29185/team-lead-senior-software-development-c--a-takenco,TAKENCO,Yaoundé,CDI
07 Mai 2021,Display Software Developer C++,https://www.jobinfocamer.com/job/29183/display-software-developer-c--a-takenco,TAKENCO,Yaoundé,CDI
07 Mai 2021,Senior Firmware Developer Baseboards - C and C++,https://www.jobinfocamer.com/job/29181/senior-firmware-developer-baseboards-c-and-c--a-takenco,TAKENCO,Yaoundé,CDI
06 Mai 2021,DEVELOPPEUR FRONT-END,https://www.jobinfocamer.com/job/29178/developpeur-front-end-a-tootree-sarl,Tootree SARL,Douala,CDD
06 Mai 2021,DEVELOPPEUR BACK-END,https://www.jobinfocamer.com/job/29177/developpeur-back-end-a-tootree-sarl,Tootree SARL,Douala,CDD
06 Mai 2021,Téléconseillère SAV,https://www.jobinfocamer.com/job/29166/teleconseillere-sav-a-advance-it-group,ADVANCE IT GROUP,Yaoundé,STAGE
05 Mai 2021,DEVELOPPEUR PHP Laravel,https://www.jobinfocamer.com/job/29151/developpeur-php-laravel-a-tootree-sarl,Tootree SARL,Douala,CDI
04 Mai 2021,Développeur Web C#,https://www.jobinfocamer.com/job/29147/developpeur-web-c--a-multi-business-solutions,Multi Business Solutions,Yaoundé,CDD
30 Avril 2021,Développeur Web,https://www.jobinfocamer.com/job/29109/developpeur-web-a-y-note-sarl,Y-NOTE Sarl,Yaoundé,CDI
29 Avril 2021,INFORMATICIEN,https://www.jobinfocamer.com/job/29097/informaticien-a-ste-concept-sarl,STE CONCEPT SARL,Douala,CDI
28 Avril 2021,Techniciens en Réseaux et Télécoms,https://www.jobinfocamer.com/job/29092/techniciens-en-reseaux-et-telecoms-a-twingo-sarl,Twingo SARL,Yaoundé et Douala,STAGE
28 Avril 2021,IT Country Supervisor,https://www.jobinfocamer.com/job/29086/it-country-supervisor-a-sic-cacaos,SIC CACAOS,Douala,CDI
27 Avril 2021,ADMINISTRATEUR DE BD ET SUPPORT MONETIQUE,https://www.jobinfocamer.com/job/29084/administrateur-de-bd-et-support-monetique-a-tradex-sa,TRADEX SA,Douala,CDI
25 Avril 2021,Technico-commercial,https://www.jobinfocamer.com/job/29051/technico-commercial-a-numerits,NumeriTs,Douala,STAGE
25 Avril 2021,Technicien Photocopieur et imprimante,https://www.jobinfocamer.com/job/29045/technicien-photocopieur-et-imprimante-a-entreprise-de-la-place,Entreprise de la place,Yaoundé,CDD
24 Avril 2021,Full Stack DÉVELOPPEUR JAVA,https://www.jobinfocamer.com/job/29041/full-stack-developpeur-java-a-olydis,OLYDIS,Douala,STAGE
21 Avril 2021,Ingénieur Système/Infrastructure,https://www.jobinfocamer.com/job/29005/ingenieur-systeme-infrastructure-a-panafrican-pacific-holdings,PANAFRICAN PACIFIC HOLDINGS,Yaoundé,CDD
21 Avril 2021,SYSTEM/COMPUTER NETWORKING TECHNICIAN,https://www.jobinfocamer.com/job/29003/system-computer-networking-technician-a-elecit-engineering-sarl,ElecIT ENGINEERING SARL,Douala,STAGE
21 Avril 2021,SOFTWARE DEVELOPER,https://www.jobinfocamer.com/job/29002/software-developer-a-elecit-engineering-sarl,ElecIT ENGINEERING SARL,Douala,STAGE
21 Avril 2021,DEVELOPPEUR FULL STACK,https://www.jobinfocamer.com/job/28997/developpeur-full-stack-a-gohze,GOHZE,Yaoundé,CDD
21 Avril 2021,Senior Firmware Developer Baseboards - C and C++,https://www.jobinfocamer.com/job/28990/senior-firmware-developer-baseboards-c-and-c--a-takenco,TAKENCO,Yaoundé,CDI
21 Avril 2021,Display Software Developer C++,https://www.jobinfocamer.com/job/28988/display-software-developer-c--a-takenco,TAKENCO,Yaoundé,CDI
21 Avril 2021,Team Lead Senior Software Development  C++,https://www.jobinfocamer.com/job/28987/team-lead-senior-software-development-c--a-takenco,TAKENCO,Yaoundé,CDI
19 Avril 2021,Informaticien/géomaticien,https://www.jobinfocamer.com/job/28962/informaticien-geomaticien-a-entreprise-de-la-place,Entreprise de la place,Yaoundé,CDI
18 Avril 2021,Dev/intégrateur WordPress,https://www.jobinfocamer.com/job/28943/dev-integrateur-wordpress-a-entreprise-de-la-place,Entreprise de la place,Douala,CDI
16 Avril 2021,Web developer,https://www.jobinfocamer.com/job/28931/web-developer-a-labacorp-energy-limited,LABACORP ENERGY LIMITED,Douala,STAGE
14 Avril 2021,Service Desk Specialist,https://www.jobinfocamer.com/job/28899/service-desk-specialist-a-issm,ISSM,Douala,CDI
14 Avril 2021,Ingénieur systèmes,https://www.jobinfocamer.com/job/28897/ingenieur-systemes-a-issm,ISSM,Douala,CDI
14 Avril 2021,Ingénieur Réseaux et Télécommunications,https://www.jobinfocamer.com/job/28896/ingenieur-reseaux-et-telecommunications-a-issm,ISSM,Douala,CDI
13 Avril 2021,Responsable de l’exploitation,https://www.jobinfocamer.com/job/28891/responsable-de-l-exploitation-a-issm,ISSM,Douala,CDI
13 Avril 2021,Service Desk Delivery Supervisor,https://www.jobinfocamer.com/job/28882/service-desk-delivery-supervisor-a-issm,ISSM,Douala,CDI
11 Avril 2021,Stagiaire en réseau et télécom,https://www.jobinfocamer.com/job/28848/stagiaire-en-reseau-et-telecom-a-imagine-plus-ltd,IMAGINE PLUS LTD,Yaoundé,STAGE
09 Avril 2021,Stagiaire Professionnel en TIC,https://www.jobinfocamer.com/job/28822/stagiaire-professionnel-en-tic-a-multi-business-solutions,Multi Business Solutions,Yaoundé,STAGE
08 Avril 2021,DEVELOPPEUR LOGICIEL SPECIALISE LINUX,https://www.jobinfocamer.com/job/28798/developpeur-logiciel-specialise-linux-a-himore-medical,HIMORE MEDICAL,Yaoundé,STAGE
08 Avril 2021,DEVELOPPEUR LOGICIEL SPECIALISE C#/JAVA,https://www.jobinfocamer.com/job/28797/developpeur-logiciel-specialise-c-java-a-himore-medical,HIMORE MEDICAL,Yaoundé,STAGE
08 Avril 2021,Développeur web Laravel et mobile,https://www.jobinfocamer.com/job/28787/developpeur-web-laravel-et-mobile-a-foza-services,FOZA SERVICES,Douala,CDI
07 Avril 2021,Stage Maintenance Système Informatique,https://www.jobinfocamer.com/job/28774/stage-maintenance-systeme-informatique-a-isas-sarl,ISAS SARL,Douala,STAGE
06 Avril 2021,Développeurs Java WEB Full-Stack,https://www.jobinfocamer.com/job/28759/developpeurs-java-web-full-stack-a-advance-it-group,ADVANCE IT GROUP,Yaoundé,CDI
06 Avril 2021,Testeurs/Validateurs d’Applications Web et Mobiles,https://www.jobinfocamer.com/job/28758/testeurs-validateurs-d-applications-web-et-mobiles-a-advance-it-group,ADVANCE IT GROUP,Yaoundé,CDI
05 Avril 2021,STAGIAIRE RÉSEAUX ET TÉLÉCOM,https://www.jobinfocamer.com/job/28729/stagiaire-reseaux-et-telecom-a-kimbes,KIMBES,Douala,STAGE
02 Avril 2021,Web developer Expert,https://www.jobinfocamer.com/job/28713/web-developer-expert-a-entreprise-de-la-place,Entreprise de la place,Douala,CDD
30 Mars 2021,Administrateur Web,https://www.jobinfocamer.com/job/28675/administrateur-web-a-maart,Maart,Yaoundé,STAGE
29 Mars 2021,Helpdesk,https://www.jobinfocamer.com/job/28668/helpdesk-a-entreprise-de-la-place,Entreprise de la place,Douala,CDI
29 Mars 2021,Développeur PYTHON/DJANGO,https://www.jobinfocamer.com/job/28663/developpeur-python-django-a-esoaf,ESOAF,Yaoundé,STAGE
23 Mars 2021,UI/UX Designer,https://www.jobinfocamer.com/job/28601/ui-ux-designer-a-engie-soft-sarl,Engie Soft SARL,Douala,CDI
22 Mars 2021,DÉVELOPPEUR FULL STACK,https://www.jobinfocamer.com/job/28595/developpeur-full-stack-a-income-for-africa,INCOME FOR AFRICA,Douala,CDI
21 Mars 2021,Webdesigner,https://www.jobinfocamer.com/job/28588/webdesigner-a-primes,PRIMES,Yaoundé,CDD
20 Mars 2021,Programmeur junior,https://www.jobinfocamer.com/job/28587/programmeur-junior-a-particulier,Particulier,Douala,STAGE
08 Mars 2021,DÉVELOPPEUR APPLICATION MOBILE HYBRIDE,https://www.jobinfocamer.com/job/28456/developpeur-application-mobile-hybride-a-leckpa-group,LECKPA GROUP,Yaoundé,CDI
07 Mars 2021,Développeur d’applications mobiles,https://www.jobinfocamer.com/job/28446/developpeur-d-applications-mobiles-a-tejiz-sarl,TEJIZ Sarl,Yaoundé,CDI
02 Mars 2021,DEVELOPPEUR dotNet,https://www.jobinfocamer.com/job/28404/developpeur-dotnet-a-entreprise-de-la-place,Entreprise de la place,Douala,STAGE
01 Mars 2021,Stagiaires Développeur Web,https://www.jobinfocamer.com/job/28398/stagiaires-developpeur-web-a-ecima-consulting,ECIMA CONSULTING,Douala,STAGE
26 Février 2021,Formateur en Secrétariat bureautique,https://www.jobinfocamer.com/job/28373/formateur-en-secretariat-bureautique-a-solidarite-technologique,SOLIDARITE TECHNOLOGIQUE,Yaoundé,CDD
25 Février 2021,STAGE PRO. EN RÉSEAU ET SYSTÈME,https://www.jobinfocamer.com/job/28365/stage-pro-en-reseau-et-systeme-a-axxentis,Axxentis,Yaoundé,CDD
25 Février 2021,Développeur fullstack .Net / Angular / Jquery,https://www.jobinfocamer.com/job/28359/developpeur-fullstack-net-angular-jquery-a-entreprise-de-la-place,Entreprise de la place,Yaoundé,CDD
24 Février 2021,DEVELOPPEUR WEB,https://www.jobinfocamer.com/job/28356/developpeur-web-a-entreprise-de-la-place,Entreprise de la place,Douala,STAGE
23 Février 2021,Vendeur Amazon,https://www.jobinfocamer.com/job/28343/vendeur-amazon-a-engie-soft-sarl,Engie Soft SARL,Douala,CDD
21 Février 2021,DEVELOPPEUR WOOCOMMERCE,https://www.jobinfocamer.com/job/28310/developpeur-woocommerce-a-e-business-cameroun,E-Business Cameroun,Yaoundé,CDI
20 Février 2021,DÉVELOPPEUR WEB JOOMLA,https://www.jobinfocamer.com/job/28309/developpeur-web-joomla-a-entreprise-de-la-place,Entreprise de la place,Yaoundé,STAGE
18 Février 2021,Référenceur web - spécialiste SEO,https://www.jobinfocamer.com/job/28299/referenceur-web-specialiste-seo-a-protaiin,PROTAIIN,Douala,CDI
18 Février 2021,Développeur Web Laravel,https://www.jobinfocamer.com/job/28297/developpeur-web-laravel-a-smopaye-sarl,SMOPAYE SARL,Yaoundé,STAGE
17 Février 2021,Intégrateur web,https://www.jobinfocamer.com/job/28266/integrateur-web-a-protaiin,PROTAIIN,Douala,CDI
16 Février 2021,DEVELOPPEUR(SE) WEB,https://www.jobinfocamer.com/job/28263/developpeur-se-web-a-e-business-cameroun,E-Business Cameroun,Yaoundé,CDI
11 Février 2021,Test Engineer,https://www.jobinfocamer.com/job/28206/test-engineer-a-transsion-holdings,Transsion Holdings,Douala,CDI
08 Février 2021,Stagiaires professionnels,https://www.jobinfocamer.com/job/28177/stagiaires-professionnels-a-entreprise-de-la-place,Entreprise de la place,Douala,STAGE
03 Février 2021,Informaticien Programmeur,https://www.jobinfocamer.com/job/28129/informaticien-programmeur-a-entreprise-de-la-place,Entreprise de la place,Douala,STAGE
01 Février 2021,DEVELOPPEUR PHP,https://www.jobinfocamer.com/job/28105/developpeur-php-a-twingo-sarl,Twingo SARL,Yaoundé,STAGE
01 Février 2021,Développeur Junior,https://www.jobinfocamer.com/job/28100/developpeur-junior-a-entreprise-de-la-place,Entreprise de la place,Yaoundé,STAGE
29 Janvier 2021,Ingénieur Informatique,https://www.jobinfocamer.com/job/28090/ingenieur-informatique-a-multiplex-sarl,MULTIPLEX SARL,Douala,CDI
27 Janvier 2021,Développeur Mobile Fullstack et Formateur,https://www.jobinfocamer.com/job/28068/developpeur-mobile-fullstack-et-formateur-a-ktc-center,KTC-CENTER,Yaoundé,CDI
25 Janvier 2021,DEVELOPPEUR WEB JAVA/PHP,https://www.jobinfocamer.com/job/28052/developpeur-web-java-php-a-innov-for-you,INNOV FOR YOU,Yaoundé,CDI
20 Janvier 2021,Développeurs Android / Kotlin,https://www.jobinfocamer.com/job/27996/developpeurs-android-kotlin-a-maketbiz-sas,MAKETBIZ SAS,Douala,STAGE
19 Janvier 2021,Développeur Python Full Stack,https://www.jobinfocamer.com/job/27971/developpeur-python-full-stack-a-y-note-sarl,Y-NOTE Sarl,Yaoundé,CDI
17 Janvier 2021,Développeur JAVA/PHP,https://www.jobinfocamer.com/job/27939/developpeur-java-php-a-indyli-services,Indyli-Services,Douala,STAGE
16 Janvier 2021,SEO Expert,https://www.jobinfocamer.com/job/27932/seo-expert-a-optimnet-agency,OptimNet Agency,Douala,CDD
16 Janvier 2021,Développeur Web Junior,https://www.jobinfocamer.com/job/27929/developpeur-web-junior-a-donsyl,DONSYL,Yaoundé,CDI
14 Janvier 2021,Stagiaire Wordpress,https://www.jobinfocamer.com/job/27905/stagiaire-wordpress-a-entreprise-de-la-place,Entreprise de la place,Yaoundé,STAGE
13 Janvier 2021,Ingénieur d’affaire,https://www.jobinfocamer.com/job/27855/ingenieur-d-affaire-a-wise-computers,WISE COMPUTERS,"Douala, Yaoundé, Bafoussam",CDI
13 Janvier 2021,RESPONSABLE INFORMATIQUE,https://www.jobinfocamer.com/job/27852/responsable-informatique-a-activa-assurances,ACTIVA ASSURANCES,Douala,CDI
12 Janvier 2021,Web Designer Front End,https://www.jobinfocamer.com/job/27842/web-designer-front-end-a-madia-sarl,MADIA SARL,Yaoundé,STAGE
12 Janvier 2021,Développeur Intégrateur ERP,https://www.jobinfocamer.com/job/27840/developpeur-integrateur-erp-a-veotys-sarl,VEOTYS SARL,Douala,CDI
08 Janvier 2021,Stagiaire Développeur,https://www.jobinfocamer.com/job/27813/stagiaire-developpeur-a-css-engineering,CSS-ENGINEERING,Douala,STAGE
08 Janvier 2021,DEVELOPPEUR ODOO WEB FRONT ET BACK,https://www.jobinfocamer.com/job/27811/developpeur-odoo-web-front-et-back-a-success-consults,SUCCESS CONSULTS,Douala,CDI
08 Janvier 2021,DEVELOPPEURS PHP 5 WEB FRONT ET BACK,https://www.jobinfocamer.com/job/27810/developpeurs-php-5-web-front-et-back-a-success-consults,SUCCESS CONSULTS,Douala,CDI
06 Janvier 2021,Sales Representative,https://www.jobinfocamer.com/job/27783/sales-representative-a-axxentis,Axxentis,Yaoundé,CDD
06 Janvier 2021,Stage professionnel en Développement d’Application,https://www.jobinfocamer.com/job/27771/stage-professionnel-en-developpement-d-application-a-sa2fisca-sarl,SA2FISCA SARL,Douala,STAGE
30 Décembre 2020,DÉVELOPPEUR WEB FRONT END ET BACK-END,https://www.jobinfocamer.com/job/27710/developpeur-web-front-end-et-back-end-a-smartworld,SMARTWORLD,Douala,CDI
29 Décembre 2020,Stagiaires en informatique ou en mathématiques,https://www.jobinfocamer.com/job/27699/stagiaires-en-informatique-ou-en-mathematiques-a-megasoft-sarl,MEGASOFT SARL,Yaoundé,STAGE
29 Décembre 2020,Ingénieurs Informaticiens,https://www.jobinfocamer.com/job/27696/ingenieurs-informaticiens-a-megasoft-sarl,MEGASOFT SARL,Yaoundé,CDD
28 Décembre 2020,Développeur,https://www.jobinfocamer.com/job/27672/developpeur-a-amla-cameroun,AMLA CAMEROUN,Yaoundé,CDI
25 Décembre 2020,Data Analyst,https://www.jobinfocamer.com/job/27656/data-analyst-a-ovamba-cameroon-solutions,OVAMBA CAMEROON SOLUTIONS,Douala,CDI
23 Décembre 2020,Développeur vue.js/javascript/Android/C++,https://www.jobinfocamer.com/job/27626/developpeur-vue-js-javascript-android-c--a-artificials-engineering-sarl,Artificials & Engineering SARL,Douala,STAGE
15 Décembre 2020,Technicien systèmes et réseaux,https://www.jobinfocamer.com/job/27540/technicien-systemes-et-reseaux-a-entreprise-de-la-place,Entreprise de la place,Douala,CDI
15 Décembre 2020,Développeur Odoo,https://www.jobinfocamer.com/job/27539/developpeur-odoo-a-entreprise-de-la-place,Entreprise de la place,Douala,CDI
14 Décembre 2020,Ingénieur Etude et Développement Web et Mobile,https://www.jobinfocamer.com/job/27526/ingenieur-etude-et-developpement-web-et-mobile-a-agile-sarl,AGILE SARL,Douala,CDI
13 Décembre 2020,Stagiaire IT,https://www.jobinfocamer.com/job/27522/stagiaire-it-a-helen-keller-international-cameroun,Helen Keller International Cameroun,Yaoundé,STAGE
10 Décembre 2020,DevOps python/Linux,https://www.jobinfocamer.com/job/27489/devops-python-linux-a-entreprise-de-la-place,Entreprise de la place,Yaoundé,CDI
08 Décembre 2020,Développeur web,https://www.jobinfocamer.com/job/27457/developpeur-web-a-danol-group,DANOL GROUP,Douala,STAGE
08 Décembre 2020,Développeur Salesforce Junior,https://www.jobinfocamer.com/job/27450/developpeur-salesforce-junior-a-noeli,Noeli,Yaoundé,STAGE
01 Décembre 2020,Développeur Web,https://www.jobinfocamer.com/job/27376/developpeur-web-a-donsyl,DONSYL,Yaoundé,STAGE
01 Décembre 2020,Cloud Developer,https://www.jobinfocamer.com/job/27372/cloud-developer-a-doormesh,Doormesh,Buéa,CDI
30 Novembre 2020,Développeur Mobile Fullstack et Formateur,https://www.jobinfocamer.com/job/27366/developpeur-mobile-fullstack-et-formateur-a-ktc-center,KTC-CENTER,Yaoundé,CDI
26 Novembre 2020,Développeur informatique,https://www.jobinfocamer.com/job/27308/developpeur-informatique-a-ads-ltd,ADS LTD,Douala,STAGE
25 Novembre 2020,Développeurs web,https://www.jobinfocamer.com/job/27294/developpeurs-web-a-groupe-bbp,Groupe BBP,Douala,STAGE
23 Novembre 2020,Développeur C++\Python,https://www.jobinfocamer.com/job/27274/developpeur-c-python-a-artificials-engineering-sarl,Artificials & Engineering SARL,Douala,STAGE
19 Novembre 2020,DEVELOPPEUR,https://www.jobinfocamer.com/job/27233/developpeur-a-labjeun,LABJEUN,Yaoundé,STAGE
18 Novembre 2020,STAGIAIRES DÉVELOPPEUR FULL STACK,https://www.jobinfocamer.com/job/27217/stagiaires-developpeur-full-stack-a-mk-wbc,MK WBC,Douala,STAGE
18 Novembre 2020,Web designer et Frontend developper,https://www.jobinfocamer.com/job/27216/web-designer-et-frontend-developper-a-madia-sarl,MADIA SARL,Yaoundé,STAGE
17 Novembre 2020,DEVELOPPEUR,https://www.jobinfocamer.com/job/27215/developpeur-a-londo-technology,LONDO TECHNOLOGY,Douala,STAGE
17 Novembre 2020,DEVELOPPEUR WEB,https://www.jobinfocamer.com/job/27204/developpeur-web-a-pntec-ltd,PNTEC Ltd,Yaoundé,CDD
15 Novembre 2020,Développeur web,https://www.jobinfocamer.com/job/27186/developpeur-web-a-arc-sa,ARC SA,Douala,STAGE
12 Novembre 2020,INGENIEUR TELECOMS,https://www.jobinfocamer.com/job/27143/ingenieur-telecoms-a-kakotel-sa,KAKOTEL SA,Douala,CDI
11 Novembre 2020,STAGE DÉVELOPPEUR,https://www.jobinfocamer.com/job/27127/stage-developpeur-a-css-engineering,CSS ENGINEERING,Douala,STAGE
09 Novembre 2020,ASSISTANT INFORMATIQUE,https://www.jobinfocamer.com/job/27104/assistant-informatique-a-entreprise-de-la-place,Entreprise de la place,Douala,CDI
09 Novembre 2020,FORMATEUR EXPERT EN ANIMATION ET GESTION DES SITES WEB,https://www.jobinfocamer.com/job/27097/formateur-expert-en-animation-et-gestion-des-sites-web-a-success-consults,SUCCESS CONSULTS,Douala,CDD
08 Novembre 2020,CONSEILLER TECHNIQUE TIC,https://www.jobinfocamer.com/job/27090/conseiller-technique-tic-a-giz,GIZ,Garoua,CDD
08 Novembre 2020,CONSEILLER TECHNIQUE JUNIOR TIC,https://www.jobinfocamer.com/job/27089/conseiller-technique-junior-tic-a-giz,GIZ,Douala,CDD
08 Novembre 2020,CONSEILLER TECHNIQUE INNOVATIONS NUMÉRIQUES,https://www.jobinfocamer.com/job/27085/conseiller-technique-innovations-numeriques-a-giz,GIZ,Bafoussam,CDD
06 Novembre 2020,STAGE DÉVELOPPEUR,https://www.jobinfocamer.com/job/27068/stage-developpeur-a-css-engineering,CSS ENGINEERING,Douala,STAGE
05 Novembre 2020,CHARGES DES DONNEES MEDICALES REMPLACANTS,https://www.jobinfocamer.com/job/27063/charges-des-donnees-medicales-remplacants-a-medecins-sans-frontieres,MÉDECINS SANS FRONTIÈRES,Maroua,CDD
04 Novembre 2020,Responsable applications et métiers,https://www.jobinfocamer.com/job/27042/responsable-applications-et-metiers-a-industrie-polygraphique,INDUSTRIE POLYGRAPHIQUE,Douala,CDD
04 Novembre 2020,UI/UX Designer,https://www.jobinfocamer.com/job/27041/ui-ux-designer-a-engie-soft-sarl,Engie Soft sarl,Douala,CDD
04 Novembre 2020,Stagiaire Développeur Front end Javascript,https://www.jobinfocamer.com/job/27039/stagiaire-developpeur-front-end-javascript-a-binghana-ltd,Binghana Ltd,Yaoundé,STAGE
04 Novembre 2020,STAGE PROFESSIONNEL DÉVELOPPEUR FULL STACK,https://www.jobinfocamer.com/job/27037/stage-professionnel-developpeur-full-stack-a-axxentis,Axxentis,Yaoundé,STAGE
02 Novembre 2020,DÉVELOPPEUR FULLSTACK,https://www.jobinfocamer.com/job/27010/developpeur-fullstack-a-entreprise-de-la-place,Entreprise de la place,Yaoundé,CDD
01 Novembre 2020,Développeur Frontend,https://www.jobinfocamer.com/job/27009/developpeur-frontend-a-entreprise-de-la-place,Entreprise de la place,Yaoundé,CDD
31 Octobre 2020,Développeur PHP - Prestashop,https://www.jobinfocamer.com/job/27006/developpeur-php-prestashop-a-engie-soft-sarl,Engie Soft Sarl,Douala,CDD
31 Octobre 2020,Full Stack Developer,https://www.jobinfocamer.com/job/26999/full-stack-developer-a-entreprise-de-la-place,Entreprise de la place,Douala,CDD
23 Octobre 2020,EXPERT FORMATEUR EN ANIMATION ET GESTION DES SITES WEB,https://www.jobinfocamer.com/job/26914/expert-formateur-en-animation-et-gestion-des-sites-web-a-success-consults,SUCCESS CONSULTS,Douala,CDD
21 Octobre 2020,Web and Mobile Developper,https://www.jobinfocamer.com/job/26870/web-and-mobile-developper-a-world-wide-technologies-sarl,World Wide Technologies SARL,Douala,STAGE
20 Octobre 2020,INGENIEUR SYSTEMES ET RESEAUX,https://www.jobinfocamer.com/job/26855/ingenieur-systemes-et-reseaux-a-entreprise-de-la-place,Entreprise de la place,Douala,CDI
20 Octobre 2020,INFORMATICIEN CONCEPTEUR-DEVELOPPEUR,https://www.jobinfocamer.com/job/26846/informaticien-concepteur-developpeur-a-entreprise-de-la-place,Entreprise de la place,Douala,CDI
18 Octobre 2020,Stage Informatique,https://www.jobinfocamer.com/job/26825/stage-informatique-a-neurane-sarl,NEURANE SARL,Yaoundé,STAGE
14 Octobre 2020,"Software engineers, IT graduates, and computer scientists",https://www.jobinfocamer.com/job/26775/software-engineers-it-graduates-and-computer-scientists-a-adipster-tech-limited,Adipster Tech Limited,Yaoundé,CDD
13 Octobre 2020,Stage Designer UX and Frontend avec Adobe XD,https://www.jobinfocamer.com/job/26755/stage-designer-ux-and-frontend-avec-adobe-xd-a-artificials-engineering,Artificials & Engineering,Douala,STAGE
09 Octobre 2020,Computer Scientist/Engineers and IT graduates,https://www.jobinfocamer.com/job/26732/computer-scientist-engineers-and-it-graduates-a-adipster-tech-limited,Adipster Tech Limited,Yaoundé,CDD
03 Octobre 2020,DATA ENTRY OPERATOR,https://www.jobinfocamer.com/job/26661/data-entry-operator-a-doctors-without-borders,DOCTORS WITHOUT BORDERS,Kumba,CDD
29 Septembre 2020,IT MANAGER et IT OFFICER,https://www.jobinfocamer.com/job/26596/it-manager-et-it-officer-a-entreprise-de-la-place,Entreprise de la place,Yaoundé,CDI
28 Septembre 2020,TECHNICIEN MAINTENANCE INFORMATIQUE,https://www.jobinfocamer.com/job/26582/technicien-maintenance-informatique-a-rbs-holdings-sarl,RBS HOLDINGS SARL,Douala,STAGE
28 Septembre 2020,Développeur d’application Java/J2EE Full Stack,https://www.jobinfocamer.com/job/26572/developpeur-d-application-java-j2ee-full-stack-a-entreprise-de-la-place,Entreprise de la place,Yaoundé,CDI
26 Septembre 2020,Chargé de Plan de Continuité d'Activités et Gestion de Crise,https://www.jobinfocamer.com/job/26566/charge-de-plan-de-continuite-d-activites-et-gestion-de-crise-a-societe-generale-cameroun,SOCIETE GENERALE CAMEROUN,Douala,CDI
24 Septembre 2020,Développeur web expert en PHP,https://www.jobinfocamer.com/job/26557/developpeur-web-expert-en-php-a-entreprise-de-la-place,Entreprise de la place,Yaoundé,CDD
23 Septembre 2020,DÉVELOPPEUR WEB/MOBILE,https://www.jobinfocamer.com/job/26534/developpeur-web-mobile-a-holmetech,HOLMETECH,Douala,STAGE
22 Septembre 2020,INGENIEUR AVANT-VENTE,https://www.jobinfocamer.com/job/26506/ingenieur-avant-vente-a-entreprise-de-ntic,ENTREPRISE DE NTIC,Yaoundé,CDI
21 Septembre 2020,ICT/GIS Expert,https://www.jobinfocamer.com/job/26486/ict-gis-expert-a-iresco,IRESCO,Buéa,CDD
19 Septembre 2020,Junior developer Web and Mobile,https://www.jobinfocamer.com/job/26466/junior-developer-web-and-mobile-a-dataoptime,DataOptime,Douala,CDI
18 Septembre 2020,STAGIAIRE IT,https://www.jobinfocamer.com/job/26456/stagiaire-it-a-iita,IITA,Yaoundé,STAGE
18 Septembre 2020,IT INTERN,https://www.jobinfocamer.com/job/26455/it-intern-a-iita,IITA,Yaoundé,STAGE
16 Septembre 2020,Ingénieur informatique commercial,https://www.jobinfocamer.com/job/26413/ingenieur-informatique-commercial-a-hadron-s-a,Hadron S.A,Yaoundé,CDI
11 Septembre 2020,Intégrateur Web,https://www.jobinfocamer.com/job/26350/integrateur-web-a-mfl-paris,MFL Paris,Yaoundé,CDD
10 Septembre 2020,IT MANAGER,https://www.jobinfocamer.com/job/26345/it-manager-a-eco-food,ECO FOOD,Yaoundé,CDI
10 Septembre 2020,Développeur Fullstack,https://www.jobinfocamer.com/job/26335/developpeur-fullstack-a-cabinet-affides,Cabinet AFFIDES,Yaoundé,CDI
08 Septembre 2020,"INFORMATICIEN EN SECURITE, RESEAUX ET SYSTEMES",https://www.jobinfocamer.com/job/26292/informaticien-en-securite-reseaux-et-systemes-a-entreprise-de-la-place,Entreprise de la place,Douala,CDI
08 Septembre 2020,TECHNICIEN INFORMATIQUE,https://www.jobinfocamer.com/job/26289/technicien-informatique-a-entreprise-de-la-place,Entreprise de la place,"Douala, Yaoundé, Bafoussam",CDI
08 Septembre 2020,Développeur d’application Java/J2EE Full Stack,https://www.jobinfocamer.com/job/26286/developpeur-d-application-java-j2ee-full-stack-a-entreprise-de-la-place,Entreprise de la place,Yaoundé,CDI
08 Septembre 2020,TECHNICO-COMMERCIAL,https://www.jobinfocamer.com/job/26276/technico-commercial-a-entreprise-de-tic,ENTREPRISE DE TIC,Yaoundé,CDI
07 Septembre 2020,Data Manager,https://www.jobinfocamer.com/job/26272/data-manager-a-la-croix-rouge-camerounaise-et-la-croix-rouge-francaise,La Croix-Rouge camerounaise et la Croix-Rouge française,Maroua,CDD
04 Septembre 2020,Développeur,https://www.jobinfocamer.com/job/26228/developpeur-a-camertronix-sarl,CAMERTRONIX SARL,Yaoundé,CDI
03 Septembre 2020,Informaticien,https://www.jobinfocamer.com/job/26204/informaticien-a-college-bilingue-gedcenter,Collège bilingue GEdCenter,Yaoundé,CDI
02 Septembre 2020,ADMINISTRATEUR SYSTEME ET RESEAU,https://www.jobinfocamer.com/job/26175/administrateur-systeme-et-reseau-a-entreprise-de-tic,ENTREPRISE DE TIC,Yaoundé,STAGE
02 Septembre 2020,Développeur Web et Mobile,https://www.jobinfocamer.com/job/26169/developpeur-web-et-mobile-a-universal-software,UNIVERSAL SOFTWARE,Douala,CDD
01 Septembre 2020,Développeur iOS,https://www.jobinfocamer.com/job/26156/developpeur-ios-a-technowire,TECHNOWIRE,Yaoundé,CDI
26 Août 2020,Développeur web avec une expérience avancée sur React,https://www.jobinfocamer.com/job/26102/developpeur-web-avec-une-experience-avancee-sur-react-a-tootree-sarl,Tootree SARL,Douala,CDI
23 Août 2020,Technical Support Agent - Chat/Tickets,https://www.jobinfocamer.com/job/26059/technical-support-agent-chat-tickets-a-remotecm,RemoteCM,Yaoundé,CDI
21 Août 2020,Développeur/Opérationnel (DevOps) python / Linux,https://www.jobinfocamer.com/job/26049/developpeur-operationnel-devops-python-linux-a-entreprise-de-la-place,Entreprise de la place,Yaoundé,CDI
21 Août 2020,IT INTERN,https://www.jobinfocamer.com/job/26037/it-intern-a-elizabeth-glaser-pediatric-aids-foundation,Elizabeth Glaser Pediatric AIDS Foundation,Douala,STAGE
20 Août 2020,STAGIAIRE IT,https://www.jobinfocamer.com/job/26033/stagiaire-it-a-elizabeth-glaser-pediatric-aids-foundation,Elizabeth Glaser Pediatric AIDS Foundation,Douala,STAGE
20 Août 2020,UI designer et intégrateur,https://www.jobinfocamer.com/job/26032/ui-designer-et-integrateur-a-bap-technologies,BAP Technologies,Yaoundé,CDD
18 Août 2020,WEBMASTER - INFOGRAPHE,https://www.jobinfocamer.com/job/26002/webmaster-infographe-a-altechs-engineering-sarl,ALTECHS ENGINEERING SARL,Yaoundé,CDI
18 Août 2020,Stagiaire en Informatique de Gestion,https://www.jobinfocamer.com/job/26000/stagiaire-en-informatique-de-gestion-a-mobility-cloud,Mobility Cloud,Yaoundé,STAGE
17 Août 2020,Développeur Full Stack (MOBILE/WEB) à distance,https://www.jobinfocamer.com/job/25983/developpeur-full-stack-mobile-web-a-distance-a-digital-management,DIGITAL MANAGEMENT,,CDI
17 Août 2020,IT Assistant,https://www.jobinfocamer.com/job/25973/it-assistant-a-sud-cameroun-hevea-s-a,SUD Cameroun Hevea S.A,Ebolowa,CDI
17 Août 2020,STAGIAIRE DÉVELOPPEUR FULL STACK,https://www.jobinfocamer.com/job/25966/stagiaire-developpeur-full-stack-a-mk-wbc,MK WBC,Douala,STAGE
14 Août 2020,Responsable Sécurité des Systèmes d'Information (RSSI),https://www.jobinfocamer.com/job/25926/responsable-securite-des-systemes-d-information-rssi--a-entreprise-de-la-place,Entreprise de la place,Douala,CDI
12 Août 2020,TECHNICIENS DE MAINTENANCE COPIEURS ET IMPRIMANTES,https://www.jobinfocamer.com/job/25910/techniciens-de-maintenance-copieurs-et-imprimantes-a-entreprise-de-la-place,Entreprise de la place,Yaoundé,CDI
06 Août 2020,Développeur Front-End,https://www.jobinfocamer.com/job/25836/developpeur-front-end-a-entreprise-de-la-place,Entreprise de la place,Douala,STAGE
05 Août 2020,Développeur Front-end Angular/Ionic Framework,https://www.jobinfocamer.com/job/25830/developpeur-front-end-angular-ionic-framework-a-pole-digital,Pôle Digital,Yaoundé,CDD
05 Août 2020,Responsable Technique,https://www.jobinfocamer.com/job/25816/responsable-technique-a-cabinet-affides,Cabinet AFFIDES,Yaoundé,CDI
03 Août 2020,INFORMATICIEN CONCEPTEUR-DÉVELOPPEUR,https://www.jobinfocamer.com/job/25790/informaticien-concepteur-developpeur-a-entreprise-de-la-place,Entreprise de la place,Douala,CDI
03 Août 2020,Développeur de module odoo erp,https://www.jobinfocamer.com/job/25781/developpeur-de-module-odoo-erp-a-digitals-work4u,Digitals Work4u,Douala,STAGE
02 Août 2020,Développeur Prestashop + Wordpress Qualifié,https://www.jobinfocamer.com/job/25776/developpeur-prestashop-wordpress-qualifie-a-sclwebmaker,SclWebMaker,Yaoundé,CDI
30 Juillet 2020,Développeur,https://www.jobinfocamer.com/job/25750/developpeur-a-uni2grow-cameroun-sarl,Uni2grow Cameroun SARL,Dschang,CDI
29 Juillet 2020,DEVELOPPEUR WEB,https://www.jobinfocamer.com/job/25740/developpeur-web-a-groupe-bbf,GROUPE BBF,Douala,CDD
27 Juillet 2020,Vue JS Developer,https://www.jobinfocamer.com/job/25701/vue-js-developer-a-anymoney,AnyMoney,Douala,CDI
25 Juillet 2020,Business analyst,https://www.jobinfocamer.com/job/25695/business-analyst-a-megasoft-sarl,MEGASOFT SARL,Yaoundé,CDD
24 Juillet 2020,Stagiaires de haut niveau en Informatique/Mathématiques,https://www.jobinfocamer.com/job/25676/stagiaires-de-haut-niveau-en-informatique-mathematiques-a-megasoft-sarl,MEGASOFT SARL,Yaoundé,STAGE
24 Juillet 2020,Développeur informatique,https://www.jobinfocamer.com/job/25675/developpeur-informatique-a-entreprise-de-la-place,Entreprise de la place,Yaoundé,CDI
24 Juillet 2020,Help Desk Manager,https://www.jobinfocamer.com/job/25673/help-desk-manager-a-activa-assurances,ACTIVA ASSURANCES,Douala,CDI
24 Juillet 2020,Développeurs d'applications,https://www.jobinfocamer.com/job/25670/developpeurs-d-applications-a-smart-tech-sarl,SMART TECH SARL,Douala,CDI
23 Juillet 2020,Consultant / Consultant senior Chef de Projet Digital,https://www.jobinfocamer.com/job/25666/consultant-consultant-senior-chef-de-projet-digital-a-sims-ca-sarl,SIMS CA SARL,Douala,CDI
21 Juillet 2020,DÉVELOPPEURS LOGICIELS,https://www.jobinfocamer.com/job/25643/developpeurs-logiciels-a-indra-telecom,INDRA TELECOM,Yaoundé,CDD
21 Juillet 2020,Développeur/Opérationnel (DevOps) python / Linux,https://www.jobinfocamer.com/job/25635/developpeur-operationnel-devops-python-linux-a-entreprise-de-la-place,Entreprise de la place,Yaoundé,CDI
20 Juillet 2020,Administrateur système et réseau,https://www.jobinfocamer.com/job/25625/administrateur-systeme-et-reseau-a-entreprise-de-la-place,Entreprise de la place,Douala,CDI
20 Juillet 2020,Développeur Front End,https://www.jobinfocamer.com/job/25619/developpeur-front-end-a-eagles-host,EAGLES HOST,Douala,CDD
19 Juillet 2020,STAGIAIRE DIGITAL MARKETER,https://www.jobinfocamer.com/job/25611/stagiaire-digital-marketer-a-ntas-services,NTAS SERVICES,Douala,STAGE
18 Juillet 2020,DÉVELOPPEUR FULLSTACK,https://www.jobinfocamer.com/job/25605/developpeur-fullstack-a-digit,DIGIT,Douala,CDD
16 Juillet 2020,Enseignants d'Informatique,https://www.jobinfocamer.com/job/25567/enseignants-d-informatique-a-ktc-center,KTC-CENTER,Yaoundé,CDD
14 Juillet 2020,INGENIEUR INFORMATIQUE,https://www.jobinfocamer.com/job/25531/ingenieur-informatique-a-dohone-sa,DOHONE SA,Yaoundé,CDI
14 Juillet 2020,INGENIEUR  RESEAU ET DE SECURITE,https://www.jobinfocamer.com/job/25529/ingenieur-reseau-et-de-securite-a-dohone-sa,DOHONE SA,Yaoundé,CDI
09 Juillet 2020,STAGIAIRE POUR RENDRE LES SITES MOBILES,https://www.jobinfocamer.com/job/25461/stagiaire-pour-rendre-les-sites-mobiles-a-megasoft-sarl,MEGASOFT SARL,Yaoundé,STAGE
08 Juillet 2020,DEVELOPPEUR WEB FRONT END,https://www.jobinfocamer.com/job/25447/developpeur-web-front-end-a-smartworld,SMARTWORLD,Douala,CDI
07 Juillet 2020,Développeur mobile Flutter,https://www.jobinfocamer.com/job/25433/developpeur-mobile-flutter-a-engie-soft-sarl,Engie Soft SARL,Douala,CDD
07 Juillet 2020,Développeur Front-end Angular/Ionic Framework,https://www.jobinfocamer.com/job/25430/developpeur-front-end-angular-ionic-framework-a-pole-digital,Pôle Digital,Yaoundé,CDD
07 Juillet 2020,Développeur .Net C# Fullstack,https://www.jobinfocamer.com/job/25429/developpeur-net-c-fullstack-a-pole-digital,Pôle Digital,Yaoundé,CDD
03 Juillet 2020,Développeur,https://www.jobinfocamer.com/job/25390/developpeur-a-suitch,SuiTch,Douala,CDI
03 Juillet 2020,DÉVELOPPEUR FULL STACK,https://www.jobinfocamer.com/job/25385/developpeur-full-stack-a-axxentis,Axxentis,Yaoundé,STAGE
26 Juin 2020,Développeur mobile,https://www.jobinfocamer.com/job/25314/developpeur-mobile-a-mulemacare,MULEMACARE,Douala,CDI
25 Juin 2020,Stagiaire en Développement Web,https://www.jobinfocamer.com/job/25303/stagiaire-en-developpement-web-a-groupe-bbf,GROUPE BBF,Douala,STAGE
25 Juin 2020,Administrateur système et réseau,https://www.jobinfocamer.com/job/25299/administrateur-systeme-et-reseau-a-entreprise-de-la-place,Entreprise de la place,Douala,CDI
25 Juin 2020,Développeur/Opérationnel (DevOps) python / Linux,https://www.jobinfocamer.com/job/25295/developpeur-operationnel-devops-python-linux-a-entreprise-de-la-place,Entreprise de la place,Yaoundé,CDI
24 Juin 2020,Développeur PYTHON,https://www.jobinfocamer.com/job/25274/developpeur-python-a-esoaf,ESOAF,Yaoundé,STAGE
22 Juin 2020,Développeur Backend  NodeJS,https://www.jobinfocamer.com/job/25256/developpeur-backend-nodejs-a-technowire,TECHNOWIRE,Yaoundé,CDI
22 Juin 2020,Développeur Web ReactJS,https://www.jobinfocamer.com/job/25254/developpeur-web-reactjs-a-technowire,TECHNOWIRE,Yaoundé,CDI
22 Juin 2020,Testeur de système applicatif,https://www.jobinfocamer.com/job/25253/testeur-de-systeme-applicatif-a-technowire,TECHNOWIRE,Yaoundé,CDI
22 Juin 2020,Développeur WEB - MOBILE,https://www.jobinfocamer.com/job/25252/developpeur-web-mobile-a-entreprise-de-la-place,Entreprise de la place,Douala,CDD
22 Juin 2020,Développeur Mobile,https://www.jobinfocamer.com/job/25245/developpeur-mobile-a-shlife-sas,Shlife SAS,Douala,CDD
20 Juin 2020,Stagiaire Informatique professionnel,https://www.jobinfocamer.com/job/25234/stagiaire-informatique-professionnel-a-aite-consulting,Aite consulting,Douala,STAGE
19 Juin 2020,Développeurs web et mobile,https://www.jobinfocamer.com/job/25218/developpeurs-web-et-mobile-a-paykap-mobile-money,PayKap Mobile Money,Douala,CDI
18 Juin 2020,INFORMATICIEN DÉVELOPPEUR D’APPLICATION,https://www.jobinfocamer.com/job/25215/informaticien-developpeur-d-application-a-mbs,MBS,Yaoundé,CDI
17 Juin 2020,Ingénieur Développeur PHP Expérimenté,https://www.jobinfocamer.com/job/25198/ingenieur-developpeur-php-experimente-a-mel-investment-banking,Mel Investment Banking,Douala,CDD
17 Juin 2020,Experienced Bilingual Lead IT and Developer,https://www.jobinfocamer.com/job/25194/experienced-bilingual-lead-it-and-developer-a-vtc,VTC,Douala,CDI
14 Juin 2020,Chargé du Suivi de la Productivité,https://www.jobinfocamer.com/job/25163/charge-du-suivi-de-la-productivite-a-megasoft-sarl,MEGASOFT SARL,Yaoundé,STAGE
13 Juin 2020,Développeur PHP – Wordpress,https://www.jobinfocamer.com/job/25157/developpeur-php-wordpress-a-modafa-sarl,MODAFA SARL,Yaoundé,CDI
11 Juin 2020,WEBDESIGNER,https://www.jobinfocamer.com/job/25143/webdesigner-a-lumen-numeriik-sarl,LUMEN NUMERIIK SARL,Douala,CDD
11 Juin 2020,Développeur web et mobile,https://www.jobinfocamer.com/job/25138/developpeur-web-et-mobile-a-big-data-solution,Big Data Solution,Yaoundé,STAGE
11 Juin 2020,Data analyst,https://www.jobinfocamer.com/job/25136/data-analyst-a-big-data-solution,Big Data Solution,Yaoundé,STAGE
09 Juin 2020,UX/UI designer,https://www.jobinfocamer.com/job/25106/ux-ui-designer-a-qui-go,QUI-GO,Douala,CDD
07 Juin 2020,Stagiaire en Développement Web et Androïd,https://www.jobinfocamer.com/job/25076/stagiaire-en-developpement-web-et-android-a-artificials-engineering,Artificials & Engineering,Douala,STAGE
05 Juin 2020,Stagiaire en développement web/mobile,https://www.jobinfocamer.com/job/25060/stagiaire-en-developpement-web-mobile-a-tagus-drone-sarl,TAGUS DRONE SARL,Yaoundé,STAGE
03 Juin 2020,Développeur / Intégrateur Informatique Prestashop Qualifié,https://www.jobinfocamer.com/job/25041/developpeur-integrateur-informatique-prestashop-qualifie-a-izisolutions,IziSolutions,Yaoundé,CDI
02 Juin 2020,Technicien en Informatique/Maintenance (Réseaux) informatique,https://www.jobinfocamer.com/job/25037/technicien-en-informatique-maintenance-reseaux-informatique-a-ktc-center,KTC-CENTER,Yaoundé,STAGE
02 Juin 2020,STAGE PRO - Développeur Web,https://www.jobinfocamer.com/job/25036/stage-pro-developpeur-web-a-ktc-center,KTC-CENTER,Yaoundé,STAGE
02 Juin 2020,Développeur Web,https://www.jobinfocamer.com/job/25035/developpeur-web-a-ktc-center,KTC-CENTER,Yaoundé,CDI
01 Juin 2020,STAGE en développement informatique,https://www.jobinfocamer.com/job/25007/stage-en-developpement-informatique-a-adsyst,ADSYST,Douala,STAGE
31 Mai 2020,ASSISTANT.E SUIVI-EVALUATION EN CHARGE DE LA BASE DE DONNÉES ET DU SIG,https://www.jobinfocamer.com/job/25003/assistant-e-suivi-evaluation-en-charge-de-la-base-de-donnees-et-du-sig-a-giz,GIZ,Yaoundé,CDD
22 Mai 2020,Développeur web,https://www.jobinfocamer.com/job/24928/developpeur-web-a-danol-group,DANOL GROUP,Douala,STAGE
20 Mai 2020,Développeur Web,https://www.jobinfocamer.com/job/24921/developpeur-web-a-amla-cameroun,AMLA CAMEROUN,Yaoundé,CDD
16 Mai 2020,GROWTH HACKER,https://www.jobinfocamer.com/job/24887/growth-hacker-a-suitch,SuiTch,Douala,CDI
16 Mai 2020,Product Developer,https://www.jobinfocamer.com/job/24884/product-developer-a-suitch,SuiTch,Douala,CDI
13 Mai 2020,TECHNICIEN INFORMATIQUE,https://www.jobinfocamer.com/job/24863/technicien-informatique-a-entreprise-de-la-place,Entreprise de la place,Douala,CDI
13 Mai 2020,Développeur Mobile Flutter,https://www.jobinfocamer.com/job/24850/developpeur-mobile-flutter-a-advance-it-group,ADVANCE IT GROUP,Yaoundé,CDI
08 Mai 2020,Stagiaire CONTENT MANAGER,https://www.jobinfocamer.com/job/24807/stagiaire-content-manager-a-tootree-sarl,TOOTREE Sarl,Douala,STAGE
08 Mai 2020,"Administrateur Systèmes, Réseaux et Sécurité",https://www.jobinfocamer.com/job/24799/administrateur-systemes-reseaux-et-securite-a-banque-atlantique,BANQUE ATLANTIQUE,Douala,CDI
06 Mai 2020,Formateur PMP,https://www.jobinfocamer.com/job/24794/formateur-pmp-a-cugit-consulting,CUGIT Consulting,Douala,CDI
06 Mai 2020,Cisco CCNA Trainer,https://www.jobinfocamer.com/job/24793/cisco-ccna-trainer-a-cugit-consulting,CUGIT Consulting,Douala,CDI
03 Mai 2020,Développeur Back End .NET CORE,https://www.jobinfocamer.com/job/24765/developpeur-back-end-net-core-a-pse-consulting-sarl,PSE Consulting Sarl,Yaoundé,CDD
03 Mai 2020,Stagiaire Technicien Réseau,https://www.jobinfocamer.com/job/24764/stagiaire-technicien-reseau-a-twingo-sarl,Twingo SARL,Yaoundé,STAGE
02 Mai 2020,Information Technology Assistant,https://www.jobinfocamer.com/job/24757/information-technology-assistant-a-elizabeth-glaser-pediatric-aids-foundation,Elizabeth Glaser Pediatric AIDS Foundation,Ebolowa,CDI
25 Avril 2020,Développeur Web,https://www.jobinfocamer.com/job/24728/developpeur-web-a-donsyl,DONSYL,Yaoundé,STAGE
24 Avril 2020,RESPONSABLE SYSTEMES D'INFORMATION,https://www.jobinfocamer.com/job/24714/responsable-systemes-d-information-a-cimaf-cameroun,CIMAF CAMEROUN,Douala,CDI
23 Avril 2020,Ingénieur Développeur,https://www.jobinfocamer.com/job/24706/ingenieur-developpeur-a-mel-investment-banking,Mel Investment Banking,Douala,STAGE
23 Avril 2020,Technicien informatique,https://www.jobinfocamer.com/job/24702/technicien-informatique-a-wise-computers,WISE COMPUTERS,Douala,CDI
22 Avril 2020,Stagiaire Système et Réseau,https://www.jobinfocamer.com/job/24696/stagiaire-systeme-et-reseau-a-muffedyc,MUFFEDYC,Yaoundé,STAGE
22 Avril 2020,Ingénieur Technico-Commercial,https://www.jobinfocamer.com/job/24690/ingenieur-technico-commercial-a-wise-computers,WISE COMPUTERS,Douala et Yaoundé,CDI
16 Avril 2020,Codeur/Développeur Python,https://www.jobinfocamer.com/job/24638/codeur-developpeur-python-a-panafrican-pacific-holdings,PANAFRICAN PACIFIC HOLDINGS,Yaoundé,CDD
14 Avril 2020,Développeur logiciel Web et Android,https://www.jobinfocamer.com/job/24616/developpeur-logiciel-web-et-android-a-maas-consulting,Maas Consulting,Douala,CDD
07 Avril 2020,Développeurs Web et Mobile (Android et IOS),https://www.jobinfocamer.com/job/24577/developpeurs-web-et-mobile-android-et-ios--a-digitech-sas,DIGITECH SAS,Douala,CDD
03 Avril 2020,Développeur Web et Android,https://www.jobinfocamer.com/job/24563/developpeur-web-et-android-a-himore-medical,HIMORE MEDICAL,Yaoundé,CDD
02 Avril 2020,UI/UX Designer,https://www.jobinfocamer.com/job/24560/ui-ux-designer-a-advance-it-group,ADVANCE IT GROUP,Yaoundé,CDI
02 Avril 2020,Testeur/Validateur d'Applications Web et Mobiles,https://www.jobinfocamer.com/job/24553/testeur-validateur-d-applications-web-et-mobiles-a-advance-it-group,ADVANCE IT GROUP,Yaoundé,CDI
30 Mars 2020,Développeur Stagiaire,https://www.jobinfocamer.com/job/24523/developpeur-stagiaire-a-madia-sarl,MADIA SARL,Yaoundé,STAGE
27 Mars 2020,Développeurs Web stagiaires,https://www.jobinfocamer.com/job/24496/developpeurs-web-stagiaires-a-cefritech,CEFRITECH,Yaoundé,STAGE
26 Mars 2020,TECHNICIEN RESEAUX INFORMATIQUES,https://www.jobinfocamer.com/job/24495/technicien-reseaux-informatiques-a-archipel,ARCHIPEL,Yaoundé,CDI
25 Mars 2020,Technicien Réseau,https://www.jobinfocamer.com/job/24486/technicien-reseau-a-affaire-media,Affaire Média,Douala,STAGE
25 Mars 2020,Programmeur Web/Application,https://www.jobinfocamer.com/job/24484/programmeur-web-application-a-affaire-media,Affaire Média,Douala,STAGE
22 Mars 2020,CHARGÉ.E IT,https://www.jobinfocamer.com/job/24455/charge-e-it-a-giz,GIZ,Yaoundé,CDD
21 Mars 2020,Technicien réseau informatique,https://www.jobinfocamer.com/job/24446/technicien-reseau-informatique-a-imagine-plus-ltd,IMAGINE PLUS LTD,Yaoundé,CDD
18 Mars 2020,Développeur,https://www.jobinfocamer.com/job/24413/developpeur-a-fast-general-trading-dante-fox,Fast General Trading & Dante Fox,Douala,CDI
17 Mars 2020,Développeur informatique,https://www.jobinfocamer.com/job/24401/developpeur-informatique-a-smopaye-sarl,SMOPAYE SARL,Yaoundé,STAGE
16 Mars 2020,Analyste Test et Validation,https://www.jobinfocamer.com/job/24395/analyste-test-et-validation-a-advance-it-group,ADVANCE IT GROUP,Yaoundé,CDI
16 Mars 2020,Administrateur Système et Réseau,https://www.jobinfocamer.com/job/24389/administrateur-systeme-et-reseau-a-advance-it-group,ADVANCE IT GROUP,Yaoundé,CDI
16 Mars 2020,Administrateur système et réseau,https://www.jobinfocamer.com/job/24388/administrateur-systeme-et-reseau-a-entreprise-de-la-place,Entreprise de la place,Yaoundé,CDI
16 Mars 2020,Développeur Java WEB Full-Stack,https://www.jobinfocamer.com/job/24381/developpeur-java-web-full-stack-a-advance-it-group,ADVANCE IT GROUP,Yaoundé,CDI
13 Mars 2020,Stagiaire Administration Système Linux et Base de données,https://www.jobinfocamer.com/job/24353/stagiaire-administration-systeme-linux-et-base-de-donnees-a-isnov-sarl,ISNOV SARL,Yaoundé,STAGE
12 Mars 2020,DEVELOPPEUR WEB/LOGICIEL,https://www.jobinfocamer.com/job/24339/developpeur-web-logiciel-a-tagus-drone,TAGUS DRONE,Yaoundé,STAGE
11 Mars 2020,Développeur Web,https://www.jobinfocamer.com/job/24316/developpeur-web-a-entreprise-de-la-place,Entreprise de la place,Douala,STAGE
10 Mars 2020,DÉVELOPPEUR .NET C#,https://www.jobinfocamer.com/job/24285/developpeur-net-c--a-muffedyc,Muffedyc,Yaoundé,CDD
09 Mars 2020,Développeur informatique,https://www.jobinfocamer.com/job/24265/developpeur-informatique-a-adsyst,ADSYST,Douala,STAGE
07 Mars 2020,Développeur d'applications Web,https://www.jobinfocamer.com/job/24252/developpeur-d-applications-web-a-la-centrale-informatique,La centrale Informatique,Douala,CDD
05 Mars 2020,DEVELOPPEUR PHP WEB FRONT ET BACK,https://www.jobinfocamer.com/job/24224/developpeur-php-web-front-et-back-a-success-consults,SUCCESS CONSULTS,Yaoundé,CDI
05 Mars 2020,Protection Data Manager,https://www.jobinfocamer.com/job/24214/protection-data-manager-a-cicr,CICR,Yaoundé,CDD
02 Mars 2020,Ad and Graphics Designer,https://www.jobinfocamer.com/job/24168/ad-and-graphics-designer-a-tbg,TBG,Douala,CDI
02 Mars 2020,"WordPress, Magento and Prestashop Developers",https://www.jobinfocamer.com/job/24165/wordpress-magento-and-prestashop-developers-a-tbg,TBG,Douala,CDI
02 Mars 2020,ODOO DEVELOPERS and INTEGRATOR,https://www.jobinfocamer.com/job/24164/odoo-developers-and-integrator-a-tbg,TBG,Douala,CDI
02 Mars 2020,Développeur/Opérationnel (DevOps) python / Linux.,https://www.jobinfocamer.com/job/24158/developpeur-operationnel-devops-python-linux--a-nzhinusoft-cameroun-sarl,NzhinuSoft Cameroun SARL,Yaoundé,CDI
28 Février 2020,CHARGE MS PROJET,https://www.jobinfocamer.com/job/24141/charge-ms-projet-a-sorepco-sa,SOREPCO SA,Douala,CDI
26 Février 2020,Développeur web senior,https://www.jobinfocamer.com/job/24114/developpeur-web-senior-a-africa-med-cameroun,AFRICA-MED CAMEROUN,Douala,CDI
25 Février 2020,Développeur Full stack Junior,https://www.jobinfocamer.com/job/24098/developpeur-full-stack-junior-a-nzinghaa-lab,NZINGHAA LAB,Douala,CDI
25 Février 2020,Développeur Web,https://www.jobinfocamer.com/job/24087/developpeur-web-a-affaire-media,Affaire Média,Télétravail,STAGE
24 Février 2020,Software engineer,https://www.jobinfocamer.com/job/24082/software-engineer-a-qui-go,QUI-GO,Douala,CDI
24 Février 2020,Formateur Digital,https://www.jobinfocamer.com/job/24057/formateur-digital-a-dembou-consulting,DEMBOU CONSULTING,Douala,CDI
21 Février 2020,Développeur web Django/Python,https://www.jobinfocamer.com/job/24019/developpeur-web-django-python-a-it-consulting,IT Consulting,Yaoundé,STAGE
18 Février 2020,COMMERCIAL,https://www.jobinfocamer.com/job/23994/commercial-a-service-technologie,SERVICE TECHNOLOGIE,Douala,STAGE
18 Février 2020,ANALYSTE BI (Business intelligence),https://www.jobinfocamer.com/job/23993/analyste-bi-business-intelligence--a-sorepco-sa,SOREPCO SA,Douala,CDI
16 Février 2020,DIRECTEUR DES OPÉRATIONS,https://www.jobinfocamer.com/job/23965/directeur-des-operations-a-suitch,SuiTch,Douala,CDI
13 Février 2020,Data Manager,https://www.jobinfocamer.com/job/23957/data-manager-a-la-croix-rouge-camerounaise-et-la-croix-rouge-francaise,La Croix-Rouge camerounaise et la Croix-Rouge française,Kousséri - Extrême-Nord,CDD
07 Février 2020,TECHNICIEN RESEAUX INFORMATIQUE ET SECURITE ELECTRONIQUE,https://www.jobinfocamer.com/job/23895/technicien-reseaux-informatique-et-securite-electronique-a-servitel,SERVITEL,Douala,CDI
30 Janvier 2020,Développeur Symfony et Ionic,https://www.jobinfocamer.com/job/23813/developpeur-symfony-et-ionic-a-inimov-sas,INIMOV SAS,Douala,STAGE
22 Janvier 2020,Développeur Python Full Stack,https://www.jobinfocamer.com/job/23706/developpeur-python-full-stack-a-y-note-sarl,Y-NOTE Sarl,Yaoundé,CDI
22 Janvier 2020,Développeur PYTHON/DJANGO,https://www.jobinfocamer.com/job/23702/developpeur-python-django-a-h2-altitude,H2 ALTITUDE,Yaoundé,STAGE
21 Janvier 2020,Développeur Java WEB Full-Stack,https://www.jobinfocamer.com/job/23697/developpeur-java-web-full-stack-a-advance-it-group,ADVANCE IT GROUP,Yaoundé,CDI
21 Janvier 2020,Administrateur système et réseau,https://www.jobinfocamer.com/job/23695/administrateur-systeme-et-reseau-a-entreprise-de-la-place,Entreprise de la place,Yaoundé,CDI
21 Janvier 2020,Programmeur,https://www.jobinfocamer.com/job/23694/programmeur-a-ats,ATS,Douala,CDI
21 Janvier 2020,Développeurs Web stagiaires,https://www.jobinfocamer.com/job/23693/developpeurs-web-stagiaires-a-cefritech,CEFRITECH,Yaoundé,STAGE
17 Janvier 2020,Head of Applications and Data Management,https://www.jobinfocamer.com/job/23650/head-of-applications-and-data-management-a-pan-african-savings-loans-cameroun-s-a,PAN AFRICAN SAVINGS & LOANS CAMEROUN S.A,Douala,CDI
15 Janvier 2020,IT COORDINATOR,https://www.jobinfocamer.com/job/23629/it-coordinator-a-beetle-heritage-holding-sa,BEETLE HERITAGE HOLDING SA,Douala,CDI
15 Janvier 2020,INFORMATICIEN,https://www.jobinfocamer.com/job/23619/informaticien-a-sci-sotradic,SCI SOTRADIC,Douala,CDI
15 Janvier 2020,Intégrateur de solution chargé de la Recherche et Développement.,https://www.jobinfocamer.com/job/23610/integrateur-de-solution-charge-de-la-recherche-et-developpement--a-entreprise-de-la-place,Entreprise de la place,Yaoundé,CDI
14 Janvier 2020,Développeur Python,https://www.jobinfocamer.com/job/23605/developpeur-python-a-wise-consulting-sarl,Wise Consulting SARL,Douala,CDI
14 Janvier 2020,Développeur Laravel junior,https://www.jobinfocamer.com/job/23587/developpeur-laravel-junior-a-zoom-lab,Zoom Lab,Douala,STAGE
11 Janvier 2020,Développeur confirmé Java/PHP/WordPress,https://www.jobinfocamer.com/job/23567/developpeur-confirme-java-php-wordpress-a-indyli-services,Indyli-Services,Douala,STAGE
10 Janvier 2020,Python-Flask Developer,https://www.jobinfocamer.com/job/23558/python-flask-developer-a-mainic-consulting,Mainic Consulting,Douala,CDI
10 Janvier 2020,Stagiaire en informatique,https://www.jobinfocamer.com/job/23549/stagiaire-en-informatique-a-kt-co-btp-sa,KT&CO BTP SA,Yaoundé,STAGE
09 Janvier 2020,Développeur Web,https://www.jobinfocamer.com/job/23541/developpeur-web-a-nano-web-services,Nano Web services,Yaoundé,CDI
08 Janvier 2020,TECHNICIEN MAINTENANCE INFORMATIQUE,https://www.jobinfocamer.com/job/23529/technicien-maintenance-informatique-a-cabinet-affides,Cabinet AFFIDES,Douala,CDI
08 Janvier 2020,DÉVELOPPEUR DRUPAL,https://www.jobinfocamer.com/job/23526/developpeur-drupal-a-h2-altitude,H2 ALTITUDE,Yaoundé,STAGE
08 Janvier 2020,"Développeur C#, ASP",https://www.jobinfocamer.com/job/23522/developpeur-c-asp-a-isic,ISIC,Douala,CDI
06 Janvier 2020,Stagiaires de haut niveau en informatique ou en mathématiques,https://www.jobinfocamer.com/job/23506/stagiaires-de-haut-niveau-en-informatique-ou-en-mathematiques-a-megasoft-sarl,MEGASOFT SARL,Yaoundé,STAGE
06 Janvier 2020,Développeur Symfony and Ionic (H/F),https://www.jobinfocamer.com/job/23505/developpeur-symfony-and-ionic-h-f--a-inimov-sas,INIMOV SAS,Douala,STAGE
06 Janvier 2020,INTEGRATEUR E-LEARNING,https://www.jobinfocamer.com/job/23502/integrateur-e-learning-a-aidrh-consulting,AIDRH CONSULTING,Yaoundé,CDI
06 Janvier 2020,ADMINISTRATEUR SYSTEME ET RESEAU,https://www.jobinfocamer.com/job/23501/administrateur-systeme-et-reseau-a-aidrh-consulting,AIDRH CONSULTING,Yaoundé,CDI
04 Janvier 2020,Développeurs Informatiques,https://www.jobinfocamer.com/job/23481/developpeurs-informatiques-a-entreprise-de-la-place,Entreprise de la place,Douala,CDI
30 Décembre 2019,Android and iOS Developer,https://www.jobinfocamer.com/job/23423/android-and-ios-developer-a-mainic-consulting,Mainic Consulting,Douala,CDI
30 Décembre 2019,ENSEIGNANT FORMATEUR EN MONTAGE VIDÉO,https://www.jobinfocamer.com/job/23420/enseignant-formateur-en-montage-video-a-epfa,EPFA,Douala,CDD
30 Décembre 2019,ENSEIGNANT FORMATEUR EN INFOGRAPHIE 3D,https://www.jobinfocamer.com/job/23419/enseignant-formateur-en-infographie-3d-a-epfa,EPFA,Douala,CDD
30 Décembre 2019,ENSEIGNANT FORMATEUR EN INFOGRAPHIE 2D,https://www.jobinfocamer.com/job/23418/enseignant-formateur-en-infographie-2d-a-epfa,EPFA,Douala,CDD
29 Décembre 2019,COMMUNITY MANAGER,https://www.jobinfocamer.com/job/23416/community-manager-a-danol-group,DANOL GROUP,Douala,STAGE
27 Décembre 2019,Développeur d'application mobile,https://www.jobinfocamer.com/job/23402/developpeur-d-application-mobile-a-brainstern-consulting,BRAINSTERN CONSULTING,Yaoundé,CDD
20 Décembre 2019,CONSULTANT TECHNICIEN EN INFORMATIQUE,https://www.jobinfocamer.com/job/23351/consultant-technicien-en-informatique-a-2cg-sarl,2CG sarl,Garoua,CDD
19 Décembre 2019,National Public Management Officer,https://www.jobinfocamer.com/job/23326/national-public-management-officer-a-pnud-cameroun,PNUD Cameroun,Buéa,CDD
17 Décembre 2019,STAGIAIRE PROFESSIONNEL,https://www.jobinfocamer.com/job/23314/stagiaire-professionnel-a-teletic,TELETIC,Douala,STAGE
12 Décembre 2019,Développeur Web/Mobile,https://www.jobinfocamer.com/job/23238/developpeur-web-mobile-a-cameroun-digital,Cameroun Digital,Douala,STAGE
09 Décembre 2019,Java WEB Backend Developer,https://www.jobinfocamer.com/job/23188/java-web-backend-developer-a-advance-it-group,ADVANCE IT GROUP,Yaoundé,CDI
09 Décembre 2019,Développeur Front-End WEB et Mobile Hybride,https://www.jobinfocamer.com/job/23186/developpeur-front-end-web-et-mobile-hybride-a-advance-it-group,ADVANCE IT GROUP,Yaoundé,CDI
06 Décembre 2019,DÉVELOPPEUR,https://www.jobinfocamer.com/job/23149/developpeur-a-css-engineering,CSS ENGINEERING,Douala,STAGE
06 Décembre 2019,Formateur Vacataire en informatique,https://www.jobinfocamer.com/job/23139/formateur-vacataire-en-informatique-a-solidarite-technologique,SOLIDARITÉ TECHNOLOGIQUE,Yaoundé,CDD
05 Décembre 2019,"Responsable informatique, Administrateur des Systèmes et réseaux informatiques",https://www.jobinfocamer.com/job/23125/responsable-informatique-administrateur-des-systemes-et-reseaux-informatiques-a-centre-pasteur-du-cameroun,Centre Pasteur du Cameroun,Yaoundé,CDD
02 Décembre 2019,Développeur Java WEB Backend,https://www.jobinfocamer.com/job/23102/developpeur-java-web-backend-a-advance-it-group,ADVANCE IT GROUP,Yaoundé,CDI
01 Décembre 2019,STAGIAIRES DEVELOPPEURS,https://www.jobinfocamer.com/job/23080/stagiaires-developpeurs-a-societe-generale-cameroun,SOCIETE GENERALE CAMEROUN,Douala,STAGE
30 Novembre 2019,Computer Systems Assistant,https://www.jobinfocamer.com/job/23072/computer-systems-assistant-a-u-s-embassy,U.S. Embassy,Yaoundé,CDD
29 Novembre 2019,Développeur/Opérationnel (DevOps) python / Linux,https://www.jobinfocamer.com/job/23064/developpeur-operationnel-devops-python-linux-a-entreprise-de-la-place,Entreprise de la place,Yaoundé,CDI
28 Novembre 2019,DÉVELOPPEUR BACK-END JAVA ET TECHNOLOGIES ASSIMILÉES,https://www.jobinfocamer.com/job/23062/developpeur-back-end-java-et-technologies-assimilees-a-ufi-payment-solutions,UFI Payment Solutions,Yaoundé,CDD
28 Novembre 2019,Développeur Web,https://www.jobinfocamer.com/job/23058/developpeur-web-a-amla-cameroun,AMLA CAMEROUN,Yaoundé,CDI
27 Novembre 2019,Développeur Mobile IOS / Android,https://www.jobinfocamer.com/job/23033/developpeur-mobile-ios-android-a-binghana-ltd,Binghana Ltd,Yaoundé,STAGE
26 Novembre 2019,Technicien Helpdesk,https://www.jobinfocamer.com/job/23020/technicien-helpdesk-a-bap-technologies,BAP Technologies,Yaoundé,CDI
25 Novembre 2019,Développeur-Testeur,https://www.jobinfocamer.com/job/23012/developpeur-testeur-a-bap-technologies,BAP Technologies,Yaoundé,CDI
20 Novembre 2019,DÉVELOPPEUR  WEB,https://www.jobinfocamer.com/job/22971/developpeur-web-a-jmj-africa,JMJ AFRICA,Yaoundé,STAGE
19 Novembre 2019,Développeur Front-End WEB et Mobile Hybride,https://www.jobinfocamer.com/job/22965/developpeur-front-end-web-et-mobile-hybride-a-advance-it-group,ADVANCE IT GROUP,Yaoundé,CDI
19 Novembre 2019,Java WEB Backend Developer,https://www.jobinfocamer.com/job/22964/java-web-backend-developer-a-advance-it-group,ADVANCE IT GROUP,Yaoundé,CDI
19 Novembre 2019,Consultant(e) IT Technico Fonctionnel,https://www.jobinfocamer.com/job/22962/consultant-e-it-technico-fonctionnel-a-ticnov,TICNOV,Douala,CDI
19 Novembre 2019,Analyste programmeur .NET,https://www.jobinfocamer.com/job/22955/analyste-programmeur-net-a-dev-net,Dev .NET,Yaoundé,CDI
17 Novembre 2019,Data Manager,https://www.jobinfocamer.com/job/22941/data-manager-a-organisation-mondiale-de-la-sante,ORGANISATION MONDIALE DE LA SANTE,,CDD
15 Novembre 2019,Développeur Java WEB Backend,https://www.jobinfocamer.com/job/22933/developpeur-java-web-backend-a-advance-it-group,ADVANCE IT GROUP,Yaoundé,CDI
14 Novembre 2019,Développeur mobile et web,https://www.jobinfocamer.com/job/22927/developpeur-mobile-et-web-a-ntas-store,NTAS STORE,Douala,CDI
04 Novembre 2019,Développeurs Web,https://www.jobinfocamer.com/job/22781/developpeurs-web-a-groupe-markup,Groupe Markup,Douala,CDD
04 Novembre 2019,Développeur informatique – intégrateur,https://www.jobinfocamer.com/job/22772/developpeur-informatique-integrateur-a-djabbama-dounia-sarl,Djabbama Dounia Sarl,Ngaoundéré,CDI
02 Novembre 2019,Développeur BackEnd,https://www.jobinfocamer.com/job/22758/developpeur-backend-a-pse-consulting-sarl,PSE Consulting Sarl,Yaoundé,CDI
02 Novembre 2019,Développeur Mobile,https://www.jobinfocamer.com/job/22757/developpeur-mobile-a-pse-consulting-sarl,PSE Consulting Sarl,Yaoundé,CDI
31 Octobre 2019,Développeur WEB,https://www.jobinfocamer.com/job/22733/developpeur-web-a-multi-tv,MULTI TV,Douala,CDI
30 Octobre 2019,WEBDESIGNER,https://www.jobinfocamer.com/job/22718/webdesigner-a-afreetech,AFREETECH,Yaoundé,CDD
29 Octobre 2019,Développeur d’application Mobile – Ionic,https://www.jobinfocamer.com/job/22700/developpeur-d-application-mobile-ionic-a-let-s-realize,LET'S REALIZE,Douala,CDI
28 Octobre 2019,DEVELOPPEURS WEB ET MOBILE,https://www.jobinfocamer.com/job/22682/developpeurs-web-et-mobile-a-skysoft-technology,SKYSOFT TECHNOLOGY,Douala,STAGE
24 Octobre 2019,Ingénieur Test et validation,https://www.jobinfocamer.com/job/22642/ingenieur-test-et-validation-a-modafa-sarl,MODAFA SARL,Yaoundé,CDI
24 Octobre 2019,DÉVELOPPEUR MOBILE,https://www.jobinfocamer.com/job/22640/developpeur-mobile-a-modafa-sarl,MODAFA SARL,Yaoundé,CDI
24 Octobre 2019,Développeur FULL STACK JAVA,https://www.jobinfocamer.com/job/22639/developpeur-full-stack-java-a-modafa-sarl,MODAFA SARL,Yaoundé,CDI
24 Octobre 2019,CHEF DE PROJET JAVA,https://www.jobinfocamer.com/job/22638/chef-de-projet-java-a-modafa-sarl,MODAFA SARL,Yaoundé,CDI
24 Octobre 2019,DÉVELOPPEUR WEB FRONT ET BACK ODOO ET ERP,https://www.jobinfocamer.com/job/22637/developpeur-web-front-et-back-odoo-et-erp-a-success-consults,SUCCESS CONSULTS,Yaoundé,CDI
22 Octobre 2019,DIGITAL and WEB ANALYST,https://www.jobinfocamer.com/job/22604/digital-and-web-analyst-a-djabbama-dounia-sarl,Djabbama Dounia Sarl,Ngaoundéré,CDI
22 Octobre 2019,Responsive Website and mobile App developer,https://www.jobinfocamer.com/job/22602/responsive-website-and-mobile-app-developer-a-cediane-sarl,CEDIANE SARL,Douala,CDD
22 Octobre 2019,Responsive Website and mobile App developer,https://www.jobinfocamer.com/job/22601/responsive-website-and-mobile-app-developer-a-cediane-sarl,CEDIANE SARL,Douala,CDD
17 Octobre 2019,Développeur WEB et mobile,https://www.jobinfocamer.com/job/22563/developpeur-web-et-mobile-a-entreprise-de-la-place,Entreprise de la place,Douala,CDI
12 Octobre 2019,Information Technology Administrator,https://www.jobinfocamer.com/job/22504/information-technology-administrator-a-african-wildlife-foundation,AFRICAN WILDLIFE FOUNDATION,Yaoundé,CDI
11 Octobre 2019,Développeur PYTHON et Formateur,https://www.jobinfocamer.com/job/22490/developpeur-python-et-formateur-a-ktc-center,KTC-CENTER,Yaoundé,CDI
09 Octobre 2019,Développeurs Mobile,https://www.jobinfocamer.com/job/22466/developpeurs-mobile-a-neg-prod-attitude,NEG'PROD ATTITUDE,Yaoundé,CDI
09 Octobre 2019,Développeurs FullStack,https://www.jobinfocamer.com/job/22464/developpeurs-fullstack-a-neg-prod-attitude,NEG'PROD ATTITUDE,Yaoundé,CDI
08 Octobre 2019,Recruitment in ICT Field,https://www.jobinfocamer.com/job/22441/recruitment-in-ict-field-a-ict-university-cameroon,ICT UNIVERSITY CAMEROON,Yaoundé,CDI
07 Octobre 2019,Développeurs,https://www.jobinfocamer.com/job/22438/developpeurs-a-neg-prod-attitude,NEG'PROD ATTITUDE,Yaoundé,STAGE
05 Octobre 2019,ASSISTANT SAV,https://www.jobinfocamer.com/job/22397/assistant-sav-a-upowa,UpOwa,Yaoundé,CDI
04 Octobre 2019,ASSISTANT CHEF DE PROJET,https://www.jobinfocamer.com/job/22393/assistant-chef-de-projet-a-megasoft-sarl,MEGASOFT SARL,Yaoundé,CDD
04 Octobre 2019,IT NETWORK MANAGER,https://www.jobinfocamer.com/job/22391/it-network-manager-a-elecit-engineering-sarl,ElecIT ENGINEERING SARL,Douala,STAGE
04 Octobre 2019,SOFTWARE DEVELOPPER,https://www.jobinfocamer.com/job/22390/software-developper-a-elecit-engineering-sarl,ElecIT ENGINEERING SARL,Douala,STAGE
03 Octobre 2019,Développeur web,https://www.jobinfocamer.com/job/22375/developpeur-web-a-danol-group,DANOL GROUP,Douala,STAGE
02 Octobre 2019,Technico-Commercial(e),https://www.jobinfocamer.com/job/22352/technico-commercial-e--a-entreprise-de-la-place,Entreprise de la place,Douala,CDI
02 Octobre 2019,Spécialiste ICT (Helpdesk),https://www.jobinfocamer.com/job/22343/specialiste-ict-helpdesk--a-cicr,CICR,Yaoundé,CDD
30 Septembre 2019,Technicien Photocopieurs et Imprimantes,https://www.jobinfocamer.com/job/22305/technicien-photocopieurs-et-imprimantes-a-dexxys-cameroun,Dexxys Cameroun,Douala,CDI
30 Septembre 2019,Technicien en maintenance informatique,https://www.jobinfocamer.com/job/22303/technicien-en-maintenance-informatique-a-dexxys-cameroun,Dexxys Cameroun,Douala,CDI
30 Septembre 2019,Développeur Web et Mobile,https://www.jobinfocamer.com/job/22291/developpeur-web-et-mobile-a-perfitcom,PERFITCOM,Douala,STAGE
28 Septembre 2019,DIRECTEUR DES OPERATIONS,https://www.jobinfocamer.com/job/22288/directeur-des-operations-a-suitch,SuiTch,Douala,CDI
27 Septembre 2019,Ingénieur des Systèmes d'Information,https://www.jobinfocamer.com/job/22270/ingenieur-des-systemes-d-information-a-sosucam,SOSUCAM,Nkoteng/Mbandjock,CDI
23 Septembre 2019,Développeur Odoo,https://www.jobinfocamer.com/job/22208/developpeur-odoo-a-it-services,IT SERVICES,Yaoundé,CDI
23 Septembre 2019,Stagiaire développeur/euse logiciel,https://www.jobinfocamer.com/job/22207/stagiaire-developpeur-euse-logiciel-a-ebanda-partners,EBANDA & PARTNERS,Douala,STAGE
19 Septembre 2019,INFORMATICIEN DÉVELOPPEUR APPLICATION,https://www.jobinfocamer.com/job/22183/informaticien-developpeur-application-a-mbs,MBS,Yaoundé,CDI
17 Septembre 2019,Recruitment in ICT Field,https://www.jobinfocamer.com/job/22162/recruitment-in-ict-field-a-ict-university-cameroon,ICT UNIVERSITY CAMEROON,Yaoundé,CDI
16 Septembre 2019,SUPERVISEUR (Chef de Plateau),https://www.jobinfocamer.com/job/22141/superviseur-chef-de-plateau--a-signature-s-a-s,SIGNATURE S.A.S,Douala,CDD
16 Septembre 2019,Stage Pré-emploi Développeur web,https://www.jobinfocamer.com/job/22135/stage-pre-emploi-developpeur-web-a-ntas-store,NTAS STORE,Douala,STAGE
13 Septembre 2019,"Network, System Administrator and Helpdesk",https://www.jobinfocamer.com/job/22106/network-system-administrator-and-helpdesk-a-oolu-solar,OOLU SOLAR,Douala,CDD
13 Septembre 2019,Administrateur Réseaux système et Helpdesk,https://www.jobinfocamer.com/job/22104/administrateur-reseaux-systeme-et-helpdesk-a-oolu-solar,OOLU SOLAR,Douala,CDD
13 Septembre 2019,ICT ASSISTANT,https://www.jobinfocamer.com/job/22098/ict-assistant-a-pnud-cameroun,PNUD Cameroun,Yaoundé,CDD
12 Septembre 2019,DÉVELOPPEUR WEB,https://www.jobinfocamer.com/job/22096/developpeur-web-a-scolaryx,SCOLARYX,Douala,STAGE
11 Septembre 2019,Responsable informatique,https://www.jobinfocamer.com/job/22068/responsable-informatique-a-nj-partners-s-a,NJ PARTNERS S.A,Douala,CDD
10 Septembre 2019,DÉVELOPPEUR WEB,https://www.jobinfocamer.com/job/22048/developpeur-web-a-pntec-ltd,PNTEC Ltd,Yaoundé,STAGE
09 Septembre 2019,IT SUPPORT,https://www.jobinfocamer.com/job/22035/it-support-a-kutiwa,KUTIWA,Douala,CDI
09 Septembre 2019,Informaticien Support,https://www.jobinfocamer.com/job/22034/informaticien-support-a-kutiwa,KUTIWA,Douala,CDI
09 Septembre 2019,Développeur / Intégrateur Prestashop Qualifié,https://www.jobinfocamer.com/job/22031/developpeur-integrateur-prestashop-qualifie-a-izisolutions,IziSolutions,Yaoundé,CDD
04 Septembre 2019,Développeur Expert PHP,https://www.jobinfocamer.com/job/21983/developpeur-expert-php-a-foti-sarl,FOTI SARL,Douala,CDD
04 Septembre 2019,Développeurs Web (Stage Professionnel),https://www.jobinfocamer.com/job/21974/developpeurs-web-stage-professionnel--a-ktc-center,KTC-CENTER,Yaoundé,STAGE
02 Septembre 2019,Stage professionnel programmeur,https://www.jobinfocamer.com/job/21946/stage-professionnel-programmeur-a-ats,ATS,Douala,STAGE
31 Août 2019,Artist Designer Technique En 3D,https://www.jobinfocamer.com/job/21930/artist-designer-technique-en-3d-a-blackhole-media-tech,Blackhole Media&Tech,Douala,CDI
29 Août 2019,Stage professionnel Développeur Web,https://www.jobinfocamer.com/job/21900/stage-professionnel-developpeur-web-a-ats,ATS,Douala,CDD
29 Août 2019,Data Manager,https://www.jobinfocamer.com/job/21897/data-manager-a-la-croix-rouge-camerounaise-et-la-croix-rouge-francaise,La Croix-Rouge camerounaise et la Croix-Rouge française,Maroua,CDD
27 Août 2019,DÉVELOPPEUR WEB,https://www.jobinfocamer.com/job/21859/developpeur-web-a-upowa,UpOwa,Yaoundé,CDI
26 Août 2019,Développeur Web,https://www.jobinfocamer.com/job/21852/developpeur-web-a-mainic-sas,Mainic SAS,Douala,CDI
26 Août 2019,Développeur d'application mobile,https://www.jobinfocamer.com/job/21845/developpeur-d-application-mobile-a-advance-it-group,ADVANCE IT GROUP,Yaoundé,CDI
26 Août 2019,Java DevOps testeur-validateur,https://www.jobinfocamer.com/job/21844/java-devops-testeur-validateur-a-advance-it-group,ADVANCE IT GROUP,Yaoundé,CDI
26 Août 2019,Développeur JavaWeb,https://www.jobinfocamer.com/job/21842/developpeur-javaweb-a-advance-it-group,ADVANCE IT GROUP,Yaoundé,CDI
25 Août 2019,DÉVELOPPEUR WEB,https://www.jobinfocamer.com/job/21840/developpeur-web-a-pheonix-lab,PHEONIX LAB,Douala,STAGE
25 Août 2019,RESPONSABLE SECURITE DES SYSTEMES D’INFORMATION,https://www.jobinfocamer.com/job/21833/responsable-securite-des-systemes-d-information-a-tradex-sa,TRADEX SA,Douala,CDI
21 Août 2019,INFORMATICIEN(NE),https://www.jobinfocamer.com/job/21801/informaticien-ne--a-autohaus-s-a-,AUTOHAUS S.A.,Yaoundé / Douala,CDI
19 Août 2019,Développeur Web,https://www.jobinfocamer.com/job/21776/developpeur-web-a-shlife-sas,Shlife SAS,Douala,CDI
18 Août 2019,Agent IT,https://www.jobinfocamer.com/job/21766/agent-it-a-isas-sarl,ISAS SARL,Douala,CDI
15 Août 2019,Web DESIGNER / INFOGRAPHE,https://www.jobinfocamer.com/job/21738/web-designer-infographe-a-wely-market,Wely Market,Douala,CDD
15 Août 2019,DÉVELOPPEUR WEB,https://www.jobinfocamer.com/job/21732/developpeur-web-a-tagus-drone,TAGUS DRONE,Yaoundé,STAGE
13 Août 2019,Développeur Intégrateur Web,https://www.jobinfocamer.com/job/21709/developpeur-integrateur-web-a-mard,MARD,Douala,STAGE
10 Août 2019,WORDPRESS DEVELOPER,https://www.jobinfocamer.com/job/21675/wordpress-developer-a-mano-sarl,MANO SARL,Douala,CDI
08 Août 2019,Associate Data Officer,https://www.jobinfocamer.com/job/21664/associate-data-officer-a-elizabeth-glaser-pediatric-aids-foundation,Elizabeth Glaser Pediatric AIDS Foundation,Douala,CDD
08 Août 2019,Adjoint au Gestionnaire des bases de données,https://www.jobinfocamer.com/job/21663/adjoint-au-gestionnaire-des-bases-de-donnees-a-elizabeth-glaser-pediatric-aids-foundation,Elizabeth Glaser Pediatric AIDS Foundation,"Region du Littoral, Cameroon",CDD
06 Août 2019,Développeur Mobile,https://www.jobinfocamer.com/job/21615/developpeur-mobile-a-universal-software,UNIVERSAL SOFTWARE,Douala,CDD
06 Août 2019,Développeur web et mobile,https://www.jobinfocamer.com/job/21613/developpeur-web-et-mobile-a-nexah-sarl,NEXAH SARL,Douala,STAGE
05 Août 2019,IT Support manager,https://www.jobinfocamer.com/job/21608/it-support-manager-a-entreprise-de-la-place,Entreprise de la place,Douala,CDI
05 Août 2019,RESPONSABLE INFORMATIQUE ET TELECOMMUNICATIONS,https://www.jobinfocamer.com/job/21601/responsable-informatique-et-telecommunications-a-nachtigal-hydro-power-company-nhpc-,Nachtigal Hydro Power Company(NHPC),Yaoundé,CDI
04 Août 2019,Développeurs Web (Stage Professionnel),https://www.jobinfocamer.com/job/21591/developpeurs-web-stage-professionnel--a-ktc-center,KTC-CENTER,Yaoundé,STAGE
03 Août 2019,Dévelopeur web,https://www.jobinfocamer.com/job/21586/developeur-web-a-danol-group,DANOL GROUP,Douala,CDI
31 Juillet 2019,Développeur web et mobile,https://www.jobinfocamer.com/job/21543/developpeur-web-et-mobile-a-big-data-solution,Big Data Solution,Yaoundé,STAGE
30 Juillet 2019,Développeur Web et Android,https://www.jobinfocamer.com/job/21524/developpeur-web-et-android-a-mta-cameroun-sa,MTA CAMEROUN SA,Douala,STAGE
30 Juillet 2019,Développeur Web Laravel,https://www.jobinfocamer.com/job/21522/developpeur-web-laravel-a-paykap-mobile-money,PayKap Mobile Money,Douala,CDD
30 Juillet 2019,DevOps,https://www.jobinfocamer.com/job/21520/devops-a-advance-it-group,ADVANCE IT GROUP,Yaoundé,CDI
30 Juillet 2019,JAVAWeb Developer,https://www.jobinfocamer.com/job/21519/javaweb-developer-a-advance-it-group,ADVANCE IT GROUP,Yaoundé,CDI
30 Juillet 2019,Développeur Flutter,https://www.jobinfocamer.com/job/21512/developpeur-flutter-a-it-services,IT SERVICES,Yaoundé,CDI
30 Juillet 2019,RESPONSABLE INFORMATIQUE,https://www.jobinfocamer.com/job/21509/responsable-informatique-a-sorepco-sa,SOREPCO SA,Douala,CDI
30 Juillet 2019,Mobile App Developer,https://www.jobinfocamer.com/job/21505/mobile-app-developer-a-advance-it-group,ADVANCE IT GROUP,Yaoundé,CDI
28 Juillet 2019,Consultant Junior,https://www.jobinfocamer.com/job/21476/consultant-junior-a-signature-s-a-s,SIGNATURE S.A.S,Douala,CDD
25 Juillet 2019,Développeurs d'applications,https://www.jobinfocamer.com/job/21443/developpeurs-d-applications-a-smopaye-sarl,SMOPAYE SARL,Yaoundé,STAGE
25 Juillet 2019,Développeur Web,https://www.jobinfocamer.com/job/21439/developpeur-web-a-amla-cameroun,AMLA CAMEROUN,Yaoundé,CDI
25 Juillet 2019,Développeur Mobile,https://www.jobinfocamer.com/job/21437/developpeur-mobile-a-amla-cameroun,AMLA CAMEROUN,Yaoundé,CDI
24 Juillet 2019,Designer UX/UI,https://www.jobinfocamer.com/job/21430/designer-ux-ui-a-softconfig,SoftConfig,Douala,CDD
24 Juillet 2019,Assistants Commerciaux Informatique,https://www.jobinfocamer.com/job/21427/assistants-commerciaux-informatique-a-paness,PANESS,Douala,CDI
24 Juillet 2019,Développeur WEB JAVA J2EE,https://www.jobinfocamer.com/job/21411/developpeur-web-java-j2ee-a-cabinet-innov-for-you-dohone,Cabinet INNOV FOR YOU | DOHONE,Yaoundé,CDD
23 Juillet 2019,Développeur d'Applications Mobiles,https://www.jobinfocamer.com/job/21402/developpeur-d-applications-mobiles-a-advance-it-group,ADVANCE IT GROUP,Yaoundé,CDI
23 Juillet 2019,Java DevOps,https://www.jobinfocamer.com/job/21396/java-devops-a-advance-it-group,ADVANCE IT GROUP,Yaoundé,CDI
23 Juillet 2019,Développeur Java Web,https://www.jobinfocamer.com/job/21391/developpeur-java-web-a-advance-it-group,ADVANCE IT GROUP,Yaoundé,CDI
23 Juillet 2019,Développeur Java EE,https://www.jobinfocamer.com/job/21389/developpeur-java-ee-a-advance-it-group,ADVANCE IT GROUP,Yaoundé,CDI
22 Juillet 2019,Développeur Android,https://www.jobinfocamer.com/job/21379/developpeur-android-a-it-services,IT SERVICES,Yaoundé,CDI
21 Juillet 2019,INTERN - ICT Support,https://www.jobinfocamer.com/job/21373/intern-ict-support-a-pnud-cameroun,PNUD Cameroun,Yaoundé,STAGE
21 Juillet 2019,Contrôleur Sécurité informatique,https://www.jobinfocamer.com/job/21372/controleur-securite-informatique-a-banque-atlantique,BANQUE ATLANTIQUE,Douala,CDI
18 Juillet 2019,Administrateur système et réseau,https://www.jobinfocamer.com/job/21356/administrateur-systeme-et-reseau-a-dino-fils-sa,DINO & FILS SA,Yaoundé,STAGE
18 Juillet 2019,Développeur Full Stack,https://www.jobinfocamer.com/job/21355/developpeur-full-stack-a-dino-fils-sa,DINO & FILS SA,Yaoundé,STAGE
17 Juillet 2019,DÉVELOPPEUR WEB,https://www.jobinfocamer.com/job/21342/developpeur-web-a-churchill-training-institute,CHURCHILL TRAINING INSTITUTE,Douala,CDD
16 Juillet 2019,Test Engineer,https://www.jobinfocamer.com/job/21303/test-engineer-a-transsion-holdings,Transsion Holdings,Douala,CDI
15 Juillet 2019,Développeur Android,https://www.jobinfocamer.com/job/21290/developpeur-android-a-heyl-o,Heyl'O,Douala,CDI
11 Juillet 2019,Développeur Symphony,https://www.jobinfocamer.com/job/21222/developpeur-symphony-a-zoom-lab,Zoom Lab,Douala,CDI
10 Juillet 2019,DevOps,https://www.jobinfocamer.com/job/21216/devops-a-advance-it-group,ADVANCE IT GROUP,Yaoundé,CDI
10 Juillet 2019,JAVA Web Developer,https://www.jobinfocamer.com/job/21213/java-web-developer-a-advance-it-group,ADVANCE IT GROUP,Yaoundé,CDI
10 Juillet 2019,IT Informaticien,https://www.jobinfocamer.com/job/21193/it-informaticien-a-entreprise-de-la-place,Entreprise de la place,Douala,CDD
09 Juillet 2019,Mobile App Developer,https://www.jobinfocamer.com/job/21187/mobile-app-developer-a-advance-it-group,ADVANCE IT GROUP,Yaoundé,CDI
09 Juillet 2019,Technicien réseaux et Telecom,https://www.jobinfocamer.com/job/21185/technicien-reseaux-et-telecom-a-it-solutions-services-sarl,IT SOLUTIONS & SERVICES SARL,Douala,CDI
08 Juillet 2019,STAGIAIRE EN INFORMATIQUE ET DESIGN,https://www.jobinfocamer.com/job/21158/stagiaire-en-informatique-et-design-a-afrikanet-gosat,AFRIKANET-GoSat,Douala,STAGE
05 Juillet 2019,Stage professionnel,https://www.jobinfocamer.com/job/21135/stage-professionnel-a-memphis-consulting-sarl,MEMPHIS CONSULTING Sarl,Douala,STAGE
03 Juillet 2019,Développeur(euse) Angular / Ionic,https://www.jobinfocamer.com/job/21116/developpeur-euse-angular-ionic-a-kamerun-it,Kamerun IT,Yaoundé,CDD
03 Juillet 2019,Graphiste,https://www.jobinfocamer.com/job/21115/graphiste-a-kamerun-it,Kamerun IT,Yaoundé,CDD
03 Juillet 2019,Informaticien stagiaire,https://www.jobinfocamer.com/job/21113/informaticien-stagiaire-a-kamerun-it,Kamerun IT,Yaoundé,STAGE
03 Juillet 2019,Développeur de gestion/Développeur de web,https://www.jobinfocamer.com/job/21111/developpeur-de-gestion-developpeur-de-web-a-ong-japsso,ONG JAPSSO,Yaoundé,STAGE
03 Juillet 2019,Testeur Validateur d'Applications Java WEB et Mobiles,https://www.jobinfocamer.com/job/21107/testeur-validateur-d-applications-java-web-et-mobiles-a-advance-it-group,ADVANCE IT GROUP,Yaoundé,CDI
02 Juillet 2019,Développeur Java WEB,https://www.jobinfocamer.com/job/21100/developpeur-java-web-a-advance-it-group,ADVANCE IT GROUP,Yaoundé,CDI
28 Juin 2019,Rédacteurs de tutoriels (travail à distance),https://www.jobinfocamer.com/job/21060/redacteurs-de-tutoriels-travail-a-distance--a-tech-insights-ltd,Tech Insights Ltd,Douala,CDD
19 Juin 2019,Développeur Mobile Android/IOS,https://www.jobinfocamer.com/job/20947/developpeur-mobile-android-ios-a-advance-it-group,ADVANCE IT GROUP,Yaoundé,CDI
19 Juin 2019,DÉVELOPPEUR WEB,https://www.jobinfocamer.com/job/20945/developpeur-web-a-mainic-sas,Mainic SAS,Douala,STAGE
18 Juin 2019,Développeur web junior,https://www.jobinfocamer.com/job/20934/developpeur-web-junior-a-ets-nobisoft,ETS NOBISOFT,Douala,STAGE
18 Juin 2019,Gestionnaire des données et de la cartographie,https://www.jobinfocamer.com/job/20931/gestionnaire-des-donnees-et-de-la-cartographie-a-action-contre-la-faim-acf-,Action Contre la Faim(ACF),Maroua,CDD
15 Juin 2019,INGENIEUR RESEAUX TELECOM,https://www.jobinfocamer.com/job/20901/ingenieur-reseaux-telecom-a-societe-generale-cameroun,SOCIETE GENERALE CAMEROUN,Douala,CDI
15 Juin 2019,RESPONSABLE QUALITE et MAITRISE D’OUVRAGE DSI,https://www.jobinfocamer.com/job/20896/responsable-qualite-et-maitrise-d-ouvrage-dsi-a-bollore-transport-logistics,BOLLORE TRANSPORT & LOGISTICS,Douala,CDI
15 Juin 2019,"CHARGE DE SUPPORT, TRANSITION APPLICATIFS ET GESTIONNAIRE DE DONNÉES DE RÉFÉRENCE",https://www.jobinfocamer.com/job/20895/charge-de-support-transition-applicatifs-et-gestionnaire-de-donnees-de-reference-a-bollore-transport-logistics,BOLLORE TRANSPORT & LOGISTICS,Douala,CDI
14 Juin 2019,Stagiaires Développeurs,https://www.jobinfocamer.com/job/20892/stagiaires-developpeurs-a-h2-altitude,H2 Altitude,Yaoundé,STAGE
12 Juin 2019,DÉVELOPPEUR LOGICIEL/SOFTWARE DEVELOPER,https://www.jobinfocamer.com/job/20855/developpeur-logiciel-software-developer-a-gtic,GTIC,Douala,CDD
11 Juin 2019,IT Intern,https://www.jobinfocamer.com/job/20845/it-intern-a-world-wilde-fund-for-nature-wwf-,World Wilde Fund for Nature(WWF),Yaoundé,STAGE
10 Juin 2019,Développeur Full Stack Java EE / Angular,https://www.jobinfocamer.com/job/20831/developpeur-full-stack-java-ee-angular-a-softconfig,SoftConfig,Douala,CDD
07 Juin 2019,Contrôleurs,https://www.jobinfocamer.com/job/20786/controleurs-a-megasoft-sarl,MEGASOFT SARL,Yaoundé,STAGE
07 Juin 2019,Responsables formations pour entreprises,https://www.jobinfocamer.com/job/20783/responsables-formations-pour-entreprises-a-polytech-valor,POLYTECH VALOR,Yaoundé,CDI
05 Juin 2019,Stage Ingénieur Système / Administrateur Réseau,https://www.jobinfocamer.com/job/20748/stage-ingenieur-systeme-administrateur-reseau-a-mard-ets,Mard Ets,Douala,STAGE
05 Juin 2019,Stage développement web,https://www.jobinfocamer.com/job/20747/stage-developpement-web-a-mard-ets,Mard Ets,Douala,STAGE
05 Juin 2019,Stage développeur Front End - Angular/Vuejs/React,https://www.jobinfocamer.com/job/20746/stage-developpeur-front-end-angular-vuejs-react-a-mard-ets,Mard Ets,Douala,STAGE
05 Juin 2019,Stage Objet connecté - Electronicien Programmeur,https://www.jobinfocamer.com/job/20745/stage-objet-connecte-electronicien-programmeur-a-mard-ets,Mard Ets,Douala,STAGE
01 Juin 2019,Webdesigner,https://www.jobinfocamer.com/job/20721/webdesigner-a-particulier,Particulier,Douala,CDD
29 Mai 2019,Secrétaire de projet,https://www.jobinfocamer.com/job/20697/secretaire-de-projet-a-megasoft-sarl,MEGASOFT SARL,Yaoundé,CDD
29 Mai 2019,Assistant Chef de Projet,https://www.jobinfocamer.com/job/20696/assistant-chef-de-projet-a-megasoft-sarl,MEGASOFT SARL,Yaoundé,CDD
29 Mai 2019,STAGE PROFESSIONNEL,https://www.jobinfocamer.com/job/20694/stage-professionnel-a-axxentis,Axxentis,Yaoundé,STAGE
28 Mai 2019,Ingénieur des travaux informatique ou DUT en informatique,https://www.jobinfocamer.com/job/20692/ingenieur-des-travaux-informatique-ou-dut-en-informatique-a-megasoft-sarl,MEGASOFT SARL,Yaoundé,CDD
28 Mai 2019,Stagiaires de haut niveau en informatique ou en mathématiques,https://www.jobinfocamer.com/job/20690/stagiaires-de-haut-niveau-en-informatique-ou-en-mathematiques-a-megasoft-sarl,MEGASOFT SARL,Yaoundé,STAGE
28 Mai 2019,IT MANAGER,https://www.jobinfocamer.com/job/20684/it-manager-a-african-institute-for-mathematical-sciences,African Institute for Mathematical Sciences,Limbe,CDD
25 Mai 2019,Animateur des Ateliers Informatiques,https://www.jobinfocamer.com/job/20668/animateur-des-ateliers-informatiques-a-genius-center,GENIUS CENTER,Kribi,STAGE
24 Mai 2019,INFORMATICIENS SPECIALISTES DE BASES DE DONNEES,https://www.jobinfocamer.com/job/20660/informaticiens-specialistes-de-bases-de-donnees-a-entreprise-de-la-place,Entreprise de la place,Yaoundé,CDD
20 Mai 2019,Ingénieur développement Web,https://www.jobinfocamer.com/job/20601/ingenieur-developpement-web-a-themis-technologies,Thémis technologies,Yaoundé,STAGE
17 Mai 2019,Stagiaire developpeur,https://www.jobinfocamer.com/job/20579/stagiaire-developpeur-a-themis-technologies,Thémis technologies,Yaoundé,STAGE
17 Mai 2019,Développeur frontend and UX designer,https://www.jobinfocamer.com/job/20577/developpeur-frontend-and-ux-designer-a-agtx,AGTX,Yaoundé,CDI
17 Mai 2019,Gestionnaire Système d’Informations et Gestion Sénior,https://www.jobinfocamer.com/job/20575/gestionnaire-systeme-d-informations-et-gestion-senior-a-advans-cameroun,ADVANS CAMEROUN,Douala,CDI
15 Mai 2019,Développeur Javascript Front-End,https://www.jobinfocamer.com/job/20548/developpeur-javascript-front-end-a-binghana-ltd,Binghana Ltd,Yaoundé,STAGE
15 Mai 2019,Développeur Mobile IOS / Android,https://www.jobinfocamer.com/job/20547/developpeur-mobile-ios-android-a-binghana-ltd,Binghana Ltd,Yaoundé,STAGE
15 Mai 2019,Web Designer (Intern),https://www.jobinfocamer.com/job/20543/web-designer-intern--a-expert-versions,Expert Versions,Douala,STAGE
14 Mai 2019,DEVELOPPEUR FRONT-END,https://www.jobinfocamer.com/job/20522/developpeur-front-end-a-cotafric,COTAFRIC,Douala,CDI
09 Mai 2019,BUSINESS SOLUTION ENGINEER,https://www.jobinfocamer.com/job/20466/business-solution-engineer-a-entreprise-de-ntic,ENTREPRISE DE NTIC,Yaoundé,CDI
08 Mai 2019,DEVELOPPEUR LOGICIEL/SOFTWARE DEVELOPPER,https://www.jobinfocamer.com/job/20457/developpeur-logiciel-software-developper-a-gtic,GTIC,Douala,CDD
08 Mai 2019,WEB DESIGNER,https://www.jobinfocamer.com/job/20455/web-designer-a-ewonga-sarl,EWONGA SARL,Douala,CDD
08 Mai 2019,Ingénieur Support,https://www.jobinfocamer.com/job/20453/ingenieur-support-a-itgstore-consulting,ITGSTORE Consulting,Douala,CDI
08 Mai 2019,PROGRAMMEUR WEB ET MOBILE,https://www.jobinfocamer.com/job/20452/programmeur-web-et-mobile-a-gtic,GTIC,Douala,CDD
08 Mai 2019,DÉVELOPPEUR/CONCEPTEUR/ANALYSTE,https://www.jobinfocamer.com/job/20448/developpeur-concepteur-analyste-a-cediane-sarl,CEDIANE SARL,Douala,STAGE
08 Mai 2019,Web Developer,https://www.jobinfocamer.com/job/20446/web-developer-a-peers-exchange-cameroon,Peers Exchange Cameroon,Douala,CDI
07 Mai 2019,Chargé de suivi-évaluation,https://www.jobinfocamer.com/job/20441/charge-de-suivi-evaluation-a-la-croix-rouge-camerounaise-et-la-croix-rouge-francaise,La Croix-Rouge camerounaise et la Croix-Rouge française,Batouri - Est-Cameroun,CDD
06 Mai 2019,Développeur web Senior,https://www.jobinfocamer.com/job/20419/developpeur-web-senior-a-universal-software,UNIVERSAL SOFTWARE,Douala,CDD
03 Mai 2019,Webmaster,https://www.jobinfocamer.com/job/20401/webmaster-a-denis-and-lenora-foretia-foundation,Denis and Lenora Foretia Foundation,Yaoundé,CDI
03 Mai 2019,Administrateur base de données MS SQL Server confirmé(e),https://www.jobinfocamer.com/job/20400/administrateur-base-de-donnees-ms-sql-server-confirme-e--a-entreprise-de-la-place,Entreprise de la place,Douala,CDI
02 Mai 2019,Stage Académique en Analyse de Données,https://www.jobinfocamer.com/job/20389/stage-academique-en-analyse-de-donnees-a-shlife-sas,SHLIFE SAS,Douala,STAGE
30 Avril 2019,Développeur Mobile,https://www.jobinfocamer.com/job/20362/developpeur-mobile-a-it-services,IT SERVICES,Yaoundé,CDI
26 Avril 2019,Développeur Odoo,https://www.jobinfocamer.com/job/20339/developpeur-odoo-a-it-services,IT SERVICES,Yaoundé,CDI
25 Avril 2019,Java Engineer,https://www.jobinfocamer.com/job/20321/java-engineer-a-rfo-consulting,RFO CONSULTING,Douala,CDD
24 Avril 2019,"Freelancer WEB (Django, React JS)",https://www.jobinfocamer.com/job/20286/freelancer-web-django-react-js--a-ewonga-sarl,EWONGA SARL,Douala,CDD
18 Avril 2019,Animateur des Ateliers Informatiques,https://www.jobinfocamer.com/job/20207/animateur-des-ateliers-informatiques-a-genius-center,Genius Center,Douala,STAGE
17 Avril 2019,Développeur Mobile Flutter,https://www.jobinfocamer.com/job/20194/developpeur-mobile-flutter-a-it-services,IT SERVICES,Yaoundé,CDI
17 Avril 2019,Développeur BI,https://www.jobinfocamer.com/job/20193/developpeur-bi-a-it-services,IT SERVICES,Yaoundé,CDI
17 Avril 2019,Développeur Web PRESTASHOP,https://www.jobinfocamer.com/job/20192/developpeur-web-prestashop-a-binghana-ltd,Binghana Ltd,Yaoundé,CDI
17 Avril 2019,Intégrateur Web,https://www.jobinfocamer.com/job/20191/integrateur-web-a-binghana-ltd,Binghana Ltd,Yaoundé,CDI
16 Avril 2019,DÉVELOPPEUR D'APPLICATIONS MOBILES,https://www.jobinfocamer.com/job/20187/developpeur-d-applications-mobiles-a-ufi-payment-solutions,UFI PAYMENT SOLUTIONS,Yaoundé,CDD
15 Avril 2019,FROND END( UI/UX) DEVELOPER AND WEB and GRAPHIC DESIGNER AT VTC,https://www.jobinfocamer.com/job/20165/frond-end-ui-ux-developer-and-web-and-graphic-designer-at-vtc-a-vtc,VTC,Douala,CDI
14 Avril 2019,Database Administrator,https://www.jobinfocamer.com/job/20147/database-administrator-a-cidc-s-a-,CIDC S.A.,Yaoundé,CDI
12 Avril 2019,Chef d'équipe de développement JAVA JEE SPRING,https://www.jobinfocamer.com/job/20129/chef-d-equipe-de-developpement-java-jee-spring-a-it-services,IT SERVICES,Yaoundé,CDI
11 Avril 2019,Développeur Web,https://www.jobinfocamer.com/job/20118/developpeur-web-a-paykap-mobile-money,PayKap Mobile Money,Douala,CDI
10 Avril 2019,RESPONSABLE INFORMATIQUE,https://www.jobinfocamer.com/job/20111/responsable-informatique-a-auto-22-industry-sarl,AUTO 22 INDUSTRY SARL,Douala,CDI
08 Avril 2019,DÉVELOPPEUR JAVA JEE SPRING,https://www.jobinfocamer.com/job/20079/developpeur-java-jee-spring-a-it-services,IT SERVICES,Yaoundé,CDI
06 Avril 2019,Développeur Web,https://www.jobinfocamer.com/job/20069/developpeur-web-a-donsyl,DONSYL,Yaoundé,STAGE
06 Avril 2019,ICT Focal Point,https://www.jobinfocamer.com/job/20066/ict-focal-point-a-organisation-mondiale-de-la-sante,ORGANISATION MONDIALE DE LA SANTE,Yaoundé,CDD
04 Avril 2019,Développeur d'applications,https://www.jobinfocamer.com/job/20044/developpeur-d-applications-a-smopaye-sarl,SMOPAYE SARL,Yaoundé,CDI
03 Avril 2019,Stagiaire développeur Web,https://www.jobinfocamer.com/job/20032/stagiaire-developpeur-web-a-betuulabs,Betuulabs,Douala,STAGE
02 Avril 2019,Développeur(s) stagiaire(s),https://www.jobinfocamer.com/job/20018/developpeur-s-stagiaire-s--a-mainic-sas,Mainic SAS,Douala,STAGE
29 Mars 2019,Développeur  Web programmation orientée objet (POO),https://www.jobinfocamer.com/job/19972/developpeur-web-programmation-orientee-objet-poo--a-paykap-mobile-money,PayKap Mobile Money,Douala,CDI
29 Mars 2019,"Designers, Developers and Robotics engineers wanted",https://www.jobinfocamer.com/job/19970/designers-developers-and-robotics-engineers-wanted-a-genius-center,Genius Center,Douala,CDI
27 Mars 2019,Stage préemploi Ingénieur système embarqué,https://www.jobinfocamer.com/job/19953/stage-preemploi-ingenieur-systeme-embarque-a-bao-sarl,BAO SARL,Douala,STAGE
26 Mars 2019,Développeur Web JEE,https://www.jobinfocamer.com/job/19933/developpeur-web-jee-a-it-services,IT SERVICES,Yaoundé,CDI
22 Mars 2019,Formateur expérimenté en pack office,https://www.jobinfocamer.com/job/19898/formateur-experimente-en-pack-office-a-archipel,ARCHIPEL,Douala,CDI
21 Mars 2019,QUALITY ASSURANCE ENGINEER (MOBILE AND WEB APPS),https://www.jobinfocamer.com/job/19876/quality-assurance-engineer-mobile-and-web-apps--a-maviance-cameroon-plc,Maviance Cameroon PLC,Douala,CDI
21 Mars 2019,Infrastructure Server and Desktop Support Services Officer,https://www.jobinfocamer.com/job/19868/infrastructure-server-and-desktop-support-services-officer-a-ecobank-cameroun,ECOBANK CAMEROUN,Douala,CDI
20 Mars 2019,Technicien en télécommunication,https://www.jobinfocamer.com/job/19859/technicien-en-telecommunication-a-telecom-upgrade,TELECOM UPGRADE,Douala et Yaoundé,STAGE
19 Mars 2019,ICT Supervisor,https://www.jobinfocamer.com/job/19840/ict-supervisor-a-doctors-without-borders,Doctors Without Borders,Buéa,CDD
17 Mars 2019,Développeur d’applications web Java EE et mobile hybride avec IONIC,https://www.jobinfocamer.com/job/19813/developpeur-d-applications-web-java-ee-et-mobile-hybride-avec-ionic-a-jas-sarl,JAS sarl,Yaoundé,CDD
15 Mars 2019,Stagiaires développeurs,https://www.jobinfocamer.com/job/19794/stagiaires-developpeurs-a-h2-altitude,H2 Altitude,Yaoundé,STAGE
15 Mars 2019,COMMUNITY MANAGER,https://www.jobinfocamer.com/job/19792/community-manager-a-css-engineering,CSS ENGINEERING,Douala,STAGE
12 Mars 2019,Développeur Web (Télétravail),https://www.jobinfocamer.com/job/19744/developpeur-web-teletravail--a-it-services,IT SERVICES,Yaoundé,STAGE
10 Mars 2019,Développeur Web J2E,https://www.jobinfocamer.com/job/19724/developpeur-web-j2e-a-it-services,IT SERVICES,Yaoundé,CDI
09 Mars 2019,Stage Académique Développeur logiciel,https://www.jobinfocamer.com/job/19716/stage-academique-developpeur-logiciel-a-bao-sarl,BAO SARL,Douala,STAGE
05 Mars 2019,CADRE DÉVELOPPEUR,https://www.jobinfocamer.com/job/19647/cadre-developpeur-a-tradex-sa,TRADEX SA,Douala,CDI
04 Mars 2019,DATA ANALYST,https://www.jobinfocamer.com/job/19639/data-analyst-a-africa-food-distribution-sa,AFRICA FOOD DISTRIBUTION SA,Douala,CDI
02 Mars 2019,Développeur,https://www.jobinfocamer.com/job/19619/developpeur-a-cediane-sarl,CEDIANE SARL,Douala,CDD
01 Mars 2019,Développeur Web,https://www.jobinfocamer.com/job/19616/developpeur-web-a-cameroun-digital,Cameroun Digital,Douala,STAGE
26 Février 2019,DEVELOPPEUR FULL STACK,https://www.jobinfocamer.com/job/19565/developpeur-full-stack-a-artitalent,ARTITALENT,Yaoundé,STAGE
22 Février 2019,Webdesigner,https://www.jobinfocamer.com/job/19523/webdesigner-a-engie-soft-sarl,Engie Soft Sarl,Douala,CDD
18 Février 2019,Technico-commercial,https://www.jobinfocamer.com/job/19479/technico-commercial-a-mobility-cloud,Mobility Cloud,Yaoundé,CDI
16 Février 2019,Electronicien,https://www.jobinfocamer.com/job/19454/electronicien-a-sbc-sarl,SBC SARL,Douala,STAGE
16 Février 2019,Analyste-programmeur,https://www.jobinfocamer.com/job/19453/analyste-programmeur-a-sbc-sarl,SBC SARL,Douala,STAGE
15 Février 2019,DÉVELOPPEURS FREELANCE,https://www.jobinfocamer.com/job/19448/developpeurs-freelance-a-cabinet-affides,Cabinet AFFIDES,Douala et Yaoundé,CDI
15 Février 2019,Web design,https://www.jobinfocamer.com/job/19445/web-design-a-mobility-cloud,Mobility Cloud,Yaoundé,STAGE
15 Février 2019,Gestionnaire site internet,https://www.jobinfocamer.com/job/19443/gestionnaire-site-internet-a-h-market-center,H-Market Center,Douala,CDD
15 Février 2019,Développeurs Web (Stage Pré-emploi),https://www.jobinfocamer.com/job/19441/developpeurs-web-stage-pre-emploi--a-ktc-center,KTC-CENTER,Yaoundé,STAGE
14 Février 2019,DÉVELOPPEUR BACK-END ET FRONT-END,https://www.jobinfocamer.com/job/19428/developpeur-back-end-et-front-end-a-cabinet-affides,Cabinet AFFIDES,Yaoundé,CDI
14 Février 2019,Développeur  Web C# ou ASP.NET,https://www.jobinfocamer.com/job/19421/developpeur-web-c-ou-asp-net-a-paykap-mobile-money,PayKap Mobile Money,Douala,CDI
12 Février 2019,DEVELOPPEUR MOBILE FRONTEND(IONIC 3+) – FOU DE CODE ET FUN,https://www.jobinfocamer.com/job/19400/developpeur-mobile-frontend-ionic-3-fou-de-code-et-fun-a-gibraltech,GIBRALTECH,Douala,STAGE
12 Février 2019,DEVELOPPEUR BACKEND SYMFONY – FOU DE CODE ET FUN,https://www.jobinfocamer.com/job/19398/developpeur-backend-symfony-fou-de-code-et-fun-a-gibraltech,GIBRALTECH,Douala,STAGE
11 Février 2019,Chef de projet Web/ Développement Digital,https://www.jobinfocamer.com/job/19383/chef-de-projet-web-developpement-digital-a-easy-group,EASY GROUP,Douala,CDD
09 Février 2019,CONTENT MANAGER,https://www.jobinfocamer.com/job/19368/content-manager-a-h-market-center,H-Market Center,Douala,CDD
08 Février 2019,Informaticien en maintenance informatique et réseau,https://www.jobinfocamer.com/job/19352/informaticien-en-maintenance-informatique-et-reseau-a-sodecoton,SODECOTON,Garoua,CDI
08 Février 2019,Webmaster,https://www.jobinfocamer.com/job/19351/webmaster-a-sodecoton,SODECOTON,Garoua,CDI
08 Février 2019,Développeur,https://www.jobinfocamer.com/job/19350/developpeur-a-sodecoton,SODECOTON,Garoua,CDI
08 Février 2019,Responsable de la Sécurité SI,https://www.jobinfocamer.com/job/19349/responsable-de-la-securite-si-a-sodecoton,SODECOTON,Garoua,CDI
05 Février 2019,STAGIAIRE RESPONSABLE SYSTÈME D’INFORMATION,https://www.jobinfocamer.com/job/19323/stagiaire-responsable-systeme-d-information-a-entreprise-de-ntic,ENTREPRISE DE NTIC,Yaoundé,STAGE
31 Janvier 2019,Stagiaire assistant(e) au Laboratoire de fabrication numérique Ongola Fablab,https://www.jobinfocamer.com/job/19281/stagiaire-assistant-e-au-laboratoire-de-fabrication-numerique-ongola-fablab-a-agence-universitaire-de-la-francophonie-auf-,Agence universitaire de la Francophonie(AUF),Yaoundé,STAGE
31 Janvier 2019,Dévelopeur Wordpress/Prestashop,https://www.jobinfocamer.com/job/19266/developeur-wordpress-prestashop-a-soft-energy,Soft-Energy,Douala,CDD
30 Janvier 2019,DEVELOPPEUR WEB BACKEND – FOU DE CODE ET FUN,https://www.jobinfocamer.com/job/19261/developpeur-web-backend-fou-de-code-et-fun-a-gibraltech,GIBRALTECH,Douala,STAGE
30 Janvier 2019,DEVELOPPEUR WEB BACKEND (NODE JS) – FOU DE CODE ET FUN,https://www.jobinfocamer.com/job/19260/developpeur-web-backend-node-js-fou-de-code-et-fun-a-gibraltech,GIBRALTECH,Douala,STAGE
30 Janvier 2019,DEVELOPPEUR MOBILE FRONTEND(IONIC 3+) – FOU DE CODE ET FUN,https://www.jobinfocamer.com/job/19259/developpeur-mobile-frontend-ionic-3-fou-de-code-et-fun-a-gibraltech,GIBRALTECH,Douala,STAGE
29 Janvier 2019,Développeur informatique,https://www.jobinfocamer.com/job/19253/developpeur-informatique-a-cenkyah,CENKYAH,Douala,STAGE
28 Janvier 2019,"Développeur Java ERP Idempiere, Adempiere",https://www.jobinfocamer.com/job/19244/developpeur-java-erp-idempiere-adempiere-a-advance-it-group,ADVANCE IT GROUP,Yaoundé,CDI
28 Janvier 2019,Développeur Java WEB,https://www.jobinfocamer.com/job/19243/developpeur-java-web-a-advance-it-group,ADVANCE IT GROUP,Yaoundé,CDI
28 Janvier 2019,INGÉNIEUR(E) D'AFFAIRES,https://www.jobinfocamer.com/job/19232/ingenieur-e-d-affaires-a-entreprise-de-ntic,ENTREPRISE DE NTIC,Yaoundé,CDI
27 Janvier 2019,GESTIONNAIRE DE CONTENU WEB,https://www.jobinfocamer.com/job/19228/gestionnaire-de-contenu-web-a-sharepoint-logistics-and-services,SharePoint Logistics and Services,Maroua,CDD
27 Janvier 2019,Dévéloppeur Intégrateur Web/Mobile,https://www.jobinfocamer.com/job/19218/developpeur-integrateur-web-mobile-a-smart-tech-sarl,SMART TECH SARL,Douala,CDI
21 Janvier 2019,TECHNICIENS DE MAINTENANCE ORDINATEURS ET IMPRIMANTES,https://www.jobinfocamer.com/job/19117/techniciens-de-maintenance-ordinateurs-et-imprimantes-a-palais-de-la-micro,PALAIS DE LA MICRO,Yaoundé,CDI
20 Janvier 2019,Computer Scientists,https://www.jobinfocamer.com/job/19109/computer-scientists-a-yfa-group,YFA GROUP,Douala,CDI
20 Janvier 2019,INFORMATICIENS,https://www.jobinfocamer.com/job/19108/informaticiens-a-yfa-group,YFA GROUP,Douala,CDI
19 Janvier 2019,Technicien systèmes et reseaux,https://www.jobinfocamer.com/job/19093/technicien-systemes-et-reseaux-a-grow-services-nos-sarl,Grow Services Nos Sarl,Douala,CDI
14 Janvier 2019,Head of IT Support et Maintenance Service,https://www.jobinfocamer.com/job/19048/head-of-it-support-et-maintenance-service-a-pan-african-savings-loans-cameroun-s-a,PAN AFRICAN SAVINGS & LOANS CAMEROUN S.A,Douala,CDI
11 Janvier 2019,INFORMATICIEN,https://www.jobinfocamer.com/job/19019/informaticien-a-abs-holding,ABS HOLDING,Yaoundé,CDD
11 Janvier 2019,"Développeur Web, Liferay",https://www.jobinfocamer.com/job/19009/developpeur-web-liferay-a-ewonga-sarl,EWONGA Sarl,Douala,CDI
10 Janvier 2019,Administrateur du système d'information,https://www.jobinfocamer.com/job/18989/administrateur-du-systeme-d-information-a-hightechtelecoms,HighTechTelecoms,Douala,CDI
09 Janvier 2019,TECHNICIEN SUPERIEUR EN E-COMMERCE ET RESEAU,https://www.jobinfocamer.com/job/18971/technicien-superieur-en-e-commerce-et-reseau-a-finex,FINEX,Yaoundé,CDI
08 Janvier 2019,DEVELOPPEUR JAVA,https://www.jobinfocamer.com/job/18965/developpeur-java-a-afrologix,AFROLOGIX,Yaoundé,CDI
07 Janvier 2019,TECHNICIEN SYSTEMES ET RESEAUX,https://www.jobinfocamer.com/job/18957/technicien-systemes-et-reseaux-a-twingo-sarl,Twingo SARL,Yaoundé,STAGE
03 Janvier 2019,Ingénieur Génie Logiciel,https://www.jobinfocamer.com/job/18888/ingenieur-genie-logiciel-a-finex,FINEX,Yaoundé,CDI
02 Janvier 2019,Charge de Projet Digital,https://www.jobinfocamer.com/job/18874/charge-de-projet-digital-a-vendor-marketing,VENDOR & MARKETING,Yaoundé,STAGE
02 Janvier 2019,Développeur Web et Mobile,https://www.jobinfocamer.com/job/18872/developpeur-web-et-mobile-a-mainic-sas,Mainic SAS,Douala,STAGE
02 Janvier 2019,Développeur web,https://www.jobinfocamer.com/job/18869/developpeur-web-a-betuulabs,Betuulabs,Douala,STAGE
02 Janvier 2019,Développeur Web,https://www.jobinfocamer.com/job/18867/developpeur-web-a-foza-services,FOZA SERVICES,Douala,STAGE
31 Décembre 2018,IT Assistant,https://www.jobinfocamer.com/job/18864/it-assistant-a-pnud-cameroun,PNUD Cameroun,Yaoundé,CDD
27 Décembre 2018,Développeur Android Senior,https://www.jobinfocamer.com/job/18835/developpeur-android-senior-a-stillforce-ltd,STILLFORCE LTD,Douala,CDD
27 Décembre 2018,INTÉGRATEUR WEB/MOBILE,https://www.jobinfocamer.com/job/18834/integrateur-web-mobile-a-stillforce-ltd,STILLFORCE LTD,Douala,CDD
25 Décembre 2018,Développeur Android,https://www.jobinfocamer.com/job/18810/developpeur-android-a-digital-academy,Digital Academy,Yaoundé,CDI
21 Décembre 2018,Information Management Assistant,https://www.jobinfocamer.com/job/18786/information-management-assistant-a-pnud-cameroun,PNUD Cameroun,Kousseri,CDD
20 Décembre 2018,Assistant au département de la logistique,https://www.jobinfocamer.com/job/18776/assistant-au-departement-de-la-logistique-a-cediane-sarl,CEDIANE SARL,Douala,CDD
20 Décembre 2018,Infrastructure and Solution Specialist,https://www.jobinfocamer.com/job/18770/infrastructure-and-solution-specialist-a-cotco,COTCO,Douala,CDI
17 Décembre 2018,Technicien de maintenace de réseaux et système informatique,https://www.jobinfocamer.com/job/18747/technicien-de-maintenace-de-reseaux-et-systeme-informatique-a-scimpos,SCIMPOS,Douala,CDI
13 Décembre 2018,Designer et Developpeur web,https://www.jobinfocamer.com/job/18714/designer-et-developpeur-web-a-betuulabs,Betuulabs,Douala,STAGE
12 Décembre 2018,Programmeur,https://www.jobinfocamer.com/job/18707/programmeur-a-noobysee,NOOBYSEE,Douala,CDD
12 Décembre 2018,Développeur Web,https://www.jobinfocamer.com/job/18705/developpeur-web-a-yoomee-cameroun,YooMee Cameroun,Douala,CDI
12 Décembre 2018,Enseignant d’Informatique et Développeur Web,https://www.jobinfocamer.com/job/18699/enseignant-d-informatique-et-developpeur-web-a-camerweb,CamerWeb,Yaoundé,CDI
11 Décembre 2018,Commerciaux Freelance B2B,https://www.jobinfocamer.com/job/18696/commerciaux-freelance-b2b-a-techsoft-web-agency,TechSoft Web Agency,Douala,CDI
09 Décembre 2018,DEVELOPPEUR WEB – FRONT et BACK,https://www.jobinfocamer.com/job/18680/developpeur-web-front-et-back-a-techno-dev,TECHNO DEV,Yaoundé,CDI
05 Décembre 2018,ICT Officer,https://www.jobinfocamer.com/job/18654/ict-officer-a-nascent-solutions-inc-,"Nascent Solutions, Inc.",Kumbo,CDD
05 Décembre 2018,Technicien de réseau informatique,https://www.jobinfocamer.com/job/18651/technicien-de-reseau-informatique-a-incc,INCC,Yaoundé,CDI
04 Décembre 2018,JUNIOR ASSISTANTS DÉVELOPPEURS WEB ET MOBILE,https://www.jobinfocamer.com/job/18641/junior-assistants-developpeurs-web-et-mobile-a-attractive-corp-associates,Attractive Corp & Associates,Douala,CDD
04 Décembre 2018,DEVELOPPEURS WEB ET MOBILE FULL STACK H/F,https://www.jobinfocamer.com/job/18637/developpeurs-web-et-mobile-full-stack-h-f-a-attractive-corp-associates,Attractive Corp & Associates,Douala,CDI
30 Novembre 2018,Développeur Web,https://www.jobinfocamer.com/job/18596/developpeur-web-a-smartworld,SMARTWORLD,Douala,CDI
29 Novembre 2018,TECHNICO-COMMERCIAL IT EXPERT,https://www.jobinfocamer.com/job/18583/technico-commercial-it-expert-a-entreprise-de-la-place,Entreprise de la place,Douala,CDI
29 Novembre 2018,INGENIEUR RESEAU ET SYSTEME INFORMATIQUE,https://www.jobinfocamer.com/job/18581/ingenieur-reseau-et-systeme-informatique-a-entreprise-de-la-place,Entreprise de la place,Douala,CDI
26 Novembre 2018,Responsable commercial(e),https://www.jobinfocamer.com/job/18566/responsable-commercial-e--a-ticnov,TICNOV,Douala,CDI
25 Novembre 2018,IT Assistant Maroua,https://www.jobinfocamer.com/job/18543/it-assistant-maroua-a-plan-cameroon,Plan Cameroon,Maroua,CDD
22 Novembre 2018,STAGIAIRE BI et BIG DATA,https://www.jobinfocamer.com/job/18512/stagiaire-bi-et-big-data-a-philjohn-technologies,PHILJOHN TECHNOLOGIES,Douala,STAGE
22 Novembre 2018,CONSULTANT BI et BIG DATA,https://www.jobinfocamer.com/job/18511/consultant-bi-et-big-data-a-philjohn-technologies,PHILJOHN TECHNOLOGIES,Douala,CDD
21 Novembre 2018,Développeur,https://www.jobinfocamer.com/job/18500/developpeur-a-thelema-group,Thélema GROUP,Douala,STAGE
21 Novembre 2018,Développement web,https://www.jobinfocamer.com/job/18496/developpement-web-a-normalis-consulting,Normalis Consulting,Douala,STAGE
19 Novembre 2018,Intern IT Assistant,https://www.jobinfocamer.com/job/18463/intern-it-assistant-a-plan-cameroon,Plan Cameroon,Yaoundé,STAGE
17 Novembre 2018,Développeur Web/mobile,https://www.jobinfocamer.com/job/18460/developpeur-web-mobile-a-universal-software,UNIVERSAL SOFTWARE,Douala,CDD
15 Novembre 2018,Développeur Web/mobile,https://www.jobinfocamer.com/job/18444/developpeur-web-mobile-a-e-afrika,e-Afrika,Yaoundé,CDI
15 Novembre 2018,Data Management Assistant-SIDA Project,https://www.jobinfocamer.com/job/18440/data-management-assistant-sida-project-a-plan-cameroon,Plan Cameroon,Bamenda,CDD
15 Novembre 2018,DÉVELOPPEUR (POSSIBILITÉ D’EMPLOI),https://www.jobinfocamer.com/job/18434/developpeur-possibilite-d-emploi--a-css-engineering,CSS ENGINEERING,Douala,STAGE
12 Novembre 2018,Ingénieur de Travaux (Informaticien),https://www.jobinfocamer.com/job/18385/ingenieur-de-travaux-informaticien--a-oapi,OAPI,Yaoundé,CDI
11 Novembre 2018,Développeur web et mobile,https://www.jobinfocamer.com/job/18370/developpeur-web-et-mobile-a-sclwebmaker,SclWebMaker,Yaoundé,CDI
09 Novembre 2018,Hackeur,https://www.jobinfocamer.com/job/18364/hackeur-a-enix-computer-sarl,Enix Computer Sarl,Douala,STAGE
06 Novembre 2018,Technicien Réseau,https://www.jobinfocamer.com/job/18333/technicien-reseau-a-institut-ucac-icam,Institut UCAC-ICAM,Douala,CDI
31 Octobre 2018,Développeur Web,https://www.jobinfocamer.com/job/18277/developpeur-web-a-sharepoint-sarl,SharePoint Sarl,Maroua,CDD
30 Octobre 2018,Développeur .NET,https://www.jobinfocamer.com/job/18261/developpeur-net-a-global-it,Global IT,Douala,CDI
24 Octobre 2018,Data Analyst,https://www.jobinfocamer.com/job/18200/data-analyst-a-ste-activator-sarl,STE ACTIVATOR SARL,Douala,CDI
23 Octobre 2018,STAGIAIRE EN administration de réseaux,https://www.jobinfocamer.com/job/18189/stagiaire-en-administration-de-reseaux-a-jired-international,Jired International,Yaoundé,STAGE
20 Octobre 2018,Développeur,https://www.jobinfocamer.com/job/18158/developpeur-a-kola-group,KOLA GROUP,Douala,STAGE
18 Octobre 2018,Administrateur Système et Réseau,https://www.jobinfocamer.com/job/18137/administrateur-systeme-et-reseau-a-advance-it-group,ADVANCE IT GROUP,Douala,CDI
17 Octobre 2018,IT Technician,https://www.jobinfocamer.com/job/18119/it-technician-a-helen-keller-international,Helen Keller International,Yaoundé,CDD
11 Octobre 2018,Développeur  Web C# ou ASP.NET,https://www.jobinfocamer.com/job/18077/developpeur-web-c-ou-asp-net-a-paykap-mobile-money,PayKap Mobile Money,Douala,CDI
11 Octobre 2018,Support Client,https://www.jobinfocamer.com/job/18073/support-client-a-digital-academy,Digital Academy,Yaoundé,CDI
10 Octobre 2018,CTO,https://www.jobinfocamer.com/job/18061/cto-a-it-services,IT SERVICES,Yaoundé,CDI
01 Octobre 2018,"Développeur Angular JS, CSS",https://www.jobinfocamer.com/job/18013/developpeur-angular-js-css-a-entreprise-de-la-place,Entreprise de la place,Yaoundé,CDI
01 Octobre 2018,Software engineer,https://www.jobinfocamer.com/job/18010/software-engineer-a-let-s-realize,LET'S REALIZE,Douala,CDI
26 Septembre 2018,CTO,https://www.jobinfocamer.com/job/17982/cto-a-it-services,IT SERVICES,Yaoundé,CDI
25 Septembre 2018,Développeur web et mobile,https://www.jobinfocamer.com/job/17976/developpeur-web-et-mobile-a-amla-cameroun,AMLA CAMEROUN,Yaoundé,CDI
24 Septembre 2018,Développeur,https://www.jobinfocamer.com/job/17968/developpeur-a-kola-group,KOLA GROUP,Douala,STAGE
21 Septembre 2018,Informaticiens développeurs de logiciels,https://www.jobinfocamer.com/job/17952/informaticiens-developpeurs-de-logiciels-a-palais-de-la-micro,PALAIS DE LA MICRO,Yaoundé,CDI
17 Septembre 2018,Développeur Android Senior,https://www.jobinfocamer.com/job/17913/developpeur-android-senior-a-stillforce-ltd,STILLFORCE LTD,Douala,CDD
17 Septembre 2018,Développeur Python Full Stack,https://www.jobinfocamer.com/job/17907/developpeur-python-full-stack-a-y-note-sarl,Y-NOTE Sarl,Yaoundé,CDI
16 Septembre 2018,Développeur web,https://www.jobinfocamer.com/job/17899/developpeur-web-a-lamda-technologies-sarl,LAMDA TECHNOLOGIES SARL,Douala,CDD
16 Septembre 2018,Développeur mobile,https://www.jobinfocamer.com/job/17898/developpeur-mobile-a-lamda-technologies-sarl,LAMDA TECHNOLOGIES SARL,Douala,CDD
14 Septembre 2018,Développeur web PHP Laravel,https://www.jobinfocamer.com/job/17892/developpeur-web-php-laravel-a-it-services,IT SERVICES,Yaoundé,CDI
11 Septembre 2018,Enseignant Permanent en Informatique,https://www.jobinfocamer.com/job/17869/enseignant-permanent-en-informatique-a-epfa,EPFA,Douala,CDI
11 Septembre 2018,Développeur Web,https://www.jobinfocamer.com/job/17864/developpeur-web-a-particulier,Particulier,Douala,STAGE
10 Septembre 2018,Conseil Technique à Distance,https://www.jobinfocamer.com/job/17862/conseil-technique-a-distance-a-entreprise-de-la-place,Entreprise de la place,Douala,CDI
10 Septembre 2018,Gestionnaire de bases de données,https://www.jobinfocamer.com/job/17850/gestionnaire-de-bases-de-donnees-a-ets-p-r-o-s,Ets P.R.O.S,Douala,CDD
05 Septembre 2018,Développeur Mobile Android / iOS,https://www.jobinfocamer.com/job/17808/developpeur-mobile-android-ios-a-cash-xpress,CASH XPRESS,Douala,CDD
04 Septembre 2018,Technicien photocopieur et imprimante,https://www.jobinfocamer.com/job/17794/technicien-photocopieur-et-imprimante-a-dexxys-cameroun,Dexxys Cameroun,Douala,CDI
03 Septembre 2018,Ingénieur de Travaux (Informaticien),https://www.jobinfocamer.com/job/17773/ingenieur-de-travaux-informaticien--a-oapi,OAPI,Yaoundé,CDI
03 Septembre 2018,OFFRE DE STAGE DÉVELOPPEUR (POSSIBILITÉ D’EMPLOI),https://www.jobinfocamer.com/job/17767/offre-de-stage-developpeur-possibilite-d-emploi--a-css-engineering,CSS ENGINEERING,Douala,STAGE
29 Août 2018,Ingénieur Informaticien-programmeur,https://www.jobinfocamer.com/job/17750/ingenieur-informaticien-programmeur-a-entreprise-de-la-place,Entreprise de la place,Douala,STAGE
27 Août 2018,TELECONSULTANT,https://www.jobinfocamer.com/job/17718/teleconsultant-a-insystem,INSYSTEM,Yaoundé,CDI
24 Août 2018,DEVELOPPEUR FRONT-END,https://www.jobinfocamer.com/job/17696/developpeur-front-end-a-ufi-payment-solutions,UFI PAYMENT SOLUTIONS,Yaoundé,CDD
24 Août 2018,SUPPORT FONCTIONNEL NIVEAU1,https://www.jobinfocamer.com/job/17695/support-fonctionnel-niveau1-a-ufi-payment-solutions,UFI PAYMENT SOLUTIONS,Yaoundé,CDD
23 Août 2018,Formateur Informatique,https://www.jobinfocamer.com/job/17689/formateur-informatique-a-solidarite-technologique,SOLIDARITE TECHNOLOGIQUE,Yaoundé,CDD
22 Août 2018,INGENIEUR WEB DESIGN,https://www.jobinfocamer.com/job/17674/ingenieur-web-design-a-iplans-sa,IPLANS SA,Douala,CDD
21 Août 2018,Administrateur Système et réseau,https://www.jobinfocamer.com/job/17661/administrateur-systeme-et-reseau-a-presprint-plc,PRESPRINT Plc,Limbe,CDI
20 Août 2018,Stage professionnel Développeur JAVA full stack,https://www.jobinfocamer.com/job/17659/stage-professionnel-developpeur-java-full-stack-a-sprint-pay,SPRINT-PAY,Yaoundé,STAGE
20 Août 2018,Concepteur-Développeur JAVA JEE Fullstack Confirmé (H/F) (Visa sponsor),https://www.jobinfocamer.com/job/17657/concepteur-developpeur-java-jee-fullstack-confirme-h-f-visa-sponsor--a-trans-engine,TRANS-ENGINE,Yaoundé,CDI
20 Août 2018,LEAD WEB ARCHITECT / CHUCK NORRIS DIGITAL H/F (Visa sponsor),https://www.jobinfocamer.com/job/17655/lead-web-architect-chuck-norris-digital-h-f-visa-sponsor--a-trans-engine,TRANS-ENGINE,Yaoundé,CDI
16 Août 2018,INGENIEUR RESEAU ET SYSTEME INFORMATIQUE,https://www.jobinfocamer.com/job/17626/ingenieur-reseau-et-systeme-informatique-a-multiplex-sarl,MULTIPLEX SARL,Douala,CDI
16 Août 2018,TECHNICO-COMMERCIAL IT EXPERT,https://www.jobinfocamer.com/job/17625/technico-commercial-it-expert-a-multiplex-sarl,MULTIPLEX SARL,Douala,CDI
11 Août 2018,TECHNICO-COMMERCIAUX POUR VENTE DE SERVICES INFORMATIQUES,https://www.jobinfocamer.com/job/17586/technico-commerciaux-pour-vente-de-services-informatiques-a-glob-informatik,GLOB INFORMATIK,Douala,CDI
07 Août 2018,Développeur/Intégrateur Web Prestashop,https://www.jobinfocamer.com/job/17533/developpeur-integrateur-web-prestashop-a-izisolutions,IziSolutions,Yaoundé,CDD
09 Juillet 2018,SOUS-DIRECTEUR DES S.I.,https://www.jobinfocamer.com/job/17430/sous-directeur-des-s-i--a-mnt-consulting,MNT Consulting,Douala,CDI
24 Juin 2018,Développeur Web,https://www.jobinfocamer.com/job/17420/developpeur-web-a-sense-sarl,SENSE SARL,Yaoundé,CDI
23 Juin 2018,Informaticien niveau BTS,https://www.jobinfocamer.com/job/17418/informaticien-niveau-bts-a-college-libermann,Collège LIBERMANN,Douala,CDI
08 Juin 2018,Programmeur et Gestionnaire des bases de données,https://www.jobinfocamer.com/job/17389/programmeur-et-gestionnaire-des-bases-de-donnees-a-centre-pasteur-du-cameroun,Centre Pasteur du Cameroun,Yaoundé,CDD
05 Juin 2018,Assistant(e) Développeur IT,https://www.jobinfocamer.com/job/17374/assistant-e-developpeur-it-a-paness,PANESS,Douala,CDI
29 Mai 2018,Analyste programmeur,https://www.jobinfocamer.com/job/17338/analyste-programmeur-a-mako-industries,MaKo industries,Yaoundé,CDI
25 Mai 2018,Ingénieur Informatique,https://www.jobinfocamer.com/job/17325/ingenieur-informatique-a-digit,DIGIT,Douala,STAGE
21 Mai 2018,Administrateur (trice) de Base de Données (DBA) Oracle,https://www.jobinfocamer.com/job/17294/administrateur-trice-de-base-de-donnees-dba-oracle-a-deloitte,DELOITTE,Yaoundé,CDI
09 Mai 2018,TECHNICO-COMMERCIAL IT,https://www.jobinfocamer.com/job/17221/technico-commercial-it-a-paness,PANESS,Douala,CDI
03 Mai 2018,Business Analyst,https://www.jobinfocamer.com/job/17188/business-analyst-a-secteur-telecom,Secteur Telecom,Douala,CDI
30 Avril 2018,ANDROID DEVELOPER,https://www.jobinfocamer.com/job/17173/android-developer-a-societe-tesco,Societe TESCO,International,CDI
30 Avril 2018,GAME DEVELOPER,https://www.jobinfocamer.com/job/17170/game-developer-a-societe-tesco,Societe TESCO,International,CDI
30 Avril 2018,IOS Developer,https://www.jobinfocamer.com/job/17168/ios-developer-a-societe-tesco,Societe TESCO,International,CDI
28 Avril 2018,Ingénieur Développeur,https://www.jobinfocamer.com/job/17155/ingenieur-developpeur-a-megasoft-sarl,MEGASOFT SARL,Yaoundé,CDD
27 Avril 2018,Développeur Python / Data scientist,https://www.jobinfocamer.com/job/17152/developpeur-python-data-scientist-a-ews-techs,EWS TECHS,Douala,CDI
25 Avril 2018,IT Support Assistant,https://www.jobinfocamer.com/job/17140/it-support-assistant-a-world-bank-group,World Bank Group,Yaoundé,CDI
25 Avril 2018,Designer/Intégrateur Web,https://www.jobinfocamer.com/job/17139/designer-integrateur-web-a-abyster,AByster,Yaoundé,CDI
23 Avril 2018,INGÉNIEUR TECHNICIEN EN INFORMATIQUE,https://www.jobinfocamer.com/job/17125/ingenieur-technicien-en-informatique-a-philjohn-technologies,PHILJOHN TECHNOLOGIES,Douala,CDD
20 Avril 2018,Java developers,https://www.jobinfocamer.com/job/17102/java-developers-a-societe-tesco,Société TESCO,,CDI
20 Avril 2018,Data management consultant,https://www.jobinfocamer.com/job/17100/data-management-consultant-a-philjohn-technologies,PHILJOHN TECHNOLOGIES,Douala,CDI
20 Avril 2018,Consultant BDD,https://www.jobinfocamer.com/job/17096/consultant-bdd-a-philjohn-technologies,PHILJOHN TECHNOLOGIES,Douala,STAGE
20 Avril 2018,Consultant reporting,https://www.jobinfocamer.com/job/17095/consultant-reporting-a-philjohn-technologies,PHILJOHN TECHNOLOGIES,Douala,STAGE
18 Avril 2018,IT MANAGER,https://www.jobinfocamer.com/job/17070/it-manager-a-win-win-sarl,WIN-WIN SARL,Yaoundé,CDI
17 Avril 2018,INTÉGRATEUR ERP ODOO (H/F),https://www.jobinfocamer.com/job/17056/integrateur-erp-odoo-h-f--a-camtrack,CAMTRACK,Douala,CDI
17 Avril 2018,DÉVELOPPEUR MOBILE (ANDROID ET IOS),https://www.jobinfocamer.com/job/17055/developpeur-mobile-android-et-ios--a-camtrack,CAMTRACK,Douala,CDI
16 Avril 2018,AGENT MONETIQUE,https://www.jobinfocamer.com/job/17042/agent-monetique-a-ufi-payment-solutions,UFI PAYMENT SOLUTIONS,Yaoundé,CDD
15 Avril 2018,Développeur web,https://www.jobinfocamer.com/job/17039/developpeur-web-a-paykap-mobile-money,PayKap Mobile Money,Douala,CDI
14 Avril 2018,Ingénieur Developpeur et Chef de Projet,https://www.jobinfocamer.com/job/17035/ingenieur-developpeur-et-chef-de-projet-a-greensoft-engineering,GreenSoft Engineering,Douala,CDI
12 Avril 2018,ADMINISTRATEUR RESEAU ET SYSTEME,https://www.jobinfocamer.com/job/17017/administrateur-reseau-et-systeme-a-amla-cameroun,AMLA CAMEROUN,Yaoundé,CDI
12 Avril 2018,Développeur mobile,https://www.jobinfocamer.com/job/17014/developpeur-mobile-a-amla-cameroun,AMLA CAMEROUN,Yaoundé,CDI
12 Avril 2018,INGÉNIEUR TECHNICO-COMMERCIAL,https://www.jobinfocamer.com/job/17003/ingenieur-technico-commercial-a-resytal-sa,RESYTAL SA,Yaoundé,CDI
11 Avril 2018,"Ingénieur Informaticien, Réseaux et Télécoms, Systèmes et Sécurité, Génie Logiciel",https://www.jobinfocamer.com/job/16984/ingenieur-informaticien-reseaux-et-telecoms-systemes-et-securite-genie-logiciel-a-resytal-sa,RESYTAL SA,Yaoundé,CDI
10 Avril 2018,INGENIEUR INTEGRATEUR,https://www.jobinfocamer.com/job/16981/ingenieur-integrateur-a-iplans-sa,IPLANS SA,Douala,CDI
07 Avril 2018,GESTIONNAIRE RESEAUX ET SYSTEMES INFORMATIQUES,https://www.jobinfocamer.com/job/16960/gestionnaire-reseaux-et-systemes-informatiques-a-distribut,DISTRIBUT,Douala,CDI
07 Avril 2018,WebDesigner Qualifié,https://www.jobinfocamer.com/job/16955/webdesigner-qualifie-a-africanet,AfricaNet,,STAGE
07 Avril 2018,Développeur Qualifié,https://www.jobinfocamer.com/job/16953/developpeur-qualifie-a-africanet,AfricaNet,,STAGE
05 Avril 2018,Développeurs ANDROID,https://www.jobinfocamer.com/job/16936/developpeurs-android-a-oryx-consulting-finance-engineering-,Oryx Consulting (Finance & Engineering),Douala,CDI
05 Avril 2018,INGÉNIEUR INFORMATICIEN,https://www.jobinfocamer.com/job/16935/ingenieur-informaticien-a-matrix-telecoms,MATRIX TELECOMS,Yaoundé,CDI
04 Avril 2018,GESTIONNAIRE DES DONNÉES ET DE LA CARTOGRAPHIE,https://www.jobinfocamer.com/job/16930/gestionnaire-des-donnees-et-de-la-cartographie-a-action-contre-la-faim-acf-,Action Contre la Faim(ACF),Yaoundé,CDD
04 Avril 2018,Administration système Linux Devops,https://www.jobinfocamer.com/job/16928/administration-systeme-linux-devops-a-bara-technologies,Bara Technologies,Yaoundé,CDI
04 Avril 2018,Web designer avec expérience,https://www.jobinfocamer.com/job/16919/web-designer-avec-experience-a-paykap-mobile-money,PayKap Mobile Money,Douala,CDI
03 Avril 2018,Développeur Web,https://www.jobinfocamer.com/job/16911/developpeur-web-a-entreprise-de-la-place,Entreprise de la place,Douala,STAGE
01 Avril 2018,Stagiaire ICT,https://www.jobinfocamer.com/job/16902/stagiaire-ict-a-pnud-cameroun,PNUD Cameroun,Yaoundé,STAGE
30 Mars 2018,Développeur Android,https://www.jobinfocamer.com/job/16883/developpeur-android-a-africashine-systems,Africashine-Systems,Yaoundé,STAGE
27 Mars 2018,STAGE PROFESSIONNEL EN DEVELOPPEMENT WEB,https://www.jobinfocamer.com/job/16849/stage-professionnel-en-developpement-web--a-dkt-group-sarl,DKT Group SARL,Yaoundé,STAGE
27 Mars 2018,DEVELOPPEUR LOGICIEL,https://www.jobinfocamer.com/job/16848/developpeur-logiciel-a-agribizz,AgriBizz,Douala,STAGE
27 Mars 2018,Développeurs Logiciel,https://www.jobinfocamer.com/job/16843/developpeurs-logiciel-a-peers-exchange-cameroon,Peers Exchange Cameroon,,CDI
26 Mars 2018,DEVELOPPEUR JAVA JEE/WEB/AGILE,https://www.jobinfocamer.com/job/16839/developpeur-java-jee-web-agile-a-afrologix,AFROLOGIX,Yaoundé,CDI
26 Mars 2018,Web designer/Web master,https://www.jobinfocamer.com/job/16837/web-designer-web-master-a-afrologix,AFROLOGIX,Yaoundé,CDI
26 Mars 2018,Stage développeur Web,https://www.jobinfocamer.com/job/16836/stage-developpeur-web-a-omnifreight,OMNIFREIGHT,Douala,STAGE
23 Mars 2018,Développeurs WINDEV et ANDROID,https://www.jobinfocamer.com/job/16806/developpeurs-windev-et-android-a-oryx-consulting-finance-engineering-,Oryx Consulting (Finance & Engineering),Douala,CDI
23 Mars 2018,Technicien Support Technique (H/F) pour FAI VSAT,https://www.jobinfocamer.com/job/16796/technicien-support-technique-h-f-pour-fai-vsat-a-secteur-telecommunication,Secteur Telecommunication,Douala,CDI
20 Mars 2018,TECHNICO COMMERCIAUX POUR SERVICES INFORMATIQUES,https://www.jobinfocamer.com/job/16758/technico-commerciaux-pour-services-informatiques-a-entreprise-de-la-place,Entreprise de la place,Douala,CDI
20 Mars 2018,Data Manager,https://www.jobinfocamer.com/job/16755/data-manager-a-la-croix-rouge-camerounaise-et-la-croix-rouge-francaise,La Croix-Rouge camerounaise et la Croix-Rouge française,KOUSSERI,CDD
18 Mars 2018,Stagiaires en informatique,https://www.jobinfocamer.com/job/16731/stagiaires-en-informatique-a-crystal-financial-club,Crystal Financial Club,Yaoundé,CDI
17 Mars 2018,ICT Manager,https://www.jobinfocamer.com/job/16712/ict-manager--a-elizabeth-glaser-pediatric-aids-foundation,Elizabeth Glaser Pediatric AIDS Foundation,Yaoundé,CDD
17 Mars 2018,ICT Officer,https://www.jobinfocamer.com/job/16711/ict-officer-a-elizabeth-glaser-pediatric-aids-foundation,Elizabeth Glaser Pediatric AIDS Foundation,Yaoundé and Douala,CDD
12 Mars 2018,DÉVELOPPEUR JAVA JEE / WEB / AGILE,https://www.jobinfocamer.com/job/16624/developpeur-java-jee-web-agile-a-hr-for-all,HR FOR ALL,,CDI
12 Mars 2018,Backend Web Application Developer (PHP),https://www.jobinfocamer.com/job/16623/backend-web-application-developer-php--a-maviance-cameroon-plc,Maviance Cameroon PLC,Douala,CDI
04 Mars 2018,Développeur Web fullstack PHP Laravel/Yii2,https://www.jobinfocamer.com/job/16523/developpeur-web-fullstack-php-laravel-yii2-a-qube,QUBE,Yaoundé,CDD
04 Mars 2018,Développeur C# Desktop,https://www.jobinfocamer.com/job/16522/developpeur-c-desktop-a-qube,QUBE,Yaoundé,CDD
02 Mars 2018,Développeur web PHP,https://www.jobinfocamer.com/job/16499/developpeur-web-php-a-afro-petro-business-solutions,Afro Petro & Business Solutions,Douala,CDI
02 Mars 2018,Maintenance informatique et réseaux,https://www.jobinfocamer.com/job/16492/maintenance-informatique-et-reseaux-a-nae-services,NAE-SERVICES,Bertoua,CDD
02 Mars 2018,Développeur(e) C# MVC EF expérimenté,https://www.jobinfocamer.com/job/16491/developpeur-e-c-mvc-ef-experimente-a-paykap-mobile-money,PayKap Mobile Money,Douala,CDI
01 Mars 2018,Développeur JAVA/J2EE,https://www.jobinfocamer.com/job/16482/developpeur-java-j2ee-a-afro-petro-business-solutions,Afro Petro & Business Solutions,Douala,CDI
26 Février 2018,Développeur Front-End,https://www.jobinfocamer.com/job/16440/developpeur-front-end-a-advance-it-group,ADVANCE IT GROUP,Yaoundé,CDI
21 Février 2018,Stage - Administrateur Système - Réseaux-(H/F),https://www.jobinfocamer.com/job/16367/stage-administrateur-systeme-reseaux-h-f--a-toltec-consulting,Toltec Consulting,Douala,STAGE
18 Février 2018,Computer Management Assistant Intern (non-paid),https://www.jobinfocamer.com/job/16321/computer-management-assistant-intern-non-paid--a-u-s-embassy,U.S. Embassy,Yaoundé,STAGE
16 Février 2018,Expert en Sécurité Informatique certifié,https://www.jobinfocamer.com/job/16305/expert-en-securite-informatique-certifie-a-madia-sarl,MADIA SARL,Yaoundé,CDD
14 Février 2018,Développeur Python/Odoo,https://www.jobinfocamer.com/job/16266/developpeur-python-odoo-a-corpecca,Corpecca,Douala,CDI
14 Février 2018,Data Manager,https://www.jobinfocamer.com/job/16259/data-manager-a-cabinet-entreprises-solutions,Cabinet Entreprises Solutions,Yaoundé,CDI
13 Février 2018,TECHNICO-COMMERCIAL,https://www.jobinfocamer.com/job/16254/technico-commercial-a-adac-africa-data-center-,ADAC (AFRICA DATA CENTER),Yaoundé,CDI
11 Février 2018,Web developer needed,https://www.jobinfocamer.com/job/16223/web-developer-needed-a-particulier,Particulier,Douala,CDI
11 Février 2018,Telecommunications Specialist needed,https://www.jobinfocamer.com/job/16222/telecommunications-specialist-needed-a-particulier,Particulier,,CDI
11 Février 2018,BI (Business Intelligence) Developer needed,https://www.jobinfocamer.com/job/16220/bi-business-intelligence-developer-needed-a-particulier,Particulier,Douala,CDI
08 Février 2018,JAVA DEVELOPPER,https://www.jobinfocamer.com/job/16188/java-developper-a-societe-tesco,Société TESCO,,CDI
08 Février 2018,Software Developers,https://www.jobinfocamer.com/job/16183/software-developers-a-corpecca,Corpecca,,CDI
06 Février 2018,Informaticien(e),https://www.jobinfocamer.com/job/16147/informaticien-e--a-hotel-merina,HOTEL MERINA,Yaoundé,CDD
05 Février 2018,Développeur mobile,https://www.jobinfocamer.com/job/16128/developpeur-mobile-a-africashine-systems,Africashine-Systems,Yaoundé,STAGE
05 Février 2018,Développeur Python,https://www.jobinfocamer.com/job/16121/developpeur-python-a-africashine-systems,Africashine-Systems,Yaoundé,CDD
02 Février 2018,Stagiaire informatique,https://www.jobinfocamer.com/job/16096/stagiaire-informatique--a-ring-corporation-ltd,Ring Corporation Ltd,Douala,STAGE
02 Février 2018,Designer Web/Mobile,https://www.jobinfocamer.com/job/16089/designer-web-mobile-a-stillforce-ltd,STILLFORCE LTD,Douala,CDD
02 Février 2018,Développeur d'applications Web,https://www.jobinfocamer.com/job/16088/developpeur-d-applications-web-a-churchill-training-institute,Churchill Training Institute,Douala,CDI
30 Janvier 2018,Infrastructure Desktop Support & Services Officer,https://www.jobinfocamer.com/job/16044/infrastructure-desktop-support-services-officer-a-ecobank-cameroun,ECOBANK CAMEROUN,Douala,CDI
26 Janvier 2018,Stage professionnel web design/intégration/développeur web/communication digitale,https://www.jobinfocamer.com/job/15995/stage-professionnel-web-design-integration-developpeur-web-communication-digitale-a-m2b-energy-sarl,M2B ENERGY SARL,Douala,STAGE
20 Janvier 2018,Développeur /Concepteur Mobile (Android) confirmé,https://www.jobinfocamer.com/job/15911/developpeur-concepteur-mobile-android-confirme-a-axxentis,Axxentis,,STAGE
20 Janvier 2018,DEVELOPPEURS WEB/MOBILE,https://www.jobinfocamer.com/job/15907/developpeurs-web-mobile-a-entreprise-de-la-place,Entreprise de la place,Douala,CDI
17 Janvier 2018,Business Process Analyst / Analyste de Processus Métier,https://www.jobinfocamer.com/job/15879/business-process-analyst-analyste-de-processus-metier-a-acep-management,ACEP Management,Yaoundé,CDI
15 Janvier 2018,Développeur JAVA,https://www.jobinfocamer.com/job/15843/developpeur-java-a-archipel,Archipel,Yaoundé,CDI
11 Janvier 2018,recherche des stagiaires étudiants,https://www.jobinfocamer.com/job/15810/recherche-des-stagiaires-etudiants-a-megasoft-sarl,MEGASOFT SARL,Yaoundé,STAGE
11 Janvier 2018,CONSULTANT JUNIOR DES ERP,https://www.jobinfocamer.com/job/15808/consultant-junior-des-erp--a-mosirex-sarl,MOSIREX SARL,Yaoundé,CDI
10 Janvier 2018,Développeur Android,https://www.jobinfocamer.com/job/15794/developpeur-android-a-africa-med-cameroun,AFRICA-MED CAMEROUN,Douala,CDI
09 Janvier 2018,Project Manager,https://www.jobinfocamer.com/job/15786/project-manager--a-entreprise-de-la-place,Entreprise de la place,Douala,CDI
09 Janvier 2018,Consultant technique SAP ABAP H/F,https://www.jobinfocamer.com/job/15779/consultant-technique-sap-abap-h-f-a-veotys-sarl,VEOTYS SARL,Douala,CDI
08 Janvier 2018,Développeur JAVA,https://www.jobinfocamer.com/job/15771/developpeur-java-a-archipel,Archipel,Douala,CDI
07 Janvier 2018,COMPUTER PROGRAMMER,https://www.jobinfocamer.com/job/15758/computer-programmer-a-entreprise-de-la-place,Entreprise de la place,Douala,CDI
07 Janvier 2018,COMPUTER OPERATOR,https://www.jobinfocamer.com/job/15757/computer-operator--a-entreprise-de-la-place,Entreprise de la place,Douala,CDI
03 Janvier 2018,WEB DESIGN/INTEGRATION,https://www.jobinfocamer.com/job/15701/web-design-integration-a-danol-holding-co-ltd,"DANOL HOLDING CO.,LTD",Douala,STAGE
02 Janvier 2018,Développeurs des applications VOIP / PABX,https://www.jobinfocamer.com/job/15689/developpeurs-des-applications-voip-pabx-a-icts-sarl,ICTS-Sarl,,STAGE
28 Décembre 2017,Développeur python & C++,https://www.jobinfocamer.com/job/15641/developpeur-python-c--a-ews-techs,EWS TECHS,Douala,CDI
21 Décembre 2017,STAGIAIRE EN COMMUNICATION DIGITALE / DEVELOPPEUR WEB (H/F),https://www.jobinfocamer.com/job/15585/stagiaire-en-communication-digitale-developpeur-web-h-f--a-desanne-sas,DESANNE SAS,Douala,CDI
21 Décembre 2017,DEVELOPPEUR WEB/MOBILE CONFIRME,https://www.jobinfocamer.com/job/15584/developpeur-web-mobile-confirme--a-a-satellite-isp,A SATELLITE ISP,Yaoundé,CDI
21 Décembre 2017,Android App Developer & Instructor,https://www.jobinfocamer.com/job/15582/android-app-developer-instructor-a-seven-advanced-academy,Seven Advanced Academy,Douala,CDI
19 Décembre 2017,Développeur,https://www.jobinfocamer.com/job/15549/developpeur-a-uni2grow-cameroun-sarl,Uni2grow Cameroun SARL,Dschang,CDI
13 Décembre 2017,INGÉNIEUR EN SÉCURITÉ DES SYSTÈMES (STAGE PRO),https://www.jobinfocamer.com/job/15451/ingenieur-en-securite-des-systemes-stage-pro--a-matrix-telecoms,MATRIX TELECOMS,Yaoundé,STAGE
07 Décembre 2017,Analyste technico-fonctionnel SAP HCM H/F,https://www.jobinfocamer.com/job/15353/analyste-technico-fonctionnel-sap-hcm-h-f-a-veotys-sarl,VEOTYS SARL,Douala,STAGE
05 Décembre 2017,Développeur web client et webdesigner,https://www.jobinfocamer.com/job/15331/developpeur-web-client-et-webdesigner-a-serdi,SERDI,Yaoundé,CDD
05 Décembre 2017,Intégration et tests,https://www.jobinfocamer.com/job/15330/integration-et-tests-a-cameroon-image-analysis-and-communication-ciac-,Cameroon Image Analysis and Communication (CIAC),Yaoundé,CDI
05 Décembre 2017,Développement applicatif,https://www.jobinfocamer.com/job/15329/developpement-applicatif-a-cameroon-image-analysis-and-communication-ciac-,Cameroon Image Analysis and Communication (CIAC),Yaoundé,CDI
05 Décembre 2017,Recherche et développement algorithmique,https://www.jobinfocamer.com/job/15328/recherche-et-developpement-algorithmique-a-cameroon-image-analysis-and-communication-ciac-,Cameroon Image Analysis and Communication (CIAC),Yaoundé,CDI
23 Novembre 2017,Professional IT,https://www.jobinfocamer.com/job/15130/professional-it-a-win-win-sarl,WIN-WIN SARL,Yaoundé,CDI
20 Novembre 2017,Chef de service des TI,https://www.jobinfocamer.com/job/15047/chef-de-service-des-ti-a-corpecca,Corpecca,,CDI
15 Novembre 2017,Saisisseur de Données,https://www.jobinfocamer.com/job/14937/saisisseur-de-donnees-a-action-contre-la-faim-acf-,Action Contre la Faim(ACF),"Batouri, EST - CAMEROUN",CDD
14 Novembre 2017,Developpeur/Integrateur web Orange Money - Magento,https://www.jobinfocamer.com/job/14911/developpeur-integrateur-web-orange-money-magento-a-spike-print-lab,Spike Print Lab,Yaoundé,CDD
10 Novembre 2017,WEBMASTER,https://www.jobinfocamer.com/job/14835/webmaster-a-secodi-sarl,SECODI SARL,Douala,CDI
07 Novembre 2017,Developpeur Web et Android,https://www.jobinfocamer.com/job/14798/developpeur-web-et-android-a-orobo,OROBO,Douala,STAGE
03 Novembre 2017,ADMINISTRATEUR SYSTEME ET RESEAU,https://www.jobinfocamer.com/job/14750/administrateur-systeme-et-reseau-a-efab-corporate,EFAB CORPORATE,Yaoundé,CDI
29 Octobre 2017,Software developers,https://www.jobinfocamer.com/job/14697/software-developers-a-entreprise-de-la-place,Entreprise de la place,Douala,CDI
27 Octobre 2017,"Chef de département informatique, et TIC",https://www.jobinfocamer.com/job/14685/chef-de-departement-informatique-et-tic-a-etablissement-de-microfinance,Etablissement de Microfinance,,CDI
26 Octobre 2017,"Stagiaire Académique ou professionnel développeur informatique (PHP,JAVA)",https://www.jobinfocamer.com/job/14675/stagiaire-academique-ou-professionnel-developpeur-informatique-php-java--a-entreprise-de-la-place,Entreprise de la place,Douala,STAGE
23 Octobre 2017,Développeurs/Codeursprojet,https://www.jobinfocamer.com/job/14628/developpeurs-codeursprojet-a-panafrican-pacific-holdings,PANAFRICAN PACIFIC HOLDINGS,Yaoundé,STAGE
22 Octobre 2017,INFORMATICIEN DEVELOPEUR FRONTEND & BACKEND,https://www.jobinfocamer.com/job/14611/informaticien-developeur-frontend-backend-a-nouvic-coorporation-sarl,NOUVIC COORPORATION SARL,Dschang,CDI
20 Octobre 2017,Data Analyst Intern,https://www.jobinfocamer.com/job/14595/data-analyst-intern-a-ovamba-cameroon-solutions,Ovamba Cameroon Solutions,Douala,STAGE
20 Octobre 2017,Responsable Organisation et système d'informations,https://www.jobinfocamer.com/job/14590/responsable-organisation-et-systeme-d-informations-a-globus-trading-management,Globus trading management,,CDI
18 Octobre 2017,Enseignant permanent en informatique,https://www.jobinfocamer.com/job/14566/enseignant-permanent-en-informatique-a-epfa,EPFA,Douala,CDI
18 Octobre 2017,03 INGENIEURS RESEAUX ET SECURITE,https://www.jobinfocamer.com/job/14560/03-ingenieurs-reseaux-et-securite-a-success-consults,SUCCESS CONSULTS,Douala,CDI
18 Octobre 2017,03 INGENIEURS ADMINISTRATEURS DES BASES DE DONNEES,https://www.jobinfocamer.com/job/14559/03-ingenieurs-administrateurs-des-bases-de-donnees-a-success-consults,SUCCESS CONSULTS,Douala,CDI
17 Octobre 2017,STAGIAIRE DEVELOPPEUR MARKETING DIGITAL/DEVELOPPEUR WEB,https://www.jobinfocamer.com/job/14539/stagiaire-developpeur-marketing-digital-developpeur-web-a-desanne-sas,DESANNE SAS,Douala,STAGE
14 Octobre 2017,ICT Assistant,https://www.jobinfocamer.com/job/14517/ict-assistant-a-pnud-cameroun,PNUD Cameroun,Bertoua,CDD
13 Octobre 2017,IT MANAGER,https://www.jobinfocamer.com/job/14505/it-manager-a-dangote-cement-cameroon-s-a-,DANGOTE CEMENT CAMEROON S.A.,Douala,CDI
12 Octobre 2017,DEVELOPPEUR WEB- Front & Back,https://www.jobinfocamer.com/job/14501/developpeur-web-front-back-a-success-consults,SUCCESS CONSULTS,Yaoundé,CDI
12 Octobre 2017,Recrutement de 15 stagiaires,https://www.jobinfocamer.com/job/14498/recrutement-de-15-stagiaires-a-megasoft-sarl,MEGASOFT SARL,Yaoundé,STAGE
10 Octobre 2017,DBA ORACLE & OEBS,https://www.jobinfocamer.com/job/14483/dba-oracle-oebs-a-filiale-d-un-groupe-international,Filiale d'un GROUPE INTERNATIONAL,Douala,CDI
09 Octobre 2017,DEVELOPPEURS WEB WORDPRESS (H/F),https://www.jobinfocamer.com/job/14473/-developpeurs-web-wordpress-h-f--a-shlife-digital,SHLIFE DIGITAL,Douala,STAGE
07 Octobre 2017,OFFRE DE STAGE DÉVELOPPEUR,https://www.jobinfocamer.com/job/14458/offre-de-stage-developpeur-a-css-engineering,CSS ENGINEERING,,STAGE
06 Octobre 2017,WEBMASTER,https://www.jobinfocamer.com/job/14449/webmaster-a-oapi,OAPI,Yaoundé,CDI
02 Octobre 2017,JAVA Developers,https://www.jobinfocamer.com/job/14394/java-developers-a-pkfokam-institute-of-excellence,PKFokam Institute of Excellence,Yaoundé,CDI
02 Octobre 2017,Lecturer,https://www.jobinfocamer.com/job/14393/lecturer-a-pkfokam-institute-of-excellence,PKFokam Institute of Excellence,Yaoundé,CDI
28 Septembre 2017,GESTIONNAIRE PARC INFORMATIQUE / TECHNICIEN IT,https://www.jobinfocamer.com/job/14363/gestionnaire-parc-informatique-technicien-it-a-premiere-urgence-internationale,Première Urgence Internationale,Yaoundé,CDD
26 Septembre 2017,Développeur Web,https://www.jobinfocamer.com/job/14339/developpeur-web-a-corpecca,Corpecca,,CDI
25 Septembre 2017,Developer,https://www.jobinfocamer.com/job/14326/developer-a-presprint-plc,PRESPRINT Plc,Limbe,CDI
25 Septembre 2017,Administrateur système linux,https://www.jobinfocamer.com/job/14325/administrateur-systeme-linux-a-presprint-plc,PRESPRINT Plc,Limbe,CDI
22 Septembre 2017,IT Officer (temps partiel),https://www.jobinfocamer.com/job/14297/it-officer-temps-partiel--a-helen-keller-international,Helen Keller International,Yaoundé,CDI
19 Septembre 2017,STAGIAIRES PROFESSIONNELS,https://www.jobinfocamer.com/job/14242/stagiaires-professionnels-a-rhitsec,RHITSEC,Yaoundé,CDI
19 Septembre 2017,DÉVELOPPEUR,https://www.jobinfocamer.com/job/14236/developpeur--a-css-engineering,CSS ENGINEERING,Douala,STAGE
18 Septembre 2017,Développeur web et Mobile Passionné,https://www.jobinfocamer.com/job/14229/developpeur-web-et-mobile-passionne-a-danol-holding-co-ltd,"DANOL HOLDING CO.,LTD",Douala,CDD
16 Septembre 2017,Formateurs en Informatique,https://www.jobinfocamer.com/job/14202/formateurs-en-informatique-a-projet-d-initiation-a-la-maitrise-des-logiciels,Projet d'Initiation à la Maîtrise des Logiciels,Foumban,CDD
13 Septembre 2017,Officier M&E Protection et Etat de Droit,https://www.jobinfocamer.com/job/14151/officier-m-e-protection-et-etat-de-droit-a-international-rescue-committee-cameroon-irc-,International Rescue Committee Cameroon (IRC),Maroua,CDD
11 Septembre 2017,Responsable d'espace  de vente,https://www.jobinfocamer.com/job/14131/responsable-d-espace-de-vente-a-entreprise-de-la-place,Entreprise de la place,,CDI
09 Septembre 2017,Responsable Technique,https://www.jobinfocamer.com/job/14103/responsable-technique-a-entreprise-de-la-place,Entreprise de la place,,CDI
07 Septembre 2017,Développeur Web,https://www.jobinfocamer.com/job/14083/developpeur-web-a-novac-technologies,NOVAC TECHNOLOGIES,Douala,STAGE
07 Septembre 2017,Développeurs web,https://www.jobinfocamer.com/job/14070/developpeurs-web-a-enix-computer-sarl,Enix Computer Sarl,Yaoundé,CDI
04 Septembre 2017,SUPERVISEURS RESEAUX ET SERVICES,https://www.jobinfocamer.com/job/14041/superviseurs-reseaux-et-services-a-camtel,CAMTEL,,CDI
04 Septembre 2017,OFFICIER GESTIONNAIRE DE BASE DE DONNEES,https://www.jobinfocamer.com/job/14037/officier-gestionnaire-de-base-de-donnees-a-intersos,INTERSOS,KOUSSERI,CDD
04 Septembre 2017,Formateurs en Informatique,https://www.jobinfocamer.com/job/14024/formateurs-en-informatique-a-projet-d-initiation-a-la-maitrise-des-logiciels,Projet d'Initiation à la Maîtrise des Logiciels,,CDD
31 Août 2017,INGENIEURS INFORMATICIENS,https://www.jobinfocamer.com/job/13976/ingenieurs-informaticiens-a-logistics-sarl,LOGISTICS SARL,Yaoundé,STAGE
31 Août 2017,Développeur informatique,https://www.jobinfocamer.com/job/13974/developpeur-informatique-a-kentnix-sarl,KENTNIX SARL,Yaoundé,CDD
28 Août 2017,Ingénieur de Développement,https://www.jobinfocamer.com/job/13929/ingenieur-de-developpement-a-inductiv-research-technologies,Inductiv Research Technologies,Yaoundé,CDD
25 Août 2017,Front End Web Developer,https://www.jobinfocamer.com/job/13911/front-end-web-developer-a-ikwen,IKWEN,Yaoundé,CDI
23 Août 2017,OpenMRS Developper,https://www.jobinfocamer.com/job/13863/openmrs-developper--a-icap-cameroon,ICAP Cameroon,Yaoundé,CDD
23 Août 2017,Ingénieurs Informaticiens (stagiaires),https://www.jobinfocamer.com/job/13855/ingenieurs-informaticiens-stagiaires--a-pol-trending,POL'TRENDING,Yaoundé,STAGE
21 Août 2017,RESPONSABLE IT,https://www.jobinfocamer.com/job/13827/responsable-it-a-premiere-urgence-internationale,Première Urgence Internationale,Yaoundé,CDD
17 Août 2017,Développeur Web,https://www.jobinfocamer.com/job/13782/developpeur-web-a-stillforce-ltd,STILLFORCE Ltd,Douala,STAGE
13 Août 2017,Informaticien Gestionnaire de Base des Données,https://www.jobinfocamer.com/job/13761/informaticien-gestionnaire-de-base-des-donnees-a-centre-interregional-de-coordination,Centre Interrégional de Coordination,Yaoundé,CDI
11 Août 2017,Data Analyst / Analyste des données,https://www.jobinfocamer.com/job/13755/data-analyst-analyste-des-donnees-a-entreprise-de-la-place,Entreprise de la Place,,CDI
11 Août 2017,Formateur en Informatique,https://www.jobinfocamer.com/job/13739/formateur-en-informatique--a-epfa,EPFA,Douala,CDI
10 Août 2017,INGÉNIEUR TECHNICO-COMMERCIAL (En free lance),https://www.jobinfocamer.com/job/13734/ingenieur-technico-commercial-en-free-lance--a-matrix-telecoms,MATRIX TELECOMS,Yaoundé,STAGE
01 Août 2017,INFORMATICIEN BAC +5 (spécialisé en système),https://www.jobinfocamer.com/job/13653/informaticien-bac-5-specialise-en-systeme--a-matrix-telecoms,MATRIX TELECOMS,Yaoundé,CDI
30 Juillet 2017,Développeur Symfony Confirmé (H/F),https://www.jobinfocamer.com/job/13624/developpeur-symfony-confirme-h-f--a-rh-foongon-sas,RH Foongon SAS,Douala,CDI
26 Juillet 2017,Ingénieur Informaticien,https://www.jobinfocamer.com/job/13593/ingenieur-informaticien-a-charismatic-consulting,Charismatic Consulting,Douala,CDD
20 Juillet 2017,STAGE PROFESSIONNEL EN DEVELOPPEMENT WEB,https://www.jobinfocamer.com/job/13522/stage-professionnel-en-developpement-web-a-dkt-group-sarl,DKT Group SARL,Yaoundé,STAGE
19 Juillet 2017,Ingénieur Développeur,https://www.jobinfocamer.com/job/13515/ingenieur-developpeur-a-efab-corporate,EFAB Corporate,Yaoundé,CDI
16 Juillet 2017,Développeur Mobile Passionné,https://www.jobinfocamer.com/job/13476/developpeur-mobile-passionne-a-foongon,Foongon,Douala,CDI
13 Juillet 2017,Program Manager,https://www.jobinfocamer.com/job/13445/program-manager-a-vodafone-cameroon,Vodafone Cameroon,Douala,CDI
13 Juillet 2017,Information Security Officer,https://www.jobinfocamer.com/job/13444/information-security-officer-a-vodafone-cameroon,Vodafone Cameroon,Douala,CDI
12 Juillet 2017,Stage professionnel Informaticien BAC+2/3,https://www.jobinfocamer.com/job/13432/stage-professionnel-informaticien-bac-2-3-a-entreprise-de-la-place,Entreprise de la place,Douala,STAGE
11 Juillet 2017,Programmeurs (Femme Uniquement),https://www.jobinfocamer.com/job/13422/programmeurs-femme-uniquement--a-cim-industries,CIM Industries,Douala,CDI
10 Juillet 2017,Développeur Web,https://www.jobinfocamer.com/job/13409/developpeur-web--a-ets-ateg,Ets ATEG,Douala,STAGE
04 Juillet 2017,IT MANAGER,https://www.jobinfocamer.com/job/13334/it-manager-a-yoomee-cameroun,YooMee Cameroun,Douala,CDI
29 Juin 2017,02 STAGIAIRES INGENIEUR DEVELOPPEUR WEB (H/F),https://www.jobinfocamer.com/job/13281/02-stagiaires-ingenieur-developpeur-web-h-f--a-desanne-sas,DESANNE SAS,Douala,STAGE
29 Juin 2017,MARKETING DIGITAL,https://www.jobinfocamer.com/job/13279/marketing-digital-a-desanne-sas,DESANNE SAS,Douala,STAGE
29 Juin 2017,Gestionnaire de base de données,https://www.jobinfocamer.com/job/13276/gestionnaire-de-base-de-donnees-a-universite-de-yaounde-i,Université de Yaoundé I,Yaoundé,CDD
25 Juin 2017,INGENIEUR MOA GESTIONNAIRE D'APPLICATION,https://www.jobinfocamer.com/job/13241/ingenieur-moa-gestionnaire-d-application-a-societe-generale-cameroun,SOCIETE GENERALE CAMEROUN,Douala,CDI
23 Juin 2017,ASP.NET AND PHP DEVELOPER,https://www.jobinfocamer.com/job/13212/asp-net-and-php-developer-a-zenithe-insurance,ZENITHE INSURANCE,Douala,CDI
23 Juin 2017,Développeur Web et Mobile,https://www.jobinfocamer.com/job/13211/developpeur-web-et-mobile-a-entreprise-de-la-place,Entreprise de la place,Douala,CDI
22 Juin 2017,Développeur mobile iOS,https://www.jobinfocamer.com/job/13201/developpeur-mobile-ios-a-entreprise-de-la-place,Entreprise de la place,Buéa,CDI
21 Juin 2017,DÉVELOPPEUR WEB DESIGNER ET WEBMASTER,https://www.jobinfocamer.com/job/13184/developpeur-web-designer-et-webmaster-a-africa-med-cameroun,AFRICA-MED CAMEROUN,Douala,CDD
16 Juin 2017,Analyst-Programmer,https://www.jobinfocamer.com/job/13137/analyst-programmer-a-vairified,Vairified,Douala,STAGE
14 Juin 2017,Startup Fintech cherche un Developpeur Symfony Confirmé,https://www.jobinfocamer.com/job/13088/startup-fintech-cherche-un-developpeur-symfony-confirme-a-rh-foongon-sas,RH Foongon SAS,Douala,CDD
13 Juin 2017,Assistant support solutions de gestion,https://www.jobinfocamer.com/job/13081/assistant-support-solutions-de-gestion-a-isic,ISIC,Douala,STAGE
12 Juin 2017,Data Management Assistant,https://www.jobinfocamer.com/job/13059/data-management-assistant--a-unhcr,UNHCR,Yaoundé,CDD
09 Juin 2017,Développeur PHP/JAVA - H/F,https://www.jobinfocamer.com/job/13038/developpeur-php-java-h-f-a-ticnov,TICNOV,,CDI
08 Juin 2017,Assistant Administrateur de données,https://www.jobinfocamer.com/job/13026/assistant-administrateur-de-donnees-a-cicr,CICR,Maroua,CDD
08 Juin 2017,Testeur Software et Concepteur Application mobile,https://www.jobinfocamer.com/job/13025/testeur-software-et-concepteur-application-mobile-a-cim-industries,CIM Industries,Douala,STAGE
08 Juin 2017,Community Manager et Responsable commercial H/F,https://www.jobinfocamer.com/job/13024/community-manager-et-responsable-commercial-h-f-a-ticnov,TICNOV,,CDI
07 Juin 2017,DATA ENTRY,https://www.jobinfocamer.com/job/13016/data-entry-a-action-contre-la-faim-acf-,Action Contre la Faim(ACF),Batouri,CDD
06 Juin 2017,Chargé/e National/e de la Gestion de l'Information,https://www.jobinfocamer.com/job/12999/charge-e-national-e-de-la-gestion-de-l-information-a-pnud-cameroun,PNUD Cameroun,Maroua,CDD
05 Juin 2017,GRAPHISTE WEBDESIGNER,https://www.jobinfocamer.com/job/12993/graphiste-webdesigner-a-themis-technologies,Thémis Technologies,Yaoundé,STAGE
01 Juin 2017,Développeur C# MVC,https://www.jobinfocamer.com/job/12954/developpeur-c-mvc-a-fbc,FBC,Douala,CDI
31 Mai 2017,Webmaster,https://www.jobinfocamer.com/job/12939/webmaster-a-abs-holding,ABS HOLDING,Yaoundé,CDI
28 Mai 2017,Développeur back-end web,https://www.jobinfocamer.com/job/12920/developpeur-back-end-web--a-so-talented,SO TALENTED,,CDI
24 Mai 2017,Développeur,https://www.jobinfocamer.com/job/12882/developpeur-a-presprint-plc,PRESPRINT Plc,Limbe,CDI
23 Mai 2017,INGÉNIEUR BUSINESS INTELLIGENCE (H/F),https://www.jobinfocamer.com/job/12874/-ingenieur-business-intelligence-h-f--a-shlife-sas,SHLIFE SAS,,CDD
23 Mai 2017,"DEVELOPPEUR C#, ASP, .NET",https://www.jobinfocamer.com/job/12873/developpeur-c-asp-net-a-shlife-sas,SHLIFE SAS,,CDD
21 Mai 2017,Développeur Site WEB,https://www.jobinfocamer.com/job/12847/developpeur-site-web-a-atysfinance,ATYSFINANCE,Yaoundé,CDD
21 Mai 2017,ASSISTANT(E) IT,https://www.jobinfocamer.com/job/12844/assistant-e-it-a-giz,GIZ,Yaoundé,CDD
17 Mai 2017,Stagiaire Développeur,https://www.jobinfocamer.com/job/12800/stagiaire-developpeur-a-njangihost-sarl,Njangihost Sarl,Douala,STAGE
17 Mai 2017,Développeur,https://www.jobinfocamer.com/job/12799/developpeur--a-sunnet-group,SunNET Group,,CDI
11 Mai 2017,Ingenieur de conception informatique,https://www.jobinfocamer.com/job/12726/ingenieur-de-conception-informatique-a-mel-commodities-exchange,MEL COMMODITIES EXCHANGE,Douala,STAGE
10 Mai 2017,IT Officer,https://www.jobinfocamer.com/job/12715/it-officer-a-international-rescue-committee-cameroon-irc-,International Rescue Committee Cameroon (IRC),Maroua,CDD
10 Mai 2017,Ingénieurs Informaticiens (stagiaires),https://www.jobinfocamer.com/job/12711/ingenieurs-informaticiens-stagiaires--a-tandyl-sarl,Tandyl Sarl,Yaoundé,STAGE
05 Mai 2017,Technico-commercial,https://www.jobinfocamer.com/job/12666/technico-commercial-a-megasoft-sarl,MEGASOFT SARL,Yaoundé,STAGE
28 Avril 2017,Développeur web,https://www.jobinfocamer.com/job/12593/developpeur-web-a-iana,IANA,Yaoundé,CDI
27 Avril 2017,Développeur Electron,https://www.jobinfocamer.com/job/12572/developpeur-electron-a-cim-industries,CIM Industries,Douala,CDD
26 Avril 2017,Webmaster ou web designer,https://www.jobinfocamer.com/job/12562/webmaster-ou-web-designer-a-entreprise-de-la-place,Entreprise de la place,,CDI
26 Avril 2017,INFORMATICIEN DE GESTION OU TECHNICIEN EN SYSTEMES D'INFORMATION,https://www.jobinfocamer.com/job/12555/informaticien-de-gestion-ou-technicien-en-systemes-d-information-a-pme,PME,Douala,CDI
26 Avril 2017,Développeur,https://www.jobinfocamer.com/job/12554/developpeur-a-entreprise-de-la-place,Entreprise de la place,Yaoundé,STAGE
20 Avril 2017,Web Designer,https://www.jobinfocamer.com/job/12514/web-designer-a-iba,IBA,Douala,CDI
20 Avril 2017,WEB DEVELOPPEUR,https://www.jobinfocamer.com/job/12513/web-developpeur-a-iba,IBA,Douala,CDI
16 Avril 2017,Data Entry Assistant,https://www.jobinfocamer.com/job/12465/data-entry-assistant-a-pnud-cameroun,PNUD Cameroun,Yaoundé,CDD
14 Avril 2017,Recruitment of 2 Highly Skilled Programmers,https://www.jobinfocamer.com/job/12454/recruitment-of-2-highly-skilled-programmers--a-tamco-technologies,Tamco Technologies,Douala,CDD
13 Avril 2017,WEB DESIGNER,https://www.jobinfocamer.com/job/12435/web-designer-a-afrologix,AFROLOGIX,Yaoundé,CDI
11 Avril 2017,DÉVELOPPEUR (Possibilité d'emploi),https://www.jobinfocamer.com/job/12393/developpeur-possibilite-d-emploi--a-css-engineering-,CSS-ENGINEERING,Douala,STAGE
11 Avril 2017,WEB DESIGNER INTEGRATEUR SITE WEB,https://www.jobinfocamer.com/job/12388/web-designer-integrateur-site-web-a-themis-technologies,Thémis Technologies,Yaoundé,CDD
11 Avril 2017,Mobile Developer IOS (H/F),https://www.jobinfocamer.com/job/12387/mobile-developer-ios-h-f--a-themis-technologies,Thémis Technologies,Yaoundé,CDI
10 Avril 2017,Developpeur Web (Frontend uniquement ),https://www.jobinfocamer.com/job/12380/developpeur-web-frontend-uniquement--a-entreprise-de-la-place,Entreprise de la place,Douala,STAGE
07 Avril 2017,Technicien en Informatique/Maintenancier informatique,https://www.jobinfocamer.com/job/12358/technicien-en-informatique-maintenancier-informatique-a-ktc-center,KTC-CENTER,Yaoundé,CDI
06 Avril 2017,DEVELOPPEUR C SHARP,https://www.jobinfocamer.com/job/12340/developpeur-c-sharp-a-bollore-transport-logistics,BOLLORE TRANSPORT & LOGISTICS,Douala,STAGE
03 Avril 2017,Webdesigner,https://www.jobinfocamer.com/job/12298/webdesigner-a-themis-technologies,Thémis Technologies,Yaoundé,STAGE
03 Avril 2017,Developpeur PHP,https://www.jobinfocamer.com/job/12294/developpeur-php-a-themis-technologies,Thémis Technologies,Yaoundé,STAGE
03 Avril 2017,Développeur,https://www.jobinfocamer.com/job/12290/developpeur-a-pme,PME,Douala,STAGE
31 Mars 2017,Software Engineer,https://www.jobinfocamer.com/job/12271/software-engineer-a-vairified,Vairified,Douala,CDI
31 Mars 2017,Ingenieur de conception informatique,https://www.jobinfocamer.com/job/12270/ingenieur-de-conception-informatique--a-mel-commodities-exchange,MEL COMMODITIES EXCHANGE,Douala,STAGE
30 Mars 2017,Informaticienne (Maintenance),https://www.jobinfocamer.com/job/12254/informaticienne-maintenance--a-entreprise-de-la-place,Entreprise de la place,Douala,CDI
27 Mars 2017,Consultant NAVISION,https://www.jobinfocamer.com/job/12211/consultant-navision-a-teletic,TELETIC,Yaoundé,CDD
16 Mars 2017,"Recherche de personnels motivés (Informatique, Marketing)",https://www.jobinfocamer.com/job/12120/recherche-de-personnels-motives-informatique-marketing--a-societe-informatique,Société Informatique,Douala,STAGE
14 Mars 2017,Stage professionnelle Informatique,https://www.jobinfocamer.com/job/12100/stage-professionnelle-informatique-a-gmt,GMT,,STAGE
13 Mars 2017,Intégrateur OpenERP (Odoo),https://www.jobinfocamer.com/job/12087/integrateur-openerp-odoo--a-advance-it-group,ADVANCE IT GROUP,,CDD
10 Mars 2017,Directeur des Systèmes d'Information,https://www.jobinfocamer.com/job/12068/directeur-des-systemes-d-information-a-richy-jobs,RICHY JOBS,Douala,CDD
10 Mars 2017,Développeur PYTHON H/F,https://www.jobinfocamer.com/job/12066/developpeur-python-h-f-a-nzhinusoft-cameroun-sarl,NzhinuSoft Cameroun SARL,Yaoundé,CDI
08 Mars 2017,Téléconseillère SAV,https://www.jobinfocamer.com/job/12021/teleconseillere-sav-a-advance-it-group,ADVANCE IT GROUP,Yaoundé,CDI
04 Mars 2017,DEVELOPPEUR,https://www.jobinfocamer.com/job/11988/developpeur-a-entreprise-de-la-place,Entreprise de la place,Yaoundé,CDI
04 Mars 2017,Développeurs professionnels PHP,https://www.jobinfocamer.com/job/11987/developpeurs-professionnels-php--a-kola-it,KOLA IT,Yaoundé,STAGE
22 Février 2017,Responsable Technique,https://www.jobinfocamer.com/job/11867/responsable-technique-a-entreprise-de-la-place,Entreprise de la place,Douala,CDI
21 Février 2017,Stagiaire,https://www.jobinfocamer.com/job/11842/stagiaire-a-genius-center,Genius Center,Yaoundé et Douala,STAGE
16 Février 2017,Développeur web et mobile,https://www.jobinfocamer.com/job/11794/developpeur-web-et-mobile-a-sim-e,SIM-E,Douala,STAGE
09 Février 2017,Développeurs Java Expérimentés (4 ans),https://www.jobinfocamer.com/job/11736/developpeurs-java-experimentes-4-ans--a-accenture-referal,Accenture Referal,,CDD
06 Février 2017,Analyste IT (Bilingue),https://www.jobinfocamer.com/job/11693/analyste-it-bilingue--a-acep-management,ACEP Management,Yaoundé,CDD
06 Février 2017,IT Analyst (Bilingual),https://www.jobinfocamer.com/job/11692/it-analyst-bilingual--a-acep-management,ACEP Management,Yaoundé,CDD
05 Février 2017,offre de partenariat,https://www.jobinfocamer.com/job/11674/offre-de-partenariat-a-glocus-corp-,GLOCUS Corp.,Douala,CDI
02 Février 2017,"Ingénieur réseaux Télécoms, Informatique",https://www.jobinfocamer.com/job/11646/ingenieur-reseaux-telecoms-informatique-a-matrix-telecoms,MATRIX TELECOMS,Yaoundé,CDI
01 Février 2017,Un Technicien IT,https://www.jobinfocamer.com/job/11626/un-technicien-it--a-cicr,CICR,Maroua,CDD
30 Janvier 2017,Développeur Junior,https://www.jobinfocamer.com/job/11593/developpeur-junior-a-galaxy-conseils,GALAXY CONSEILS,,STAGE
24 Janvier 2017,Developpeur web Designer,https://www.jobinfocamer.com/job/11533/developpeur-web-designer-a-innova237,INNOVA237,Douala,STAGE
24 Janvier 2017,Développeur JEE,https://www.jobinfocamer.com/job/11523/developpeur-jee-a-hn-dev,HN-Dev,,CDI
23 Janvier 2017,Assistant(e) suivi-évaluation,https://www.jobinfocamer.com/job/11514/assistant-e-suivi-evaluation-a-care-cameroun,CARE Cameroun,Batouri,CDD
20 Janvier 2017,Stage en Développement JAVA EE/GED/ECM/RSE,https://www.jobinfocamer.com/job/11480/stage-en-developpement-java-ee-ged-ecm-rse-a-majolan-sarl,MAJOLAN SARL,Douala,STAGE
18 Janvier 2017,TECHNICO  -  COMMERCIAL,https://www.jobinfocamer.com/job/11460/technico-commercial-a-easy-tech-services-sarl,EASY TECH SERVICES SARL,Douala,CDD
17 Janvier 2017,INGENIEUR AVANT VENTE,https://www.jobinfocamer.com/job/11433/ingenieur-avant-vente-a-infogenie-technologies-sarl,INFOGENIE TECHNOLOGIES SARL,Yaoundé,CDI
15 Janvier 2017,Développeur Software junior,https://www.jobinfocamer.com/job/11410/developpeur-software-junior--a-bao-sarl,BAO SARL,"Bangangté, Cameroun",CDI
13 Janvier 2017,02 STAGIAIRES INGENIEURS DEVELOPPEURS WEB WORDPRESS (H/F),https://www.jobinfocamer.com/job/11403/02-stagiaires-ingenieurs-developpeurs-web-wordpress-h-f--a-shlife-sas,SHLIFE SAS,Douala,STAGE
13 Janvier 2017,Développeurs web,https://www.jobinfocamer.com/job/11398/developpeurs-web-a-alternatives-equatoriales,Alternatives Equatoriales,Yaoundé,CDI
11 Janvier 2017,INFORMATICIEN SOFTWARE,https://www.jobinfocamer.com/job/11366/informaticien-software-a-ccpc-finance-sa,CCPC FINANCE SA,Douala,CDI
11 Janvier 2017,WEB DESIGNER,https://www.jobinfocamer.com/job/11350/web-designer-a-tandyl-sarl,Tandyl Sarl,Yaoundé,CDD
06 Janvier 2017,WEB DEVELOPPER,https://www.jobinfocamer.com/job/11316/web-developper-a-societe-tesco,Societe Tesco,,CDI
06 Janvier 2017,Assistant Reponsable Sécurité,https://www.jobinfocamer.com/job/11315/assistant-reponsable-securite-a-nh-it-consulting,NH-IT Consulting,Yaoundé,CDI
06 Janvier 2017,Développeur Mobile Android,https://www.jobinfocamer.com/job/11313/developpeur-mobile-android-a-nh-it-consulting,NH-IT Consulting,Yaoundé,CDI
06 Janvier 2017,Développeur Java,https://www.jobinfocamer.com/job/11312/developpeur-java-a-nh-it-consulting,NH-IT Consulting,Yaoundé,CDI
06 Janvier 2017,INGENIEUR BUREAU TECHNIQUE,https://www.jobinfocamer.com/job/11308/ingenieur-bureau-technique-a-societe-generale-cameroun,SOCIETE GENERALE CAMEROUN,Douala,CDI
05 Janvier 2017,Recherche de deux (02) stagiaires développeur junior (H/F),https://www.jobinfocamer.com/job/11292/recherche-de-deux-02-stagiaires-developpeur-junior-h-f--a-icts-sarl,ICTS-Sarl,Douala,STAGE
28 Décembre 2016,Ingenieur de developpement,https://www.jobinfocamer.com/job/11222/ingenieur-de-developpement-a-inductiv-research-technologies,Inductiv Research Technologies,Yaoundé,CDD
27 Décembre 2016,Developpeur Java - php - C#,https://www.jobinfocamer.com/job/11219/developpeur-java-php-c--a-fbc,FBC,Yaoundé,CDI
27 Décembre 2016,Data Entry Assistant,https://www.jobinfocamer.com/job/11215/data-entry-assistant-a-iucn,IUCN,Yaoundé,CDD
21 Décembre 2016,WEBMASTER / WEBDESIGNER,https://www.jobinfocamer.com/job/11172/webmaster-webdesigner-a-aura-cameroun,AURA CAMEROUN,Yaoundé,CDI
21 Décembre 2016,"Développeur Web/Mobile (JAVA, PHP, .NET)",https://www.jobinfocamer.com/job/11169/developpeur-web-mobile-java-php-net--a-smart-school,Smart School,Douala,CDI
21 Décembre 2016,Stage Développeur Web (H/F),https://www.jobinfocamer.com/job/11168/stage-developpeur-web-h-f--a-smart-school,Smart School,Douala,STAGE
20 Décembre 2016,Gouvernance IT,https://www.jobinfocamer.com/job/11158/gouvernance-it-a-rhitsec,RHITSEC,Yaoundé,STAGE
20 Décembre 2016,Administrateur sécurité des systèmes d'information,https://www.jobinfocamer.com/job/11157/administrateur-securite-des-systemes-d-information-a-rhitsec,RHITSEC,Yaoundé,STAGE
20 Décembre 2016,Technico-commerciale,https://www.jobinfocamer.com/job/11156/technico-commerciale-a-rhitsec,RHITSEC,Yaoundé,STAGE
19 Décembre 2016,Informaticien,https://www.jobinfocamer.com/job/11147/informaticien-a-rhrecrutementcameroun,rhrecrutementcameroun,Douala,CDI
17 Décembre 2016,Spécialiste du contrôle interne et du Développement Numérique,https://www.jobinfocamer.com/job/11137/specialiste-du-controle-interne-et-du-developpement-numerique-a-international-brain-consulting,INTERNATIONAL BRAIN CONSULTING,Yaoundé,CDI
12 Décembre 2016,Coordonnateur (trice) National (e) des TICs,https://www.jobinfocamer.com/job/11091/coordonnateur-trice-national-e-des-tics-a-sos-villages-d-enfants,SOS Villages d'Enfants,,CDI
11 Décembre 2016,Webmaster / Informaticien,https://www.jobinfocamer.com/job/11085/webmaster-informaticien-a-entreprise-de-la-place,ENTREPRISE DE LA PLACE,Douala,CDI
09 Décembre 2016,Technico commercial,https://www.jobinfocamer.com/job/11069/technico-commercial-a-icts-sarl,ICTS-Sarl,Douala,STAGE
22 Novembre 2016,IT Administrator,https://www.jobinfocamer.com/job/10922/it-administrator-a-yoomee-cameroun,YooMee Cameroun,Douala,CDI
22 Novembre 2016,Technical Director,https://www.jobinfocamer.com/job/10921/technical-director-a-yoomee-cameroun,YooMee Cameroun,Douala,CDI
18 Novembre 2016,Revenue Assurance Manager,https://www.jobinfocamer.com/job/10895/revenue-assurance-manager-a-vodafone-cameroon,Vodafone Cameroon,Douala,CDI
17 Novembre 2016,DEVELOPPEUR JAVA,https://www.jobinfocamer.com/job/10887/developpeur-java-a-entreprise-de-la-place,ENTREPRISE DE LA PLACE,,CDI
17 Novembre 2016,DEVELOPPEUR WEB,https://www.jobinfocamer.com/job/10886/developpeur-web-a-entreprise-de-la-place,ENTREPRISE DE LA PLACE,,CDI
15 Novembre 2016,Ingénieur Télécoms et réseaux,https://www.jobinfocamer.com/job/10859/ingenieur-telecoms-et-reseaux-a-ipersat,IPERSAT,Yaoundé,CDI
15 Novembre 2016,Ingenieur Développeur Java,https://www.jobinfocamer.com/job/10843/ingenieur-developpeur-java-a-international,International,,CDD
11 Novembre 2016,Back end and mobile developper,https://www.jobinfocamer.com/job/10812/back-end-and-mobile-developper-a-symetrix,SYMETRIX,Douala,CDI
07 Novembre 2016,ERP/BI- Internship pre-recruiting,https://www.jobinfocamer.com/job/10746/erp-bi-internship-pre-recruiting--a-isnov-sarl,ISNOV SARL,Yaoundé,STAGE
07 Novembre 2016,ERP/BI Stagiaire intégrateur & Développeur ERP et BI,https://www.jobinfocamer.com/job/10745/erp-bi-stagiaire-integrateur-developpeur-erp-et-bi-a-isnov-sarl,ISNOV SARL,Yaoundé,STAGE
05 Novembre 2016,PHP developer,https://www.jobinfocamer.com/job/10730/php-developer-a-swapps,Swapps,Yaoundé,CDI
05 Novembre 2016,Développeur PHP,https://www.jobinfocamer.com/job/10729/developpeur-php-a-swapps,Swapps,Yaoundé,CDI
31 Octobre 2016,Software Engineer,https://www.jobinfocamer.com/job/10680/software-engineer-a-vairified,Vairified,Douala,CDD
26 Octobre 2016,Ecommerce Website Administrator,https://www.jobinfocamer.com/job/10642/ecommerce-website-administrator-a-ecommerce,Ecommerce,Douala,CDI
25 Octobre 2016,WEBMASTER/DEVELOPPEUR,https://www.jobinfocamer.com/job/10638/webmaster-developpeur-a-ipersat,IPERSAT,Yaoundé,CDI
24 Octobre 2016,INGENIEUR DEVELOPPEUR JAVA/J2EE,https://www.jobinfocamer.com/job/10624/ingenieur-developpeur-java-j2ee-a-shlife-sas,SHLIFE SAS,,CDI
24 Octobre 2016,INGENIEUR ERP/CRM/INTEGRATEUR D'APPLICATION,https://www.jobinfocamer.com/job/10623/ingenieur-erp-crm-integrateur-d-application-a-shlife-sas,SHLIFE SAS,,CDI
24 Octobre 2016,INGENIEUR MICROSOFT SHAREPOINT,https://www.jobinfocamer.com/job/10622/ingenieur-microsoft-sharepoint-a-shlife-sas,SHLIFE SAS,,CDI
24 Octobre 2016,INGENIEUR BUSINESS INTELLIGENCE,https://www.jobinfocamer.com/job/10615/ingenieur-business-intelligence-a-shlife-sas,SHLIFE SAS,,CDI
20 Octobre 2016,IT Manager,https://www.jobinfocamer.com/job/10577/it-manager-a-vista-language-center,Vista Language Center,Douala,CDI
20 Octobre 2016,Développeurs et Consultants Experimentés Java et SAP,https://www.jobinfocamer.com/job/10572/developpeurs-et-consultants-experimentes-java-et-sap-a-accenture-ile-maurice,Accenture Ile Maurice,Ile Maurice,CDI
20 Octobre 2016,STAGE DEVELOPPEUR WEB PHP / MYSQL,https://www.jobinfocamer.com/job/10571/stage-developpeur-web-php-mysql--a-entreprise-de-la-place,Entreprise de la place,Douala,STAGE
19 Octobre 2016,Informaticien,https://www.jobinfocamer.com/job/10569/informaticien-a-entreprise-de-transport-et-logistique,Entreprise de Transport et Logistique,Douala,CDI
19 Octobre 2016,WEB DEVELOPPER,https://www.jobinfocamer.com/job/10562/web-developper-a-particulier,Particulier,,CDI
13 Octobre 2016,Développement Logiciels,https://www.jobinfocamer.com/job/10521/developpement-logiciels-a-njangui-biz,Njangui.biz,,CDI
10 Octobre 2016,INGENIEUR SYSTEMES,https://www.jobinfocamer.com/job/10475/ingenieur-systemes-a-societe-generale-cameroun,SOCIETE GENERALE CAMEROUN,Douala,CDI
09 Octobre 2016,Développeur WEB MOBILE,https://www.jobinfocamer.com/job/10458/developpeur-web-mobile-a-ews-techs,EWS TECHS,,CDI
07 Octobre 2016,Forrmateur en informatique,https://www.jobinfocamer.com/job/10451/forrmateur-en-informatique-a-complexe-le-prestige,COMPLEXE LE PRESTIGE,Yaoundé,CDI
07 Octobre 2016,Inspecteur des Services Informatiques et des Nouvelles Technologies,https://www.jobinfocamer.com/job/10448/inspecteur-des-services-informatiques-et-des-nouvelles-technologies-a-okalla-ahanda-associes,OKALLA AHANDA & Associés,Yaoundé,CDI
06 Octobre 2016,Administrateur systèmes,https://www.jobinfocamer.com/job/10440/administrateur-systemes-a-renaprov-finance-sa,RENAPROV Finance SA,Yaoundé,CDI
06 Octobre 2016,Technicien Copieur et Imprimante,https://www.jobinfocamer.com/job/10438/technicien-copieur-et-imprimante-a-intek,INTEK,Yaoundé,CDI
04 Octobre 2016,Développeurs C#-MVC5-EF6 expérimentés,https://www.jobinfocamer.com/job/10417/developpeurs-c-mvc5-ef6-experimentes-a-fbc,FBC,Yaoundé,CDI
30 Septembre 2016,INFORMATICIEN,https://www.jobinfocamer.com/job/10394/informaticien-a-ministere-de-la-sante-publique,Ministère de la Santé Publique,,CDD
29 Septembre 2016,Développeur informaticien,https://www.jobinfocamer.com/job/10382/developpeur-informaticien-a-ipersat,IPERSAT,,CDI
29 Septembre 2016,Webmaster - Responsable site Internet et contenus numériques,https://www.jobinfocamer.com/job/10381/webmaster-responsable-site-internet-et-contenus-numeriques-a-ipersat,IPERSAT,Yaoundé,CDD
27 Septembre 2016,Infrastructure Engineer,https://www.jobinfocamer.com/job/10356/infrastructure-engineer-a-vairified-,Vairified,Douala,CDI
26 Septembre 2016,Country IT Coordinator,https://www.jobinfocamer.com/job/10339/country-it-coordinator-a-plan-cameroon,Plan Cameroon,Garoua,CDI
26 Septembre 2016,IT Assistant (Intern),https://www.jobinfocamer.com/job/10337/-it-assistant-intern--a-plan-cameroon,Plan Cameroon,Yaoundé,STAGE
14 Septembre 2016,Développeur Windev,https://www.jobinfocamer.com/job/10202/developpeur-windev-a-tsoft,Tsoft,Douala,CDD
05 Septembre 2016,CONSULTANTS TECHNIQUES ET FONCTIONNELS,https://www.jobinfocamer.com/job/10101/consultants-techniques-et-fonctionnels-a-sopra-software-cameroun,SOPRA SOFTWARE CAMEROUN,,CDI
05 Septembre 2016,Stagiaire de la Section ICT,https://www.jobinfocamer.com/job/10095/stagiaire-de-la-section-ict-a-pnud-cameroun,PNUD Cameroun,Yaoundé,STAGE
05 Septembre 2016,Lecturer Positions at The ICT University- Cameroon Campus,https://www.jobinfocamer.com/job/10093/lecturer-positions-at-the-ict-university-cameroon-campus-a-ict-university-cameroon,ICT UNIVERSITY CAMEROON,"Yaoundé, Buéa et Dschang",CDI
04 Septembre 2016,TECHNICIEN SUPPORT,https://www.jobinfocamer.com/job/10088/technicien-support-a-sepbc,SEPBC,Douala,CDI
04 Septembre 2016,Developpeurs c# / MVC5 / EF6 / SQL SERVER,https://www.jobinfocamer.com/job/10083/developpeurs-c-mvc5-ef6-sql-server-a-fbc,FBC,Yaoundé,CDI
02 Septembre 2016,Formateur en Informatique/PIML,https://www.jobinfocamer.com/job/10068/formateur-en-informatique-piml-a-projet-d-initiation-a-la-maitrise-des-logiciels,Projet d'Initiation à la Maîtrise des Logiciels,Dschang et Ebolowa,CDD
01 Septembre 2016,SOFTWARE ENGINEER,https://www.jobinfocamer.com/job/10058/software-engineer-a-tandyl-sarl,TANDYL SARL,,CDI
01 Septembre 2016,RESPONSABLE INFORMATIQUE,https://www.jobinfocamer.com/job/10052/responsable-informatique-a-abs-holding,ABS HOLDING,,CDI
01 Septembre 2016,Webmaster,https://www.jobinfocamer.com/job/10051/webmaster-a-abs-holding,ABS HOLDING,,CDI
31 Août 2016,Développeur Java/Spring/Hibernate expérimenté,https://www.jobinfocamer.com/job/10046/developpeur-java-spring-hibernate-experimente-a-rh,RH,,CDI
28 Août 2016,LECTURERS FOR UNDERGRADUATE AND GRADUATE PROGRAMS,https://www.jobinfocamer.com/job/10006/lecturers-for-undergraduate-and-graduate-programs-a-gsp-cameroon,GSP Cameroon,Yaoundé,CDI
25 Août 2016,DIRECTEUR DES OPERATIONS TECHNIQUES,https://www.jobinfocamer.com/job/9994/directeur-des-operations-techniques-a-mnt-consulting,MNT Consulting,,CDI
24 Août 2016,Développeur Python,https://www.jobinfocamer.com/job/9987/developpeur-python-a-h2-altitude,H2 Altitude,Yaoundé,CDD
23 Août 2016,Stagiaire en développement WEB,https://www.jobinfocamer.com/job/9965/stagiaire-en-developpement-web-a-cecosda,CECOSDA,Yaoundé,STAGE
19 Août 2016,Professeurs Permanents Filière Informatique,https://www.jobinfocamer.com/job/9931/professeurs-permanents-filiere-informatique-a-institut-universitaire-siantou,Institut Universitaire SIANTOU,Yaoundé,CDI
19 Août 2016,Stagiaire Webdesigner,https://www.jobinfocamer.com/job/9920/stagiaire-webdesigner-a-camertronix-sarl,CAMERTRONIX SARL,Yaoundé,STAGE
08 Août 2016,RESPONSABLE CELLULE INFORMATIQUE,https://www.jobinfocamer.com/job/9804/responsable-cellule-informatique-a-istti,ISTTI,Douala,CDI
27 Juillet 2016,INGENIEUR INFORMATICIEN EXPERIMENTE,https://www.jobinfocamer.com/job/9678/ingenieur-informaticien-experimente-a-matrix-telecoms,MATRIX TELECOMS,Yaoundé,CDI
26 Juillet 2016,Consultant Stagiaire en SIRH,https://www.jobinfocamer.com/job/9671/consultant-stagiaire-en-sirh-a-veotys-sarl,VEOTYS SARL,Douala,STAGE
14 Juillet 2016,INFORMATICIEN,https://www.jobinfocamer.com/job/9538/informaticien-a-dsi,DSI,,CDI
14 Juillet 2016,INGENIEUR SYSTEMES H/F,https://www.jobinfocamer.com/job/9537/ingenieur-systemes-h-f-a-dsi,DSI,,CDI
12 Juillet 2016,Développeur Front-End Javascript/ JQUERY,https://www.jobinfocamer.com/job/9510/developpeur-front-end-javascript-jquery-a-h2-altitude,H2 Altitude,Yaoundé,CDD
09 Juillet 2016,Lecturer(PhD) Computer Science,https://www.jobinfocamer.com/job/9488/lecturer-phd-computer-science-a-catuc,CATUC,Bamenda,CDI
08 Juillet 2016,Webdesigner,https://www.jobinfocamer.com/job/9481/webdesigner-a-camertronix-sarl,CAMERTRONIX SARL,Douala,CDI
07 Juillet 2016,WEBMASTER,https://www.jobinfocamer.com/job/9471/webmaster-a-okalla-ahanda-associes,OKALLA AHANDA & Associés,,CDI
03 Juillet 2016,INGENIEUR COMMERCIAL,https://www.jobinfocamer.com/job/9434/ingenieur-commercial-a-mnt-consulting,MNT Consulting,Yaoundé,CDI
25 Juin 2016,Enseignants,https://www.jobinfocamer.com/job/9374/enseignants-a-i-s-t-i-a,I.S.T.I.A,Douala et Yaoundé,CDD
24 Juin 2016,Stage professionnelle en réseau et télécom,https://www.jobinfocamer.com/job/9373/stage-professionnelle-en-reseau-et-telecom-a-imagine-plus-ltd,IMAGINE PLUS LTD,Yaoundé,STAGE
20 Juin 2016,STAGIAIRE EN DEVELOPPEMENT WEB,https://www.jobinfocamer.com/job/9311/stagiaire-en-developpement-web-a-ts-,TS+,Douala,STAGE
18 Juin 2016,Android Developer,https://www.jobinfocamer.com/job/9294/android-developer-a-vairified,Vairified,Douala,CDI
16 Juin 2016,ADMINISTRATEUR DES BASES DE DONNEES,https://www.jobinfocamer.com/job/9278/administrateur-des-bases-de-donnees-a-ecole-nationale-des-eaux-et-forets,ECOLE NATIONALE DES EAUX ET FORETS,,CDI
12 Juin 2016,5 PHP & JavaScript Web Developers Wanted,https://www.jobinfocamer.com/job/9243/5-php-javascript-web-developers-wanted-a-crispel-academy,CRISPEL ACADEMY,Douala,CDI
09 Juin 2016,Développeur,https://www.jobinfocamer.com/job/9227/developpeur-a-horizon-afrique,Horizon Afrique,,CDD
09 Juin 2016,Ingénieur Informaticien,https://www.jobinfocamer.com/job/9220/ingenieur-informaticien--a-multinationale,MULTINATIONALE,Douala,CDI
07 Juin 2016,Assistant Principal en Gestion des données,https://www.jobinfocamer.com/job/9210/assistant-principal-en-gestion-des-donnees-a-unhcr,UNHCR,Maroua,CDD
06 Juin 2016,Responsable Informatique,https://www.jobinfocamer.com/job/9194/responsable-informatique-a-mako-s-a,MAKO S.A,,CDD
01 Juin 2016,Développeur Web,https://www.jobinfocamer.com/job/9143/developpeur-web-a-entreprise-de-la-place,ENTREPRISE DE LA PLACE,,CDI
25 Mai 2016,Développeurs Web/Mobile/Desktop,https://www.jobinfocamer.com/job/9081/developpeurs-web-mobile-desktop-a-qube,Qube,Douala,CDD
21 Mai 2016,Mobile Developer,https://www.jobinfocamer.com/job/9037/mobile-developer-a-r4d-international,R4D INTERNATIONAL,Yaoundé,CDD
20 Mai 2016,Web  designer/Developer,https://www.jobinfocamer.com/job/9035/web-designer-developer-a-jesanna-hr,JESANNA-HR,Douala,CDI
19 Mai 2016,Développeur Informatique,https://www.jobinfocamer.com/job/9020/developpeur-informatique-a-acesy-sarl,ACESY SARL,Douala,CDI
17 Mai 2016,"Informaticien, Administrateur des Systèmes et réseaux informatiques",https://www.jobinfocamer.com/job/8990/informaticien-administrateur-des-systemes-et-reseaux-informatiques-a-centre-pasteur-du-cameroun,Centre Pasteur du Cameroun,Yaoundé,CDD
16 Mai 2016,Développeur web,https://www.jobinfocamer.com/job/8979/developpeur-web-a-efab-corporate,EFAB Corporate,Yaoundé,CDI
11 Mai 2016,Développeur Windev mobile,https://www.jobinfocamer.com/job/8933/developpeur-windev-mobile-a-amla-cameroun,AMLA CAMEROUN,Yaoundé,CDI
11 Mai 2016,Développeur mobile,https://www.jobinfocamer.com/job/8932/developpeur-mobile--a-amla-cameroun,AMLA CAMEROUN,Yaoundé,CDI
11 Mai 2016,Développeur Web,https://www.jobinfocamer.com/job/8931/developpeur-web-a-amla-cameroun,AMLA CAMEROUN,Yaoundé,CDI
06 Mai 2016,2 développeurs mobile et 1 développeur Web,https://www.jobinfocamer.com/job/8911/2-developpeurs-mobile-et-1-developpeur-web-a-amla-cameroun,AMLA CAMEROUN,Yaoundé,CDI
28 Avril 2016,Développeur Java/JEE,https://www.jobinfocamer.com/job/8855/developpeur-java-jee-a-camertronix-sarl,CAMERTRONIX SARL,Yaoundé,STAGE
25 Avril 2016,Stage développeur web,https://www.jobinfocamer.com/job/8819/stage-developpeur-web-a-microbull,MicroBull,Yaoundé,STAGE
20 Avril 2016,Développeur,https://www.jobinfocamer.com/job/8796/developpeur-a-camertronix-sarl,Camertronix Sarl,Yaoundé,CDD
18 Avril 2016,Développeur Web,https://www.jobinfocamer.com/job/8769/developpeur-web-a-lbc-invest,lbc invest,Douala,STAGE
17 Avril 2016,Developpeur c# / MVC5 / EF6 / SQL SERVER,https://www.jobinfocamer.com/job/8766/developpeur-c-mvc5-ef6-sql-server-a-fbc,FBC,Douala,CDD
13 Avril 2016,Responsable Magasin,https://www.jobinfocamer.com/job/8726/responsable-magasin-a-servitel,SERVITEL,Douala,CDI
12 Avril 2016,IT TECHNICIAN,https://www.jobinfocamer.com/job/8718/it-technician-a-entreprise-de-la-place,Entreprise de la place,Yaoundé,CDI
12 Avril 2016,Développeur GED/Alfresco,https://www.jobinfocamer.com/job/8711/developpeur-ged-alfresco-a-isnov-sarl,ISNOV SARL,Douala,STAGE
09 Avril 2016,Gestionnaire des bases de données /IT,https://www.jobinfocamer.com/job/8687/gestionnaire-des-bases-de-donnees-it-a-camnafaw,CAMNAFAW,Yaoundé,CDD
07 Avril 2016,Ingénieur Reporting et Editique,https://www.jobinfocamer.com/job/8671/ingenieur-reporting-et-editique-a-societe-generale-cameroun,SOCIETE GENERALE CAMEROUN,Douala,CDI
06 Avril 2016,Informaticien/Technico-commercial,https://www.jobinfocamer.com/job/8656/informaticien-technico-commercial-a-mkrhltd,MKRHLTD,Douala,CDI
06 Avril 2016,Développeur,https://www.jobinfocamer.com/job/8653/developpeur-a-mkrhltd,MKRHLTD,Douala,CDI
06 Avril 2016,Agent Suivi Evaluation,https://www.jobinfocamer.com/job/8648/agent-suivi-evaluation-a-premiere-urgence-aide-medicale-internationale,Première Urgence - Aide Médicale Internationale,Est / Adamaoua,CDD
06 Avril 2016,Agent Suivi Evaluation,https://www.jobinfocamer.com/job/8646/agent-suivi-evaluation-a-premiere-urgence-aide-medicale-internationale,Première Urgence - Aide Médicale Internationale,Maroua,CDD
05 Avril 2016,Assistant Logistique ICT,https://www.jobinfocamer.com/job/8642/assistant-logistique-ict-a-international-medical-corps-imc-,International Medical Corps (IMC),Djohong,CDD
04 Avril 2016,Information Technology (IT) Officer,https://www.jobinfocamer.com/job/8631/information-technology-it-officer-a-global-health-systems-solutions,GLOBAL HEALTH SYSTEMS SOLUTIONS,Limbe,CDD
04 Avril 2016,Graphic Designer (Living in Douala) URGENT,https://www.jobinfocamer.com/job/8626/graphic-designer-living-in-douala-urgent-a-kamerkonnection,KamerKonnection,Douala,CDI
04 Avril 2016,Chef de Projet Informatique MOA,https://www.jobinfocamer.com/job/8621/chef-de-projet-informatique-moa-a-societe-generale-cameroun,SOCIETE GENERALE CAMEROUN,Douala,CDI
29 Mars 2016,INGENIEUR BUREAU TECHNIQUE,https://www.jobinfocamer.com/job/8589/ingenieur-bureau-technique-a-societe-generale-cameroun,SOCIETE GENERALE CAMEROUN,Douala,CDI
29 Mars 2016,Angular graphic designer,https://www.jobinfocamer.com/job/8582/angular-graphic-designer-a-nyx,NYX,Yaoundé,CDD
29 Mars 2016,Full stack developper,https://www.jobinfocamer.com/job/8581/full-stack-developper-a-nyx,NYX,Yaoundé,CDD
23 Mars 2016,Informaticiens,https://www.jobinfocamer.com/job/8538/informaticiens-a-la-regionale,LA REGIONALE,,CDI
22 Mars 2016,Analyste programmeur,https://www.jobinfocamer.com/job/8519/analyste-programmeur-a-entreprise-specialisee-dans-la-monetique,Entreprise spécialisée dans la Monétique,Douala,CDI
22 Mars 2016,Enseignant en Informatique,https://www.jobinfocamer.com/job/8517/enseignant-en-informatique-a-institut-ucac-icam,Institut UCAC-ICAM,Douala,CDI
21 Mars 2016,Stage pre-emploi,https://www.jobinfocamer.com/job/8512/stage-pre-emploi-a-veotys-sarl,VEOTYS SARL,Douala,STAGE
17 Mars 2016,IT Volunteer,https://www.jobinfocamer.com/job/8477/it-volunteer-a-green-future-consulting,Green Future Consulting,Douala,STAGE
17 Mars 2016,Web Developer needed,https://www.jobinfocamer.com/job/8466/web-developer-needed-a-hr-systems-ltd,HR & SYSTEMS LTD,Douala,CDI
14 Mars 2016,Administrateur Réseaux,https://www.jobinfocamer.com/job/8413/administrateur-reseaux-a-societe-informatique,Société Informatique,Yaoundé,CDI
10 Mars 2016,Software Developer,https://www.jobinfocamer.com/job/8388/software-developer-a-unics-plc-microfinance-institution,UNICS Plc. Microfinance Institution,,CDI
10 Mars 2016,PHP Software Engineer,https://www.jobinfocamer.com/job/8386/php-software-engineer-a-afrologix,AFROLOGIX,Yaoundé,CDI
09 Mars 2016,DEVELOPPEURS JAVA,https://www.jobinfocamer.com/job/8384/developpeurs-java-a-megatim-group,MEGATIM GROUP,Yaoundé,CDD
05 Mars 2016,ADMINISTRATEUR SYSTEME ET SECURITE INFORMATIQUE,https://www.jobinfocamer.com/job/8360/administrateur-systeme-et-securite-informatique-a-mnt-consulting,MNT Consulting,Douala,CDI
05 Mars 2016,Chargé du Portail pour les Partenariats Stratégiques et Gestion des données,https://www.jobinfocamer.com/job/8359/charge-du-portail-pour-les-partenariats-strategiques-et-gestion-des-donnees-a-oms,OMS,,CDD
28 Février 2016,Développeur JEE/Oracle,https://www.jobinfocamer.com/job/8307/developpeur-jee-oracle-a-eutech,EUTECH,Yaoundé,CDI
24 Février 2016,BIOSTATISTICIEN GESTIONNAIRE DE DONNEES SIG,https://www.jobinfocamer.com/job/8286/biostatisticien-gestionnaire-de-donnees-sig-a-schisto-cameroon,SCHISTO CAMEROON,,CDI
21 Février 2016,Stage développeur web,https://www.jobinfocamer.com/job/8248/stage-developpeur-web-a-microbull,MicroBull,Yaoundé,STAGE
20 Février 2016,IT Technicians,https://www.jobinfocamer.com/job/8241/it-technicians-a-beac,BEAC,,CDI
18 Février 2016,Developpeur H/F,https://www.jobinfocamer.com/job/8216/developpeur-h-f-a-lux-web-services,LUX WEB SERVICES,Douala,CDI
16 Février 2016,Informaticiens,https://www.jobinfocamer.com/job/8189/informaticiens-a-beac,BEAC,,CDI
12 Février 2016,Ingénieur Système et Réseau (H/F),https://www.jobinfocamer.com/job/8160/ingenieur-systeme-et-reseau-h-f--a-protechnik-sa,Protechnik SA,Libreville,CDI
11 Février 2016,"Certified MICROSOFT, Oracle and CISCO Instructors",https://www.jobinfocamer.com/job/8153/certified-microsoft-oracle-and-cisco-instructors-a-gsp-cameroon,GSP Cameroon,Yaoundé,CDI
11 Février 2016,LECTURERS FOR UNDERGRADUATE AND POST GRADUATE PROGRAMS,https://www.jobinfocamer.com/job/8152/lecturers-for-undergraduate-and-post-graduate-programs-a-gsp-cameroon,GSP Cameroon,Yaoundé,CDI
05 Février 2016,Formateur Linux,https://www.jobinfocamer.com/job/8100/formateur-linux-a-charismatic-consulting,Charismatic Consulting,Yaoundé,CDD
03 Février 2016,Assistant terrain en charge des bases de données,https://www.jobinfocamer.com/job/8077/assistant-terrain-en-charge-des-bases-de-donnees-a-cicr,CICR,Maroua,CDD
01 Février 2016,Formateur Bureautique,https://www.jobinfocamer.com/job/8046/formateur-bureautique-a-eat,EAT,Douala,CDD
01 Février 2016,Recrutement  de 2 stagiaires en web développement,https://www.jobinfocamer.com/job/8045/recrutement-de-2-stagiaires-en-web-developpement-a-unicom-network-sarl,Unicom Network Sarl,Yaoundé,STAGE
31 Janvier 2016,Administrateur Réseaux,https://www.jobinfocamer.com/job/8039/administrateur-reseaux-a-group-soft-sarl,Group Soft Sarl,Yaoundé,CDI
31 Janvier 2016,Développeur Web et Mobile Dev,https://www.jobinfocamer.com/job/8038/developpeur-web-et-mobile-dev-a-group-soft-sarl,Group Soft Sarl,Yaoundé,CDI
26 Janvier 2016,ICT Assistant,https://www.jobinfocamer.com/job/7995/ict-assistant-a-unicef,UNICEF,Maroua,CDD
25 Janvier 2016,Registration Associate,https://www.jobinfocamer.com/job/7984/registration-associate-a-unhcr,UNHCR,Maroua,CDD
24 Janvier 2016,Développeur Front-End Javascript/ JQUERY,https://www.jobinfocamer.com/job/7976/developpeur-front-end-javascript-jquery-a-h2-altitude,H2 Altitude,Yaoundé,CDD
22 Janvier 2016,LECTURERS,https://www.jobinfocamer.com/job/7965/lecturers-a-formaplus-academy,FORMAPLUS ACADEMY,Yaoundé,CDI
20 Janvier 2016,Stage pré-emploi Graphiste/Designer,https://www.jobinfocamer.com/job/7946/stage-pre-emploi-graphiste-designer-a-artitalent,ARTITALENT,Yaoundé,STAGE
14 Janvier 2016,Java Software Engineer,https://www.jobinfocamer.com/job/7902/java-software-engineer-a-afrologix,AFROLOGIX,Yaoundé,CDI
14 Janvier 2016,Android Mobile Apps Developer,https://www.jobinfocamer.com/job/7900/android-mobile-apps-developer-a-afrologix,AFROLOGIX,Yaoundé,CDI
14 Janvier 2016,iOS Mobile Apps Developer,https://www.jobinfocamer.com/job/7899/ios-mobile-apps-developer-a-afrologix,AFROLOGIX,Yaoundé,CDI
14 Janvier 2016,C# Software Engineer,https://www.jobinfocamer.com/job/7897/c-software-engineer-a-afrologix,AFROLOGIX,Yaoundé,CDI
14 Janvier 2016,C++ Software Engineer,https://www.jobinfocamer.com/job/7896/c-software-engineer-a-afrologix,AFROLOGIX,Yaoundé,CDI
14 Janvier 2016,Ingénieur informaticien,https://www.jobinfocamer.com/job/7890/ingenieur-informaticien-a-africa-eye-foundation,Africa Eye Foundation,Yaoundé,CDI
13 Janvier 2016,IT Engineer,https://www.jobinfocamer.com/job/7875/it-engineer-a-africa-eye-foundation,Africa Eye Foundation,Yaoundé,CDI
13 Janvier 2016,TESTEUR DES APPLICATIONS,https://www.jobinfocamer.com/job/7866/testeur-des-applications-a-megasoft-sarl,MEGASOFT SARL,Yaoundé,STAGE
11 Janvier 2016,IT Operations Associate,https://www.jobinfocamer.com/job/7845/it-operations-associate--a-programme-alimentaire-mondial,Programme Alimentaire Mondial,Yaoundé,CDD
11 Janvier 2016,Développeur web / Web Developer,https://www.jobinfocamer.com/job/7840/developpeur-web-web-developer-a-kamerkonnection,KamerKonnection,Douala,STAGE
07 Janvier 2016,Développeur web,https://www.jobinfocamer.com/job/7807/developpeur-web-a-artitalent,ARTITALENT,Yaoundé,STAGE
05 Janvier 2016,Web Developer/Designer,https://www.jobinfocamer.com/job/7778/web-developer-designer-a-vairified,VAIRIFIED,Douala,CDD
05 Janvier 2016,Android Developer,https://www.jobinfocamer.com/job/7777/android-developer-a-vairified,VAIRIFIED,,CDD
05 Janvier 2016,Infrastructure Engineer,https://www.jobinfocamer.com/job/7776/infrastructure-engineer-a-vairified,VAIRIFIED,Douala,CDD
05 Janvier 2016,IOS Developer,https://www.jobinfocamer.com/job/7775/ios-developer-a-vairified,VAIRIFIED,Douala,CDD
05 Janvier 2016,Développeur web,https://www.jobinfocamer.com/job/7772/developpeur-web-a-unicom-network-sarl,UNICOM NETWORK SARL,Yaoundé,CDI
04 Janvier 2016,Developpement d'application web et mobile,https://www.jobinfocamer.com/job/7760/developpement-d-application-web-et-mobile-a-boorgeon,Boorgeon,Yaoundé,STAGE
31 Décembre 2015,Database Manager,https://www.jobinfocamer.com/job/7742/database-manager-a-schisto-cameroon,SCHISTO CAMEROON,,CDI
21 Décembre 2015,"Développeur Dot NET, C Sharp",https://www.jobinfocamer.com/job/7680/developpeur-dot-net-c-sharp-a-afreetech,AFREETECH,Yaoundé,CDD
18 Décembre 2015,Biostatistician,https://www.jobinfocamer.com/job/7663/biostatistician-a-r4d-international,R4D INTERNATIONAL,Yaoundé,CDD
11 Décembre 2015,PROGRAMMEUR/DATA MANAGER,https://www.jobinfocamer.com/job/7610/programmeur-data-manager-a-centre-pasteur-du-cameroun,Centre Pasteur du Cameroun,Yaoundé,CDD
08 Décembre 2015,FRONT-END WEB DEVELOPER,https://www.jobinfocamer.com/job/7593/front-end-web-developer-a-yoomee-africa,YooMee Africa,Douala,CDI
30 Novembre 2015,Chef d'Unité de Gestion Informatique des Stocks,https://www.jobinfocamer.com/job/7545/chef-d-unite-de-gestion-informatique-des-stocks-a-frps-ouest,FRPS-Ouest,Bafoussam,CDI
28 Novembre 2015,Stage(s) developpeur informatique - 6 mois,https://www.jobinfocamer.com/job/7519/stage-s-developpeur-informatique-6-mois-a-inductiv-research-technologies,Inductiv Research Technologies,Yaoundé,STAGE
26 Novembre 2015,Développeur Web et SQL,https://www.jobinfocamer.com/job/7496/developpeur-web-et-sql-a-terra-soft,Terra Soft,Douala,CDI
18 Novembre 2015,1 développeur Android & 1 développeur web,https://www.jobinfocamer.com/job/7424/1-developpeur-android-1-developpeur-web-a-amla-cameroun,AMLA CAMEROUN,Yaoundé,CDD
13 Novembre 2015,Technicien systèmes et réseaux,https://www.jobinfocamer.com/job/7385/technicien-systemes-et-reseaux-a-microbull,MicroBull,Yaoundé,STAGE
13 Novembre 2015,Business Development Manager,https://www.jobinfocamer.com/job/7384/business-development-manager--a-telewest-technologies,Telewest Technologies,Douala,CDI
11 Novembre 2015,Ingénieur,https://www.jobinfocamer.com/job/7360/ingenieur-a-newtech-iteam,NewTech ITeam,Douala,CDI
11 Novembre 2015,Responsable Solution IT,https://www.jobinfocamer.com/job/7351/responsable-solution-it-a-mobile-virtual-network-operator,Mobile Virtual Network Operator,Douala,CDI
10 Novembre 2015,Analyste Programmeur,https://www.jobinfocamer.com/job/7345/analyste-programmeur-a-cecaw,CECAW,Douala,CDD
10 Novembre 2015,CONSULTANT STAGIAIRE,https://www.jobinfocamer.com/job/7340/consultant-stagiaire-a-afrikedge,AFRIKEDGE,Douala,STAGE
09 Novembre 2015,IT OFFICER,https://www.jobinfocamer.com/job/7331/it-officer-a-adrh-apave,ADRH APAVE,,CDI
06 Novembre 2015,INFORMATICIENS RESEAUX ET DEVELOPPEURS,https://www.jobinfocamer.com/job/7310/informaticiens-reseaux-et-developpeurs-a-entreprise-de-la-place,ENTREPRISE DE LA PLACE,Yaoundé,CDI
30 Octobre 2015,Recherche de Formateur en Bureutique et comptabilite informatisee,https://www.jobinfocamer.com/job/7232/recherche-de-formateur-en-bureutique-et-comptabilite-informatisee-a-academie-de-l-excellence,Académie de l'Excellence,Douala,CDI
28 Octobre 2015,DEVELOPPEUR WEB,https://www.jobinfocamer.com/job/7212/developpeur-web-a-unicom-network-sarl,UNICOM NETWORK SARL,Yaoundé,CDI
26 Octobre 2015,Web designer / Infographe / Intégrateur qualifié,https://www.jobinfocamer.com/job/7195/web-designer-infographe-integrateur-qualifie-a-cleandev,CleanDev,Yaoundé,CDI
22 Octobre 2015,Gestionnaire de flotte automobile,https://www.jobinfocamer.com/job/7175/gestionnaire-de-flotte-automobile-a-razel-cameroun,Razel Cameroun,Yaoundé,CDI
19 Octobre 2015,Développeur Symfony Confirmé,https://www.jobinfocamer.com/job/7148/developpeur-symfony-confirme--a-afrikbusiness,Afrikbusiness,Yaoundé,STAGE
14 Octobre 2015,Développeur mobile Windev,https://www.jobinfocamer.com/job/7082/developpeur-mobile-windev-a-amla-cameroun,AMLA CAMEROUN,Yaoundé,CDI
13 Octobre 2015,Développeur JAVA/J2EE,https://www.jobinfocamer.com/job/7072/developpeur-java-j2ee-a-afreetech,AFREETECH,Yaoundé,CDI
13 Octobre 2015,IT Operations Officer,https://www.jobinfocamer.com/job/7066/it-operations-officer-a-programme-alimentaire-mondial,Programme Alimentaire Mondial,Yaoundé,CDD
13 Octobre 2015,Maintenance et Réseaux informatiques,https://www.jobinfocamer.com/job/7065/maintenance-et-reseaux-informatiques-a-tpmh-sarl,TPMH SARL,Douala,CDI
11 Octobre 2015,Développeur Symfony Confirmé (H/F),https://www.jobinfocamer.com/job/7057/developpeur-symfony-confirme-h-f--a-foongon,Foongon,Douala,CDI
09 Octobre 2015,INGENIEUR SYSTEMES,https://www.jobinfocamer.com/job/7038/ingenieur-systemes-a-bollore-africa-logistics,Bolloré Africa Logistics,Douala,CDI
06 Octobre 2015,IT ASSISTANT,https://www.jobinfocamer.com/job/7024/it-assistant-a-cis,CIS,Douala,STAGE
05 Octobre 2015,Adempiere/iDempiere ERP Consultant Technique (Junior),https://www.jobinfocamer.com/job/7008/adempiere-idempiere-erp-consultant-technique-junior--a-isnov-sarl,ISNOV SARL,,CDI
05 Octobre 2015,intégrateur \& Développeur ERP,https://www.jobinfocamer.com/job/7006/integrateur-developpeur-erp-a-isnov-sarl,ISNOV SARL,,STAGE
05 Octobre 2015,Développeur BI/Data Warehouse,https://www.jobinfocamer.com/job/7005/developpeur-bi-data-warehouse-a-isnov-sarl,ISNOV SARL,,STAGE
03 Octobre 2015,Développeur / Intégrateur web,https://www.jobinfocamer.com/job/6993/developpeur-integrateur-web-a-crystals-services,Crystals Services,Yaoundé,CDI
29 Septembre 2015,Web Développeur,https://www.jobinfocamer.com/job/6962/web-developpeur-a-giftedmom,Giftedmom,Yaoundé,STAGE
24 Septembre 2015,Développeur,https://www.jobinfocamer.com/job/6930/developpeur-a-interface-sa,INTERFACE SA,Douala,STAGE
23 Septembre 2015,Administrateur de site Web(Webmaster),https://www.jobinfocamer.com/job/6921/administrateur-de-site-web-webmaster--a-commission-du-bassin-du-lac-tchad-cblt-,Commission du Bassin du Lac Tchad(CBLT),N'Djamena,CDI
23 Septembre 2015,Informaticien(ne),https://www.jobinfocamer.com/job/6920/informaticien-ne--a-issea,ISSEA,Yaoundé,CDI
11 Septembre 2015,Informaticien Stagiaire,https://www.jobinfocamer.com/job/6815/informaticien-stagiaire-a-kanza-sarl,KANZA SARL,Douala,STAGE
09 Septembre 2015,Informaticiens,https://www.jobinfocamer.com/job/6800/informaticiens-a-entreprise-de-la-place,Entreprise de la place,,CDI
09 Septembre 2015,Ingénieurs informaticiens,https://www.jobinfocamer.com/job/6795/ingenieurs-informaticiens-a-entreprise-de-la-place,Entreprise de la place,Yaoundé,CDD
26 Août 2015,Data and ICT Officer,https://www.jobinfocamer.com/job/6683/data-and-ict-officer-a-icap-cameroon,ICAP Cameroon,Yaoundé,CDD
22 Août 2015,Stage en Administration de base de données Oracle,https://www.jobinfocamer.com/job/6633/stage-en-administration-de-base-de-donnees-oracle-a-dym-consulting,DYM Consulting,Douala,STAGE
19 Août 2015,Professeur de TECHNOLOGIE INFORMATIQUE,https://www.jobinfocamer.com/job/6612/professeur-de-technologie-informatique-a-lycee-francais-fustel-de-coulanges,Lycée Français Fustel de Coulanges,Yaoundé,CDI
18 Août 2015,Webmaster Expérimenté,https://www.jobinfocamer.com/job/6593/webmaster-experimente-a-entreprise-de-communication,Entreprise de Communication,Yaoundé,CDI
13 Août 2015,Infographe/Graphiste 3D,https://www.jobinfocamer.com/job/6557/infographe-graphiste-3d-a-royal-communications,Royal Communications,Yaoundé,CDI
12 Août 2015,INFORMATICIEN ASSISTANT,https://www.jobinfocamer.com/job/6548/informaticien-assistant-a-acep-cameroun,ACEP Cameroun,Douala,CDI
05 Août 2015,Web and Software Developer,https://www.jobinfocamer.com/job/6488/web-and-software-developer-a-aconnect-group,ACONNECT GROUP,,CDI
05 Août 2015,Senior Web Developer,https://www.jobinfocamer.com/job/6483/senior-web-developer-a-zenithe-insurance,Zenithe Insurance,Douala,CDI
05 Août 2015,Systems Engineer/Software Developer,https://www.jobinfocamer.com/job/6482/systems-engineer-software-developer-a-zenithe-insurance,Zenithe Insurance,Douala,CDI
03 Août 2015,IT STAFF,https://www.jobinfocamer.com/job/6462/it-staff-a-sud-cameroun-hevea-s-a,SUD Cameroun Hevea S.A,,CDI
28 Juillet 2015,Informaticien,https://www.jobinfocamer.com/job/6367/informaticien-a-ucac,UCAC,Yaoundé,CDD
28 Juillet 2015,"Programmeurs, Analystes et Ingénieurs Informaticiens",https://www.jobinfocamer.com/job/6360/programmeurs-analystes-et-ingenieurs-informaticiens-a-fonction-publique,Fonction Publique,Yaoundé,CDI
24 Juillet 2015,DEVELOPPEUR  APPLICATIONS WEB ET MOBILES,https://www.jobinfocamer.com/job/6330/developpeur-applications-web-et-mobiles-a-rh-experts,RH EXPERTS,Douala,STAGE
15 Juillet 2015,Stagiaire en Informatique de Gestion,https://www.jobinfocamer.com/job/6241/stagiaire-en-informatique-de-gestion-a-entreprise-de-la-place,ENTREPRISE DE LA PLACE,Yaoundé,STAGE
13 Juillet 2015,DEVELOPPEUR QLIEKVIEW,https://www.jobinfocamer.com/job/6221/developpeur-qliekview-a-bollore-africa-logistics,Bolloré Africa Logistics,Douala,CDI
10 Juillet 2015,DEVELOPPEUR/PROGRAMMEUR  en J2EE,https://www.jobinfocamer.com/job/6196/developpeur-programmeur-en-j2ee-a-bz-systems-ltd,BZ Systems Ltd,Yaoundé,CDI
09 Juillet 2015,INSTRUCTORS FOR CERTIFICATION AND DIPLOMA PROGRAMS,https://www.jobinfocamer.com/job/6180/instructors-for-certification-and-diploma-programs-a-ict-university-cameroon,ICT UNIVERSITY CAMEROON,Yaoundé,CDI
08 Juillet 2015,Graphic Designer and IT Specialist,https://www.jobinfocamer.com/job/6169/graphic-designer-and-it-specialist-a-denis-and-lenora-foretia-foundation,Denis and Lenora Foretia Foundation,Yaoundé,CDI
07 Juillet 2015,Stage Professionnel RÉSEAUX ET SÉCURITÉ INFORMATIQUE,https://www.jobinfocamer.com/job/6154/stage-professionnel-reseaux-et-securite-informatique-a-dkt-group-sarl,DKT Group SARL,Yaoundé,STAGE
06 Juillet 2015,Stagiaire,https://www.jobinfocamer.com/job/6137/stagiaire-a--aretex-sarl,ARETEX-SARL,Douala,STAGE
30 Juin 2015,INFOGRAPHE,https://www.jobinfocamer.com/job/6080/infographe-a-be,BE,Yaoundé,CDI
30 Juin 2015,Recrutement Ingénieurs télécoms et informatique,https://www.jobinfocamer.com/job/6077/recrutement-ingenieurs-telecoms-et-informatique-a-it-,IT+,Yaoundé - Douala,CDI
26 Juin 2015,Spécialiste SIG,https://www.jobinfocamer.com/job/6052/specialiste-sig-a-geospace-africa-ltd,GeoSpace Africa Ltd,Douala,CDI
26 Juin 2015,Head of Department - Observatory and Economic Prospective,https://www.jobinfocamer.com/job/6046/head-of-department-observatory-and-economic-prospective-a-apme,APME,,CDI
25 Juin 2015,Chef du Département de l observatoire et de la prospective économique,https://www.jobinfocamer.com/job/6036/chef-du-departement-de-l-observatoire-et-de-la-prospective-economique-a-apme,APME,,CDI
22 Juin 2015,Infographiste Web Designer,https://www.jobinfocamer.com/job/6005/infographiste-web-designer-a-lux-web-services,lux web services,Douala,STAGE
19 Juin 2015,Designer Graphique,https://www.jobinfocamer.com/job/5972/designer-graphique-a-premium-cameroun,Premium Cameroun,Douala,STAGE
13 Juin 2015,GESTIONNAIRE DE PROJET,https://www.jobinfocamer.com/job/5922/gestionnaire-de-projet--a-entreprise-specialisee-dans-la-monetique,Entreprise spécialisée dans la Monétique,,CDI
13 Juin 2015,Administrateur de la plateforme informatique,https://www.jobinfocamer.com/job/5920/administrateur-de-la-plateforme-informatique-a-entreprise-specialisee-dans-la-monetique,Entreprise spécialisée dans la Monétique,,CDI
11 Juin 2015,VNU ICT ASSISTANT,https://www.jobinfocamer.com/job/5902/vnu-ict-assistant-a-pnud-cameroun,PNUD Cameroun,BERTOUA,CDD
07 Juin 2015,Data Manager,https://www.jobinfocamer.com/job/5824/data-manager-a-oms,OMS,Yaoundé,CDD
05 Juin 2015,Designer/Intégrateur qualifié,https://www.jobinfocamer.com/job/5811/designer-integrateur-qualifie-a-cleandev,CleanDev,Yaoundé,CDI
04 Juin 2015,Analyste/Developpeur Java / JEE,https://www.jobinfocamer.com/job/5801/analyste-developpeur-java-jee-a-4itech,4ITECH,Yaoundé,CDI
01 Juin 2015,Information Technology Assistant,https://www.jobinfocamer.com/job/5732/information-technology-assistant-a-u-s-embassy,U.S. Embassy,Yaoundé,CDI
01 Juin 2015,Informaticien,https://www.jobinfocamer.com/job/5728/informaticien-a-bocom-petroleum-s-a,BOCOM PETROLEUM S.A,Douala,CDI
30 Mai 2015,ICT Assistant,https://www.jobinfocamer.com/job/5705/ict-assistant-a-unicef,UNICEF,Maroua,CDD
30 Mai 2015,ICT Assistant,https://www.jobinfocamer.com/job/5703/ict-assistant-a-unicef,UNICEF,Bertoua,CDD
26 Mai 2015,Information \& Technology Assistant,https://www.jobinfocamer.com/job/5661/information-technology-assistant-a-programme-alimentaire-mondial,Programme Alimentaire Mondial,Bertoua,CDD
25 Mai 2015,Associé à la Base de données réfugiés,https://www.jobinfocamer.com/job/5645/associe-a-la-base-de-donnees-refugies-a-unhcr,UNHCR,Maroua,CDD
19 Mai 2015,Gerante Cyber,https://www.jobinfocamer.com/job/5611/gerante-cyber--a-cyber-cafe,Cyber Café,Douala,CDI
18 Mai 2015,Part Time Information Technology Assistant,https://www.jobinfocamer.com/job/5597/part-time-information-technology-assistant-a-peacecorps,PeaceCorps,Yaoundé,CDD
14 Mai 2015,Analyste/Développeur nouvelles technologies et Business Intelligence,https://www.jobinfocamer.com/job/5577/analyste-developpeur-nouvelles-technologies-et-business-intelligence-a-h2-altitude,H2 Altitude,Yaoundé,STAGE
11 Mai 2015,Gestionnaire des données,https://www.jobinfocamer.com/job/5545/gestionnaire-des-donnees-a-iresco,IRESCO,"Ngaoundéré, Maroua, ou Garoua",CDD
08 Mai 2015,CHEFS DE PROJET MOA,https://www.jobinfocamer.com/job/5523/chefs-de-projet-moa-a-societe-generale-cameroun,SOCIETE GENERALE CAMEROUN,Douala,CDI
08 Mai 2015,INGENIEUR STREAM SERVE ET BUSINESS OBJET,https://www.jobinfocamer.com/job/5522/ingenieur-stream-serve-et-business-objet-a-societe-generale-cameroun,SOCIETE GENERALE CAMEROUN,Douala,CDI
04 Mai 2015,IT Assistant,https://www.jobinfocamer.com/job/5479/it-assistant-a-african-institute-for-mathematical-sciences,African Institute for Mathematical Sciences,Yaoundé,CDI
04 Mai 2015,IT Coordinator,https://www.jobinfocamer.com/job/5478/it-coordinator-a-african-institute-for-mathematical-sciences,African Institute for Mathematical Sciences,Yaoundé,CDI
04 Mai 2015,IT Assistant/Network and System Support,https://www.jobinfocamer.com/job/5476/it-assistant-network-and-system-support-a-african-institute-for-mathematical-sciences,African Institute for Mathematical Sciences,Limbe,CDI
04 Mai 2015,IT System Manager,https://www.jobinfocamer.com/job/5474/it-system-manager-a-african-institute-for-mathematical-sciences,African Institute for Mathematical Sciences,Limbe,CDI
29 Avril 2015,STAGE PROFESSIONNEL EN INFORMATIQUE ET GENIE LOGICIEL,https://www.jobinfocamer.com/job/5450/stage-professionnel-en-informatique-et-genie-logiciel-a-wouri-technologies,Wouri Technologies,Douala,STAGE
29 Avril 2015,Stagiaire en Informatique,https://www.jobinfocamer.com/job/5445/stagiaire-en-informatique-a-entreprise-de-la-place,Entreprise de la place,Yaoundé,STAGE
27 Avril 2015,DEVELOPPEUR D APPLICATION WEB SENIOR,https://www.jobinfocamer.com/job/5421/developpeur-d-application-web-senior-a-secel,SECEL,Douala,CDI
27 Avril 2015,INGENIEUR SYSTEMES MICROSOFT,https://www.jobinfocamer.com/job/5420/ingenieur-systemes-microsoft--a-secel,SECEL,Douala,CDI
27 Avril 2015,Ingénieur Linux/Unix,https://www.jobinfocamer.com/job/5418/ingenieur-linux-unix-a-socitech-cameroun,SOCITECH CAMEROUN,,CDI
27 Avril 2015,Web Designers/Developers,https://www.jobinfocamer.com/job/5408/web-designers-developers-a-hr-systems-ltd,HR & SYSTEMS LTD,,CDI
16 Avril 2015,Développeur PHP / prestashop,https://www.jobinfocamer.com/job/5305/developpeur-php-prestashop-a-cleandev,CleanDev,Yaoundé,CDI
15 Avril 2015,Mobile App Developer Needed,https://www.jobinfocamer.com/job/5296/mobile-app-developer-needed-a-hr-systems-ltd,HR & SYSTEMS LTD,Douala,CDI
14 Avril 2015,Senior Web Developer,https://www.jobinfocamer.com/job/5287/senior-web-developer-a-vtc,VTC,Douala,CDI
13 Avril 2015,Cadre Supérieur,https://www.jobinfocamer.com/job/5275/cadre-superieur-a-okalla-ahanda-associes,OKALLA AHANDA & Associés,Yaoundé,CDI
08 Avril 2015,Stagiaire professionnel,https://www.jobinfocamer.com/job/5233/stagiaire-professionnel-a-etablissement-de-microfinance,Etablissement de Microfinance,Yaoundé,STAGE
01 Avril 2015,Infographe,https://www.jobinfocamer.com/job/5188/infographe-a-la-carterie-gt,La Carterie GT,Yaoundé,STAGE
31 Mars 2015,Informaticien,https://www.jobinfocamer.com/job/5177/informaticien-a-shooting-star,SHOOTING STAR,,CDI
31 Mars 2015,ASSISTANT INFORMATIQUE,https://www.jobinfocamer.com/job/5172/assistant-informatique-a-ohchr,OHCHR,Yaoundé,CDD
24 Mars 2015,Technico-Commercial plate forme téléphonique,https://www.jobinfocamer.com/job/5098/technico-commercial-plate-forme-telephonique-a-iplans-sa,iPLANS SA,,CDI
23 Mars 2015,Technicien ICT,https://www.jobinfocamer.com/job/5049/technicien-ict-a-cicr,CICR,Yaoundé,CDD
20 Mars 2015,Développeur Web Front End (H/F),https://www.jobinfocamer.com/job/5017/developpeur-web-front-end-h-f--a-aquafadas,Aquafadas,Montpellier,CDI
20 Mars 2015,Développeur SDK Android (H/F),https://www.jobinfocamer.com/job/4999/developpeur-sdk-android-h-f--a-aquafadas,Aquafadas,Montpellier,CDI
20 Mars 2015,Développeur Sénior PHP (H/F),https://www.jobinfocamer.com/job/4997/developpeur-senior-php-h-f--a-aquafadas,Aquafadas,Montpellier,CDI
20 Mars 2015,Technicien Support Anglophone (H/F),https://www.jobinfocamer.com/job/4990/technicien-support-anglophone-h-f--a-aquafadas,Aquafadas,Montpellier,CDI
19 Mars 2015,Ingénieurs des systèmes et applicatifs pour les plateformes de services d'accès,https://www.jobinfocamer.com/job/4986/ingenieurs-des-systemes-et-applicatifs-pour-les-plateformes-de-services-d-acces-a-camtel,CAMTEL,,CDI
19 Mars 2015,Ingénieurs développement mobile,https://www.jobinfocamer.com/job/4985/ingenieurs-developpement-mobile-a-camtel,CAMTEL,,CDI
19 Mars 2015,Ingénieurs VAS,https://www.jobinfocamer.com/job/4984/ingenieurs-vas-a-camtel,CAMTEL,,CDI
19 Mars 2015,Développeur OS X (H/F),https://www.jobinfocamer.com/job/4980/developpeur-os-x-h-f--a-aquafadas,Aquafadas,Montpellier,CDI
17 Mars 2015,INGENIEURS / MATHEMATICIENS,https://www.jobinfocamer.com/job/4962/ingenieurs-mathematiciens-a-entreprise-de-la-place,ENTREPRISE DE LA PLACE,Yaoundé,CDI
17 Mars 2015,TECHNICIEN SUPERIEUR EN MAINTENANCE INFORMATIQUE,https://www.jobinfocamer.com/job/4960/technicien-superieur-en-maintenance-informatique-a-entreprise-de-la-place,ENTREPRISE DE LA PLACE,Yaoundé,CDI
16 Mars 2015,Techniciens d'exploitation des Systèmes d'information,https://www.jobinfocamer.com/job/4865/techniciens-d-exploitation-des-systemes-d-information-a-camtel,CAMTEL,,CDI
16 Mars 2015,Ingénieurs développement de la facturation et support,https://www.jobinfocamer.com/job/4863/ingenieurs-developpement-de-la-facturation-et-support-a-camtel,CAMTEL,,CDI
16 Mars 2015,Ingénieurs réseaux,https://www.jobinfocamer.com/job/4861/ingenieurs-reseaux-a-camtel,CAMTEL,,CDI
16 Mars 2015,Ingénieurs sécurité des réseaux,https://www.jobinfocamer.com/job/4859/ingenieurs-securite-des-reseaux-a-camtel,CAMTEL,,CDI
16 Mars 2015,Ingénieurs intégration systèmes,https://www.jobinfocamer.com/job/4857/ingenieurs-integration-systemes-a-camtel,CAMTEL,,CDI
16 Mars 2015,Administrateurs systèmes,https://www.jobinfocamer.com/job/4854/administrateurs-systemes-a-camtel,CAMTEL,,CDI
15 Mars 2015,Techniciens génération et analyse cartographique de la couverture du réseau mobile,https://www.jobinfocamer.com/job/4790/techniciens-generation-et-analyse-cartographique-de-la-couverture-du-reseau-mobile-a-camtel,CAMTEL,,CDI
15 Mars 2015,Ingénieurs de cœur,https://www.jobinfocamer.com/job/4789/ingenieurs-de-c-ur-a-camtel,CAMTEL,,CDI
10 Mars 2015,INTEGRATEUR SOLUTIONS INFORMATIQUES- ERP,https://www.jobinfocamer.com/job/4653/integrateur-solutions-informatiques-erp-a-iplans-sa,iPLANS SA,Yaoundé,CDI
10 Mars 2015,Information Technology Intern,https://www.jobinfocamer.com/job/4639/information-technology-intern-a-u-s-embassy,U.S. Embassy,Yaoundé,STAGE
27 Février 2015,M&E Officer,https://www.jobinfocamer.com/job/4543/m-e-officer-a-helen-keller-international,Helen Keller International,Yaoundé,CDI
26 Février 2015,Technicien en Maintenance Informatique,https://www.jobinfocamer.com/job/4531/technicien-en-maintenance-informatique-a-entreprise-de-la-place,Entreprise de la place,Douala,CDI
24 Février 2015,Ingénieur d\'Affaires Grands Comptes,https://www.jobinfocamer.com/job/4514/ingenieur-d-affaires-grands-comptes-a-socitech-cameroun,SOCITECH CAMEROUN,Douala,CDI
24 Février 2015,Ingénieur Avant Vente,https://www.jobinfocamer.com/job/4513/ingenieur-avant-vente-a-socitech-cameroun,SOCITECH CAMEROUN,Douala,CDI
22 Février 2015,Développeur JEE expérimenté/Architecte Technique JEE,https://www.jobinfocamer.com/job/4503/developpeur-jee-experimente-architecte-technique-jee-a-leadware,LEADWARE,Douala,CDI
22 Février 2015,Ingénieur Développeur JAVA/JEE Web Expérimeté,https://www.jobinfocamer.com/job/4502/ingenieur-developpeur-java-jee-web-experimete-a-leadware,LEADWARE,Douala,CDI
20 Février 2015,INFOGRAPHISTE,https://www.jobinfocamer.com/job/4491/infographiste-a-oapi,OAPI,Yaoundé,CDI
19 Février 2015,RECRUTEMENT 02 DEVELOPPEURS(INFORMATIQUE),https://www.jobinfocamer.com/job/4483/recrutement-02-developpeurs-informatique--a-skysoft-technology,SKYSOFT TECHNOLOGY,Douala,CDI
14 Février 2015,Informaticien stagiaire,https://www.jobinfocamer.com/job/4448/informaticien-stagiaire-a-kanza-sarl,Kanza Sarl,Douala,STAGE
12 Février 2015,SUPERVISEURS,https://www.jobinfocamer.com/job/4432/superviseurs-a-entreprise-de-la-place,ENTREPRISE DE LA PLACE,Yaoundé,CDI
12 Février 2015,CHARGE DES OPERATIONS,https://www.jobinfocamer.com/job/4430/charge-des-operations-a-entreprise-de-la-place,ENTREPRISE DE LA PLACE,Yaoundé,CDI
12 Février 2015,Ingenieur Technico commercial,https://www.jobinfocamer.com/job/4426/ingenieur-technico-commercial-a-camtrack,CAMTRACK,Douala,CDI
12 Février 2015,Senior Information Technology Assistant,https://www.jobinfocamer.com/job/4425/senior-information-technology-assistant-a-unhcr,UNHCR,Maroua,CDD
12 Février 2015,Assistant Principal en Gestion des données,https://www.jobinfocamer.com/job/4424/assistant-principal-en-gestion-des-donnees-a-unhcr,UNHCR,Maroua,CDD
10 Février 2015,[Stage] Rédacteurs web,https://www.jobinfocamer.com/job/4403/-stage-redacteurs-web-a-entreprise-de-la-place,Entreprise de la place,Douala,STAGE
06 Février 2015,Stagiaires en Informatique,https://www.jobinfocamer.com/job/4386/stagiaires-en-informatique-a-biservices,BIServices,Yaoundé,STAGE
05 Février 2015,Web designer qualifié,https://www.jobinfocamer.com/job/4373/web-designer-qualifie-a-cleandev,CleanDev,Yaoundé,CDI
05 Février 2015,Analyste Programmeur,https://www.jobinfocamer.com/job/4368/analyste-programmeur-a-entreprise-de-la-place,Entreprise de la place,Yaoundé,CDI
02 Février 2015,Infographiste,https://www.jobinfocamer.com/job/4342/infographiste-a-mobicomt-ltd,MOBICOMT LTD,Douala,CDI
29 Janvier 2015,Formateurs et consultants expérimentés,https://www.jobinfocamer.com/job/4299/formateurs-et-consultants-experimentes-a-academie-de-l-excellence,Académie de l'Excellence,Douala,CDI
27 Janvier 2015,Enseignant / Formateur,https://www.jobinfocamer.com/job/4287/enseignant-formateur-a-biservices,BIServices,Yaoundé,CDI
26 Janvier 2015,Ingénieurs en TIC,https://www.jobinfocamer.com/job/4270/ingenieurs-en-tic-a-groupe-iccnet,Groupe ICCNET,Yaoundé,CDI
21 Janvier 2015,Développeurs Web Dashboard,https://www.jobinfocamer.com/job/4230/developpeurs-web-dashboard-a-interface-sa,INTERFACE SA,Douala,STAGE
21 Janvier 2015,Développeur BI,https://www.jobinfocamer.com/job/4229/developpeur-bi-a-interface-sa,INTERFACE SA,Douala,STAGE
19 Janvier 2015,IT Manager,https://www.jobinfocamer.com/job/4208/it-manager-a-sos,SOS,Yaoundé,CDI
19 Janvier 2015,Product Manager,https://www.jobinfocamer.com/job/4207/product-manager-a-sos,SOS,Yaoundé,CDI
19 Janvier 2015,OFFRE DE STAGE,https://www.jobinfocamer.com/job/4206/offre-de-stage-a-entreprise-de-la-place,Entreprise de la place,Douala,STAGE
15 Janvier 2015,Développeur Web Junior,https://www.jobinfocamer.com/job/4177/developpeur-web-junior--a-orbit-industries-ltd-,"Orbit Industries, LTD.",Douala,STAGE
12 Janvier 2015,Infographe numérique flasheur expérimenté,https://www.jobinfocamer.com/job/4160/infographe-numerique-flasheur-experimente-a-societe-de-communication,Société de Communication,Yaoundé,CDI
10 Janvier 2015,IT OFFICER,https://www.jobinfocamer.com/job/4145/it-officer-a-care-cameroun,CARE Cameroun,Yaoundé,CDI
10 Janvier 2015,Chargé de déploiement Maximo,https://www.jobinfocamer.com/job/4144/charge-de-deploiement-maximo-a-bollore-africa-logistics,Bolloré Africa Logistics,Douala,STAGE
09 Janvier 2015,Technicien maintenance informatique et électronique,https://www.jobinfocamer.com/job/4140/technicien-maintenance-informatique-et-electronique-a-dp,DP,Douala,CDI
08 Janvier 2015,Network Security Specialist,https://www.jobinfocamer.com/job/4134/network-security-specialist-a-r4d-international,R4D INTERNATIONAL,Yaoundé,CDI
06 Janvier 2015,Web Designer \& Integrator,https://www.jobinfocamer.com/job/4106/web-designer-integrator-a-axxentis,Axxentis,Yaoundé,CDD
06 Janvier 2015,Network \& Security Support Analyst,https://www.jobinfocamer.com/job/4104/network-security-support-analyst-a-axxentis,Axxentis,Yaoundé,CDD
06 Janvier 2015,Unified Communications Support Analyst,https://www.jobinfocamer.com/job/4103/unified-communications-support-analyst-a-axxentis,Axxentis,Yaoundé,CDD
06 Janvier 2015,System \& Virtualization Support Analyst,https://www.jobinfocamer.com/job/4102/system-virtualization-support-analyst-a-axxentis,Axxentis,Yaoundé,CDD
06 Janvier 2015,Axxentis Scholaris EPM/CL Integration \& Support Analyst,https://www.jobinfocamer.com/job/4099/axxentis-scholaris-epm-cl-integration-support-analyst-a-axxentis,Axxentis,Yaoundé,CDD
06 Janvier 2015,Axxentis Scholaris EPM/CL Application Developer,https://www.jobinfocamer.com/job/4098/axxentis-scholaris-epm-cl-application-developer-a-axxentis,Axxentis,Yaoundé,CDD
06 Janvier 2015,[Urgent] Graphiste Web,https://www.jobinfocamer.com/job/4090/-urgent-graphiste-web-a-entreprise-de-la-place,Entreprise de la place,Douala,CDI
02 Janvier 2015,Social Media Manager Gabon,https://www.jobinfocamer.com/job/4063/social-media-manager-gabon-a-africa-internet-group,Africa Internet Group,,CDI
30 Décembre 2014,Recrutement de 05 INFORMATICIENS à la POLICE,https://www.jobinfocamer.com/job/4039/recrutement-de-05-informaticiens-a-la-police-a-fonction-publique,Fonction Publique,Yaoundé,CDI
30 Décembre 2014,Web Content Administrator,https://www.jobinfocamer.com/job/4037/web-content-administrator-a-yoomee-africa,YooMee Africa,Douala,CDI
30 Décembre 2014,Business Development Officer,https://www.jobinfocamer.com/job/4036/business-development-officer-a-yoomee-africa,YooMee Africa,Douala,CDI
29 Décembre 2014,Web Designers/Developers,https://www.jobinfocamer.com/job/4031/web-designers-developers-a-hr-systems-ltd,HR & Systems Ltd,Douala,CDI
26 Décembre 2014,Informaticien Bilingue,https://www.jobinfocamer.com/job/4005/informaticien-bilingue-a-entreprise-de-la-place,Entreprise de la place,Yaoundé,CDI
24 Décembre 2014,DEVELOPPEURS PRESTASHOP,https://www.jobinfocamer.com/job/3994/developpeurs-prestashop-a-zen,ZEN,Douala,CDI
24 Décembre 2014,INFOGRAPHE - WEB DESIGNER,https://www.jobinfocamer.com/job/3993/infographe-web-designer-a-zen,ZEN,Douala,CDI
23 Décembre 2014,HEALTH INFORMATION ASSISTANT,https://www.jobinfocamer.com/job/3951/health-information-assistant-a-south-west-regional-fund-for-health-promotion,South West Regional Fund for Health Promotion,Buéa,CDI
18 Décembre 2014,"Infographiste,Web Designer",https://www.jobinfocamer.com/job/3920/infographiste-web-designer-a-lux-web-services,lux web services,Douala,STAGE
18 Décembre 2014,Information and Communication Technology Coordinator,https://www.jobinfocamer.com/job/3916/information-and-communication-technology-coordinator-a-acms,ACMS,Yaoundé,CDD
18 Décembre 2014,COORDONNATEUR DES TIC,https://www.jobinfocamer.com/job/3915/coordonnateur-des-tic-a-acms,ACMS,Yaoundé,CDD
17 Décembre 2014,STAGIAIRE PHOTOSHOP A JUMIA,https://www.jobinfocamer.com/job/3907/stagiaire-photoshop-a-jumia-a-africa-internet-group,Africa Internet Group,,STAGE
16 Décembre 2014,Chef de service exploitation,https://www.jobinfocamer.com/job/3900/chef-de-service-exploitation-a-groupe-beneficial,Groupe Beneficial,Douala,CDI
08 Décembre 2014,INFOGRAPHISTE,https://www.jobinfocamer.com/job/3842/infographiste-a-fashioneering-by-tf,Fashioneering by TF,Yaoundé,CDI
03 Décembre 2014,DEVELOPPEUR PHP,https://www.jobinfocamer.com/job/3814/developpeur-php-a-sobajoo-network,SOBAJOO NETWORK,Yaoundé,CDI
03 Décembre 2014,DEVELOPPEUR STAGIAIRE,https://www.jobinfocamer.com/job/3811/developpeur-stagiaire-a-bollore-africa-logistics,Bolloré Africa Logistics,Douala,STAGE
01 Décembre 2014,FORMATEURS EN LIGNE,https://www.jobinfocamer.com/job/3795/formateurs-en-ligne-a-ivedis,IVEDIS,Yaoundé,CDD
28 Novembre 2014,Développeur Web,https://www.jobinfocamer.com/job/3767/developpeur-web-a-b-c-digital,B&C Digital,Douala,CDI
11 Novembre 2014,Chef de projet web,https://www.jobinfocamer.com/job/3643/chef-de-projet-web-a-novazen,NOVAZEN,Yaoundé,CDI
10 Novembre 2014,SUPERVISEUR TECHNIQUE,https://www.jobinfocamer.com/job/3630/superviseur-technique-a-imagine-plus-ltd,IMAGINE PLUS LTD,Yaoundé,CDD
03 Novembre 2014,IT Support Assistant,https://www.jobinfocamer.com/job/3574/it-support-assistant-a-unesco,UNESCO,Yaoundé,CDD
02 Novembre 2014,INGENIEUR ETUDES,https://www.jobinfocamer.com/job/3564/ingenieur-etudes-a-mnt-consulting,MNT Consulting,Douala,CDI
31 Octobre 2014,DEVICE DEVELOPPEUR,https://www.jobinfocamer.com/job/3548/device-developpeur-a-mdr-space-ltd,MDR SPACE LTD,Yaoundé,CDI
31 Octobre 2014,DEVELOPPEUR DU WEB,https://www.jobinfocamer.com/job/3547/developpeur-du-web-a-mdr-space-ltd,MDR SPACE LTD,Yaoundé,CDI
31 Octobre 2014,DEVELOPPEUR SUR INTERNET QUALIFIE,https://www.jobinfocamer.com/job/3546/developpeur-sur-internet-qualifie-a-mdr-space-ltd,MDR SPACE LTD,Yaoundé,CDI
27 Octobre 2014,Responsable des Systèmes d'information,https://www.jobinfocamer.com/job/3521/responsable-des-systemes-d-information-a-centre-pasteur-du-cameroun,Centre Pasteur du Cameroun,Yaoundé,CDI
20 Octobre 2014,STAGIAIRE PHOTOSHOP,https://www.jobinfocamer.com/job/3458/stagiaire-photoshop-a-jumia-cameroun,Jumia Cameroun,Douala,STAGE
20 Octobre 2014,ANALYSTE APPLICATIF ET PROJETS,https://www.jobinfocamer.com/job/3455/analyste-applicatif-et-projets-a-bollore-africa-logistics,Bolloré Africa Logistics,Douala,CDI
14 Octobre 2014,Développeur et intégrateur prestashop,https://www.jobinfocamer.com/job/3389/developpeur-et-integrateur-prestashop-a-cleandev,CleanDev,Yaoundé,CDI
09 Octobre 2014,Graphiste / Designer / Dessinateur,https://www.jobinfocamer.com/job/3345/graphiste-designer-dessinateur-a-zukulu-sarl,zukulu sarl,Yaoundé,STAGE
04 Octobre 2014,GRAPHISTE FLASH DESIGNER,https://www.jobinfocamer.com/job/3312/graphiste-flash-designer-a-fashioneering-by-tf,Fashioneering by TF,"Douala, Yaoundé",CDI
04 Octobre 2014,WEBMASTER,https://www.jobinfocamer.com/job/3310/webmaster-a-fashioneering-by-tf,Fashioneering by TF,"Douala, Yaoundé",CDI
10 Septembre 2014,INFORMATICIEN CERTIFIE,https://www.jobinfocamer.com/job/3227/informaticien-certifie-a-paness,PANESS,Douala,CDI
03 Septembre 2014,Développeur Wordpress,https://www.jobinfocamer.com/job/3171/developpeur-wordpress-a-novazen,NOVAZEN,Yaoundé,CDI
03 Septembre 2014,Développeur Prestashop,https://www.jobinfocamer.com/job/3170/developpeur-prestashop-a-novazen,NOVAZEN,Yaoundé,CDI
01 Septembre 2014,Informaticien,https://www.jobinfocamer.com/job/3153/informaticien-a-fiduciaire-audit-conseil,FIDUCIAIRE AUDIT CONSEIL,Yaoundé,CDI
28 Août 2014,RECRUTEMENT DÉVELOPPEUR PHP5/SYMFONY2,https://www.jobinfocamer.com/job/3126/recrutement-developpeur-php5-symfony2-a-amla-cameroun,AMLA CAMEROUN,Yaoundé,CDI
27 Août 2014,[URGENT] Recherche Designer Web CDD,https://www.jobinfocamer.com/job/3120/-urgent-recherche-designer-web-cdd-a-towa-consulting,Towa Consulting,Douala,CDD
27 Août 2014,Informaticiens,https://www.jobinfocamer.com/job/3118/informaticiens-a-cemac,CEMAC,Bangui,CDD
27 Août 2014,IT OFFICER,https://www.jobinfocamer.com/job/3114/it-officer-a-global-health-systems-solutions,GLOBAL HEALTH SYSTEMS SOLUTIONS,Limbe,CDD
24 Août 2014,Informaticien - gestionnaire réseau,https://www.jobinfocamer.com/job/3089/informaticien-gestionnaire-reseau-a-ms-consulting,MS Consulting,,CDI
22 Août 2014,INFORMATICIEN PROGRAMMEUR,https://www.jobinfocamer.com/job/3060/informaticien-programmeur-a-entreprise-de-la-place,ENTREPRISE DE LA PLACE,Yaoundé,CDI
17 Août 2014,Informaticiens,https://www.jobinfocamer.com/job/3027/informaticiens-a-entreprise-de-la-place,Entreprise de la place,,CDI
14 Août 2014,Spécialiste en Suivi/Evaluation,https://www.jobinfocamer.com/job/3006/specialiste-en-suivi-evaluation-a-unfpa,UNFPA,Yaoundé,CDD
11 Août 2014,Informaticien,https://www.jobinfocamer.com/job/2997/informaticien-a-etablissement-financier,Etablissement Financier,,CDI
11 Août 2014,IT Teacher,https://www.jobinfocamer.com/job/2990/it-teacher-a-the-american-school-of-douala,The American School of Douala,Douala,CDI
11 Août 2014,IT Systems Administrator,https://www.jobinfocamer.com/job/2989/it-systems-administrator-a-the-american-school-of-douala,The American School of Douala,Douala,CDI
06 Août 2014,Stagiaire en  Web-Marketing,https://www.jobinfocamer.com/job/2959/stagiaire-en-web-marketing-a-imprimerie-presse-edition,Imprimerie-Presse-Edition,Yaoundé,STAGE
02 Août 2014,Assistant Principal en Gestion des Données,https://www.jobinfocamer.com/job/2918/assistant-principal-en-gestion-des-donnees-a-unhcr,UNHCR,Meiganga,CDD
30 Juillet 2014,IT Operator,https://www.jobinfocamer.com/job/2900/it-operator-a-ex-manpower-sm-ltd,Ex Manpower Sm Ltd,Yaoundé,CDI
29 Juillet 2014,Ingénieurs (informatique ou télécom),https://www.jobinfocamer.com/job/2889/ingenieurs-informatique-ou-telecom--a-ciac,CIAC,Yaoundé,CDD
28 Juillet 2014,Senior Information Technology Assistant,https://www.jobinfocamer.com/job/2877/senior-information-technology-assistant-a-unhcr,UNHCR,Meiganga,CDD
26 Juillet 2014,Senior Information Technology Assistant,https://www.jobinfocamer.com/job/2864/senior-information-technology-assistant-a-unhcr,UNHCR,Batouri,CDD
25 Juillet 2014,Web designer confirmé,https://www.jobinfocamer.com/job/2853/web-designer-confirme-a-entreprise-de-developpement,Entreprise de Développement,,CDI
23 Juillet 2014,RESPONSABLE PRODUCTION SYSTEME D'INFORMATION,https://www.jobinfocamer.com/job/2839/responsable-production-systeme-d-information-a-industrie-polygraphique,INDUSTRIE POLYGRAPHIQUE,Douala,CDI
22 Juillet 2014,Assistant Principal en Gestion des Données,https://www.jobinfocamer.com/job/2825/assistant-principal-en-gestion-des-donnees-a-unhcr,UNHCR,Batouri,CDD
21 Juillet 2014,System Administrator,https://www.jobinfocamer.com/job/2821/system-administrator-a-commission-du-bassin-du-lac-tchad-cblt-,Commission du Bassin du Lac Tchad(CBLT),N'Djamena,CDI
18 Juillet 2014,RESPONSABLE RÉSEAUX ET TÉLÉCOMS H/F,https://www.jobinfocamer.com/job/2802/responsable-reseaux-et-telecoms-h-f-a-bollore-africa-logistics,Bolloré Africa Logistics,Douala,CDI
14 Juillet 2014,Développeur(se) java/j2ee h/f,https://www.jobinfocamer.com/job/2764/developpeur-se-java-j2ee-h-f-a-itkamer,ITKamer,,CDD
12 Juillet 2014,Pilotes d'Exploitation Jour/Nuit,https://www.jobinfocamer.com/job/2753/pilotes-d-exploitation-jour-nuit-a-societe-generale-cameroun,SOCIETE GENERALE CAMEROUN,Douala,CDI
02 Juillet 2014,Information Communication and Technology(ICT) teacher,https://www.jobinfocamer.com/job/2651/information-communication-and-technology-ict-teacher-a-the-bridge-international-school,The Bridge International School,Douala,CDD
02 Juillet 2014,Recrutement de (02) deux développeurs java,https://www.jobinfocamer.com/job/2650/recrutement-de-02-deux-developpeurs-java-a-java-recrut,Java Recrut,Douala,CDI
30 Juin 2014,Information Technology(IT) Assistant,https://www.jobinfocamer.com/job/2634/information-technology-it-assistant-a-world-bank-group,World Bank Group,Yaoundé,CDD
28 Juin 2014,Ingénieur Informaticien,https://www.jobinfocamer.com/job/2602/ingenieur-informaticien-a-multinationale,MULTINATIONALE,Douala,CDI
28 Juin 2014,"Ingénieur Etude, Développement et Reporting Streamserve",https://www.jobinfocamer.com/job/2594/ingenieur-etude-developpement-et-reporting-streamserve-a-societe-generale-cameroun,SOCIETE GENERALE CAMEROUN,Douala,CDI
28 Juin 2014,Ingénieur Bureau Technique,https://www.jobinfocamer.com/job/2593/ingenieur-bureau-technique-a-societe-generale-cameroun,SOCIETE GENERALE CAMEROUN,Douala,CDI
25 Juin 2014,Junior Technical Consultant,https://www.jobinfocamer.com/job/2580/junior-technical-consultant-a-bms-africa,BMS AFRICA,Douala,CDI
24 Juin 2014,WEBDESIGNER / GRAPHISTE,https://www.jobinfocamer.com/job/2571/webdesigner-graphiste-a-kouaba,KOUABA,Douala,CDI
23 Juin 2014,IP and Datacom Engineer,https://www.jobinfocamer.com/job/2568/ip-and-datacom-engineer-a-telecommunication-sector,Telecommunication Sector,Douala,CDI
18 Juin 2014,IT Administrator,https://www.jobinfocamer.com/job/2526/it-administrator-a-yoomee-africa,YooMee Africa,Douala,CDI
18 Juin 2014,IP Core Network Engineers,https://www.jobinfocamer.com/job/2525/ip-core-network-engineers-a-yoomee-africa,YooMee Africa,Douala,CDI
18 Juin 2014,Computer IT Engineer,https://www.jobinfocamer.com/job/2513/computer-it-engineer-a-beac,BEAC,,CDI
17 Juin 2014,Informaticien,https://www.jobinfocamer.com/job/2498/informaticien--a-beac,BEAC,,CDI
13 Juin 2014,Spécialiste e-marketing (avec compétences en développement et réseau),https://www.jobinfocamer.com/job/2478/specialiste-e-marketing-avec-competences-en-developpement-et-reseau--a-quickdo-sarl,Quickdo Sarl,Yaoundé,CDD
11 Juin 2014,Database Engineer (Cameroon),https://www.jobinfocamer.com/job/2466/database-engineer-cameroon--a-yoomee-africa,YooMee Africa,Douala,CDI
09 Juin 2014,Ingenieur Reseaux et telecom,https://www.jobinfocamer.com/job/2461/ingenieur-reseaux-et-telecom-a-ans,ANS,Douala,CDI
05 Juin 2014,Directeur des Systèmes d'Information,https://www.jobinfocamer.com/job/2432/directeur-des-systemes-d-information-a-etablissement-de-microfinance,Etablissement de Microfinance,,CDI
05 Juin 2014,"Développeurs Web, Administrateurs de Bases de Données, Administrateurs Système",https://www.jobinfocamer.com/job/2428/developpeurs-web-administrateurs-de-bases-de-donnees-administrateurs-systeme-a-presprint-plc,PRESPRINT Plc,Limbe,CDI
05 Juin 2014,"Web Developers, Database Administrators and Systems Administrators",https://www.jobinfocamer.com/job/2427/web-developers-database-administrators-and-systems-administrators-a-presprint-plc,PRESPRINT Plc,Limbe,CDI
04 Juin 2014,Information Communication Technology Assistant,https://www.jobinfocamer.com/job/2418/information-communication-technology-assistant-a-unicef,UNICEF,Yaoundé,CDI
04 Juin 2014,IT Infrastructure Operations Specialist,https://www.jobinfocamer.com/job/2417/it-infrastructure-operations-specialist-a-addax-petroleum,Addax Petroleum,Douala,CDI
04 Juin 2014,IT Infrastructure Operations and Systems Team Lead,https://www.jobinfocamer.com/job/2416/it-infrastructure-operations-and-systems-team-lead-a-addax-petroleum,Addax Petroleum,Douala,CDI
30 Mai 2014,Stagiaires informatiques,https://www.jobinfocamer.com/job/2395/stagiaires-informatiques-a-entreprise-de-la-place,Entreprise de la place,Douala,STAGE
30 Mai 2014,Stage académique Développement Web,https://www.jobinfocamer.com/job/2393/stage-academique-developpement-web-a-entreprise-de-la-place,Entreprise de la place,Douala,STAGE
28 Mai 2014,IT INTERN,https://www.jobinfocamer.com/job/2385/it-intern-a-halliburton-cmr,Halliburton Cmr,,STAGE
26 Mai 2014,Informaticien spécialisé en Maintenance,https://www.jobinfocamer.com/job/2377/informaticien-specialise-en-maintenance-a-ohada,OHADA,"Porto-Novo, Bénin",CDI
13 Mai 2014,RESPONSABLE INFORMATIQUE,https://www.jobinfocamer.com/job/2336/responsable-informatique-a-canal-cameroun,CANAL+ CAMEROUN,Douala,CDI
12 Mai 2014,Technicien en Informatique:,https://www.jobinfocamer.com/job/2328/technicien-en-informatique--a-societe-de-telecommunication,Société de Télécommunication,Douala,CDI
03 Mai 2014,Agent Commercial,https://www.jobinfocamer.com/job/2286/agent-commercial-a-towa-consulting,Towa Consulting,Douala,STAGE
29 Avril 2014,Stagiaire Commerciale Informatique,https://www.jobinfocamer.com/job/2264/stagiaire-commerciale-informatique-a-entreprise-de-la-place,Entreprise de la place,Douala,STAGE
16 Avril 2014,Ingénieur logiciel,https://www.jobinfocamer.com/job/2207/ingenieur-logiciel-a-zebreka-sarl,Zebreka SARL,Douala,CDI
14 Avril 2014,INFORMATION TECHNOLOGY(I.T) STAFF,https://www.jobinfocamer.com/job/2193/information-technology-i-t-staff-a-sud-cameroun-hevea-s-a,SUD Cameroun Hevea S.A,,CDI
10 Avril 2014,Business intelligence,https://www.jobinfocamer.com/job/2177/business-intelligence--a-entreprise-situee-a-douala,Entreprise située à Douala,Douala,STAGE
10 Avril 2014,WEBDESIGNER,https://www.jobinfocamer.com/job/2175/webdesigner-a-entreprise-de-la-place,Entreprise de la place,Douala,CDI
09 Avril 2014,DEVELOPPEUR QLIKVIEW,https://www.jobinfocamer.com/job/2169/developpeur-qlikview--a-qlikview,QLIKVIEW,,CDI
09 Avril 2014,ADJOINT AU CHEF DE PROJET INFORMATIQUE,https://www.jobinfocamer.com/job/2168/adjoint-au-chef-de-projet-informatique-a-qlikview,QLIKVIEW,,CDI
09 Avril 2014,CHEF DE PROJET   INFORMATIQUE,https://www.jobinfocamer.com/job/2167/chef-de-projet-informatique-a-qlikview,QLIKVIEW,,CDD
07 Avril 2014,Développeur JavaScript h/f,https://www.jobinfocamer.com/job/2158/developpeur-javascript-h-f-a-zukulu-sarl,Zukulu Sarl,Yaoundé,CDD
07 Avril 2014,Graphiste - illustrateur h/f,https://www.jobinfocamer.com/job/2156/graphiste-illustrateur-h-f-a-zukulu-sarl,Zukulu Sarl,Yaoundé,CDD
07 Avril 2014,Informaticien Confirmé,https://www.jobinfocamer.com/job/2150/informaticien-confirme-a-entreprise-de-la-place,Entreprise de la place,Douala,CDI
24 Mars 2014,Stagiaire Web Design (H/F),https://www.jobinfocamer.com/job/2036/stagiaire-web-design-h-f--a-entreprise-de-la-place,Entreprise de la place,Douala,STAGE
20 Mars 2014,Ingénieur Informaticien,https://www.jobinfocamer.com/job/2009/ingenieur-informaticien-a-entreprise-de-la-place,Entreprise de la place,Yaoundé,CDI
14 Mars 2014,Consultant Senior en système d'information,https://www.jobinfocamer.com/job/1960/consultant-senior-en-systeme-d-information--a-kpmg,KPMG,,CDI
11 Mars 2014,Informaticien(ne),https://www.jobinfocamer.com/job/1892/informaticien-ne--a-issea,ISSEA,Yaoundé,CDI
10 Mars 2014,Cadre Maintenance Réseaux et Système Informatiques,https://www.jobinfocamer.com/job/1883/cadre-maintenance-reseaux-et-systeme-informatiques-a-asecna,ASECNA,Douala,CDI
08 Mars 2014,Informaticien Réseau et Télécom,https://www.jobinfocamer.com/job/1871/informaticien-reseau-et-telecom-a-express-exchange,Express Exchange,,CDI
05 Mars 2014,Analyste-programmeur (H/F),https://www.jobinfocamer.com/job/1846/analyste-programmeur-h-f--a-bantou-telecom,Bantou Telecom,Douala,CDI
05 Mars 2014,Développeur PHP (wordpress/drupal/prestashop),https://www.jobinfocamer.com/job/1845/developpeur-php-wordpress-drupal-prestashop--a-novazen,NOVAZEN,Yaoundé,CDI
27 Février 2014,Infirmiers Assistants/Aides Soignants,https://www.jobinfocamer.com/job/1802/infirmiers-assistants-aides-soignants-a-international-medical-corps-imc-,International Medical Corps (IMC),,CDI
26 Février 2014,WEBMASTER,https://www.jobinfocamer.com/job/1785/webmaster-a-acms,ACMS,Yaoundé,CDI
21 Février 2014,Consultant Junior Prestashop ILS02 /Web et Mobile,https://www.jobinfocamer.com/job/1744/consultant-junior-prestashop-ils02-web-et-mobile-a-abyster,AByster,,CDD
04 Février 2014,Technicien en Maintenance Informatique,https://www.jobinfocamer.com/job/1612/technicien-en-maintenance-informatique-a-fiduciaire-audit-conseil,FIDUCIAIRE AUDIT CONSEIL,Yaoundé,CDI
29 Janvier 2014,"2 développeurs web, 1 webdesigner",https://www.jobinfocamer.com/job/1573/2-developpeurs-web-1-webdesigner-a-amla-cameroun,AMLA CAMEROUN,Yaoundé,CDD
17 Janvier 2014,Webmaster,https://www.jobinfocamer.com/job/1515/webmaster-a-groupe-iccnet,Groupe ICCNET,,CDI
17 Janvier 2014,Gérant(e) de Cyber Café,https://www.jobinfocamer.com/job/1509/gerant-e-de-cyber-cafe-a-nyami,nyami,Douala,CDI
07 Janvier 2014,Ingénieur logiciel stagiaire ILS01 /Web et Mobile,https://www.jobinfocamer.com/job/1458/ingenieur-logiciel-stagiaire-ils01-web-et-mobile-a-abyster,AByster,,CDD
19 Décembre 2013,ASSISTANT DU CHEF DE CELLULE D\'OUTILS D\'AIDE A LA DECISION ET GESTION AGRICOLE,https://www.jobinfocamer.com/job/1341/assistant-du-chef-de-cellule-d-outils-d-aide-a-la-decision-et-gestion-agricole-a-sosucam,SOSUCAM,NKOTENG,CDI
12 Décembre 2013,IT Officer,https://www.jobinfocamer.com/job/1289/it-officer-a-helen-keller-international,Helen Keller International,Yaoundé,CDI
12 Décembre 2013,Ingénieur infrastructure spécialisé (e) en ERP,https://www.jobinfocamer.com/job/1286/ingenieur-infrastructure-specialise-e-en-erp-a-okalla-ahanda-associes,OKALLA AHANDA & Associés,,CDI
12 Décembre 2013,WEBMASTER,https://www.jobinfocamer.com/job/1283/webmaster-a-okalla-ahanda-associes,OKALLA AHANDA & Associés,,CDI
02 Décembre 2013,Architecte technique Java J2EE,https://www.jobinfocamer.com/job/641/architecte-technique-java-j2ee-a-megatim-group,MEGATIM GROUP,,CDI
30 Novembre 2013,35 Opérationnels Polyvalents (suite),https://www.jobinfocamer.com/job/587/35-operationnels-polyvalents-suite--a-la-regionale,LA REGIONALE,Yaoundé,CDI
30 Novembre 2013,JUNIOR BUSINESS TECHNICAL CONSULTANT,https://www.jobinfocamer.com/job/576/junior-business-technical-consultant-a-bms-africa,BMS AFRICA,,STAGE
29 Novembre 2013,Recherche des volontaires dans le secteur éducatif,https://www.jobinfocamer.com/job/548/recherche-des-volontaires-dans-le-secteur-educatif-a-novatech-corporation,NOVATECH CORPORATION,Douala,CDI
25 Novembre 2013,Développeur d\'Applications,https://www.jobinfocamer.com/job/494/developpeur-d-applications-a-j-soft-computer,J-SOFT COMPUTER,Yaoundé,CDI
22 Novembre 2013,Linux Specialist,https://www.jobinfocamer.com/job/471/linux-specialist-a-yoomee-africa,YooMee Africa,Douala,CDI
22 Novembre 2013,Software Engineer,https://www.jobinfocamer.com/job/470/software-engineer-a-yoomee-africa,YooMee Africa,Douala,CDI
22 Novembre 2013,Database Engineer,https://www.jobinfocamer.com/job/469/database-engineer-a-yoomee-africa,YooMee Africa,Douala,CDI
20 Novembre 2013,Analyste Programmeur,https://www.jobinfocamer.com/job/444/analyste-programmeur-a-cecaw,CECAW,Douala,CDD
14 Novembre 2013,webmasters,https://www.jobinfocamer.com/job/417/webmasters-a-abs-holding,ABS HOLDING,Yaoundé,CDI
13 Novembre 2013,Pilote Exploitation Jour/Nuit,https://www.jobinfocamer.com/job/411/pilote-exploitation-jour-nuit-a-societe-generale-cameroun,SOCIETE GENERALE CAMEROUN,Douala,CDI
13 Novembre 2013,Ingénieur Bureau Technique,https://www.jobinfocamer.com/job/410/ingenieur-bureau-technique-a-societe-generale-cameroun,SOCIETE GENERALE CAMEROUN,Douala,CDI
28 Octobre 2013,Maintenancier informatique Free-lance,https://www.jobinfocamer.com/job/343/maintenancier-informatique-free-lance-a-emf,EMF,Douala,CDI
22 Octobre 2013,"Chargé(e) des systèmes d’information, téléphonie et audiovisuel",https://www.jobinfocamer.com/job/326/charge-e-des-systemes-d-information-telephonie-et-audiovisuel-a-oif,OIF,,CDD
22 Octobre 2013,"Attaché(e) des systèmes d’information, applications",https://www.jobinfocamer.com/job/325/attache-e-des-systemes-d-information-applications-a-oif,OIF,,CDD
18 Octobre 2013,Technicien en systèmes d’information géographique (SIG),https://www.jobinfocamer.com/job/309/technicien-en-systemes-d-information-geographique-sig--a-wwf-cameroon,WWF Cameroon,Yaoundé,STAGE
12 Octobre 2013,Trainers(lecturers) in Computer Engineering,https://www.jobinfocamer.com/job/256/trainers-lecturers-in-computer-engineering-a-imit,IMIT,Douala,CDI
12 Octobre 2013,Analyste Applicatif et Projets - Réf. DSICMRI-740,https://www.jobinfocamer.com/job/250/analyste-applicatif-et-projets-ref-dsicmri-740-a-bollore-africa-logistics,Bolloré Africa Logistics,Douala,CDI
11 Octobre 2013,Informaticien,https://www.jobinfocamer.com/job/235/informaticien-a-okalla-ahanda-associes,OKALLA AHANDA & Associés,Yaoundé,CDI
10 Octobre 2013,Informaticiens,https://www.jobinfocamer.com/job/226/informaticiens-a-pndp,PNDP,Yaoundé,CDD
07 Octobre 2013,Réf-Offre 010920130622 - Data Analyste,https://www.jobinfocamer.com/job/209/ref-offre-010920130622-data-analyste-a-itgstore-consulting,ITGSTORE Consulting,Douala,CDI
04 Octobre 2013,JUNIOR BUSINESS TECHNICAL CONSULTANT,https://www.jobinfocamer.com/job/202/junior-business-technical-consultant-a-bms-africa,BMS AFRICA,,STAGE
01 Octobre 2013,Information Technology Assistant,https://www.jobinfocamer.com/job/167/information-technology-assistant-a-glencore-exploration-cameroon-ltd,GLENCORE EXPLORATION CAMEROON LTD,Douala,CDI
01 Octobre 2013,Network Engineer Cisco Expert,https://www.jobinfocamer.com/job/163/network-engineer-cisco-expert-a-yoomee-africa,YooMee Africa,Douala,CDI
26 Septembre 2013,Intégrateur/développeur front-end,https://www.jobinfocamer.com/job/131/integrateur-developpeur-front-end-a-crystals-services,Crystals Services,Yaoundé,STAGE
25 Septembre 2013,Ingénieur informaticien spécialisé sur SAP Business One,https://www.jobinfocamer.com/job/114/ingenieur-informaticien-specialise-sur-sap-business-one-a-pas-precise,Pas précisé,,CDI
23 Septembre 2013,Assistant TIC,https://www.jobinfocamer.com/job/106/assistant-tic-a-ecole-des-sciences-de-la-sante-ess-ucac-,Ecole des Sciences de la Santé (ESS-UCAC),Yaoundé,CDD
22 Septembre 2013,Chef de projet - auditeur,https://www.jobinfocamer.com/job/93/chef-de-projet-auditeur-a-afreetech,AFREETECH,Yaoundé,CDI
22 Septembre 2013,Développeur PHP Confirmé,https://www.jobinfocamer.com/job/91/developpeur-php-confirme-a-afreetech,AFREETECH,Yaoundé,CDI
22 Septembre 2013,Développeur OpenERP,https://www.jobinfocamer.com/job/92/developpeur-openerp-a-afreetech,AFREETECH,Yaoundé,CDI
20 Septembre 2013,Développeur,https://www.jobinfocamer.com/job/76/developpeur-a-dje-soft,DJE-SOFT,Yaoundé,CDI
19 Septembre 2013,Développeur Web,https://www.jobinfocamer.com/job/70/developpeur-web-a-novatech-corporation,NOVATECH CORPORATION,Douala,STAGE
