Date,Job Title,Link,Company,Location,Job Type
2025-06-10,ÉLECTRONICIEN PROGRAMMEUR,https://www.jobinfocamer.com/job/41878/electronicien-programmeur-a-e-same,e-SAME,Douala,Full-time
2025-06-10,Technicien Réseau,https://www.jobinfocamer.com/job/41874/technicien-reseau-a-twingo-sarl,TWINGO SARL,Yaoundé,Internship
2025-05-28,Développeur web,https://www.jobinfocamer.com/job/41833/developpeur-web-a-esoaf,ESOAF,Yaoundé,Internship
2025-05-25,Product Manager/ Product Owner,https://www.jobinfocamer.com/job/41791/product-manager-product-owner-a-paysika,PaySika,Douala,Full-time
2025-05-19,Développeur JAVA Spring Boot - Micro services,https://www.jobinfocamer.com/job/41769/developpeur-java-spring-boot-micro-services-a-universal-software,Universal Software,Douala,Full-time
2025-05-06,Développeur Mobile Natif Junior,https://www.jobinfocamer.com/job/40874/developpeur-mobile-natif-junior-a-mk-ba,MK BA,Douala,Internship
2025-05-01,DÉVELOPPEUR FULL STACK,https://www.jobinfocamer.com/job/40857/developpeur-full-stack-a-areko-group,AREKO GROUP,Douala,Full-time
2025-05-01,DATA ANALYST SENIOR (Expert Power BI),https://www.jobinfocamer.com/job/40856/data-analyst-senior-expert-power-bi--a-areko-group,AREKO GROUP,Douala,Full-time
2025-05-01,ADMINISTRATEUR SYSTEMES et RESEAUX,https://www.jobinfocamer.com/job/40854/administrateur-systemes-et-reseaux-a-areko-group,AREKO GROUP,Douala,Full-time
2025-04-29,Développeur Frontend REACT,https://www.jobinfocamer.com/job/40841/developpeur-frontend-react-a-credix-cm-sa,CREDIX CM SA,Yaoundé,Full-time
2025-04-18,Responsable de Pôle Technologie et sécurité,https://www.jobinfocamer.com/job/40799/responsable-de-pole-technologie-et-securite-a-entreprise-de-la-place,Entreprise de la place,Yaoundé,Full-time
2025-04-17,Développeur Junior,https://www.jobinfocamer.com/job/40792/developpeur-junior-a-kom-bizness,KOM BIZNESS,Yaoundé,Internship
2025-04-12,Développeur Logiciel,https://www.jobinfocamer.com/job/40780/developpeur-logiciel-a-2beintech,2BeinTech,Douala,Full-time
2025-03-31,Développeur Web et Mobile,https://www.jobinfocamer.com/job/40716/developpeur-web-et-mobile-a-universal-software,UNIVERSAL SOFTWARE,Yaoundé,Full-time
2025-03-07,Développeur Sénior,https://www.jobinfocamer.com/job/40615/developpeur-senior-a-mobility-cloud,Mobility Cloud,Yaoundé,Part-time
2025-03-07,DevOps/Expérimenté,https://www.jobinfocamer.com/job/40614/devops-experimente-a-mobility-cloud,Mobility Cloud,Yaoundé,Part-time
2025-03-07,Spécialiste Google Ads,https://www.jobinfocamer.com/job/40616/specialiste-google-ads-a-engie-soft-sarl,Engie Soft SARL,Douala,Full-time
2025-02-25,"Product Owner, Business Analyst and Designer.",https://www.jobinfocamer.com/job/40563/product-owner-business-analyst-and-designer--a-utecq,UTECQ,Yaoundé,Internship
2025-02-25,Administrateur Systèmes et DevOps Cloud,https://www.jobinfocamer.com/job/40561/administrateur-systemes-et-devops-cloud-a-e-same,e-SAME,Douala,Full-time
2025-02-21,MAINTENANCE Informatique,https://www.jobinfocamer.com/job/40547/maintenance-informatique-a-rbs-holdings-sarl,RBS HOLDINGS SARL,Douala,Internship
2025-02-20,DevOps et Développeur Mobile,https://www.jobinfocamer.com/job/40530/devops-et-developpeur-mobile-a-ads-ltd,ADS LTD,Douala,Internship
2025-02-19,Automatisation des tests logiciels,https://www.jobinfocamer.com/job/40526/automatisation-des-tests-logiciels-a-mobility-cloud,Mobility Cloud,Yaoundé,Internship
2025-02-17,INFORMATICIEN PROGRAMMEUR,https://www.jobinfocamer.com/job/40516/informaticien-programmeur-a-entreprise-de-la-place,Entreprise de la place,Yaoundé,Part-time
2025-02-15,Développeur Full Stack,https://www.jobinfocamer.com/job/40503/developpeur-full-stack-a-big-data-solution,Big Data Solution,Yaoundé,Full-time
2025-02-13,DATA BASE LEAD,https://www.jobinfocamer.com/job/40495/data-base-lead-a-men-builder,MEN BUILDER,Douala,Full-time
2025-02-09,Développeur web,https://www.jobinfocamer.com/job/40478/developpeur-web-a-donsyl,DONSYL,Yaoundé,Full-time
2025-02-07,Assistants IT Consulting,https://www.jobinfocamer.com/job/40471/assistants-it-consulting-a-mazars-cameroun-sa,Mazars Cameroun SA,Douala,Internship
2025-02-02,Website and SEO Intern,https://www.jobinfocamer.com/job/40438/website-and-seo-intern-a-preggy-cameroon,Preggy Cameroon,Bafoussam,Internship
2025-01-29,Développeur web Laravel pro,https://www.jobinfocamer.com/job/40409/developpeur-web-laravel-pro-a-entreprise-de-la-place,Entreprise de la place,Douala,Part-time
2025-01-27,INFORMATICIEN,https://www.jobinfocamer.com/job/40396/informaticien-a-emi-money,EMI MONEY,Yaoundé,Part-time
2025-01-23,Analyste Programmeur,https://www.jobinfocamer.com/job/40371/analyste-programmeur-a-expert3dev-sarl,Expert3dev SARL,Yaoundé,Full-time
2025-01-09,Assistant.e Suivi Evaluation,https://www.jobinfocamer.com/job/40320/assistant-e-suivi-evaluation-a-la-croix-rouge-camerounaise-et-la-croix-rouge-francaise,La Croix-Rouge camerounaise et la Croix-Rouge française,Batouri - Région de l'Est Cameroun,Part-time
2025-01-09,Développeur Full Stack,https://www.jobinfocamer.com/job/40313/developpeur-full-stack-a-entreprise-de-la-place,Entreprise de la place,Douala,Full-time
2025-01-02,Technicien Informatique,https://www.jobinfocamer.com/job/40274/technicien-informatique-a-ncl-unlimited-sarl,NCL Unlimited SARL,Yaoundé,Part-time
2025-01-02,Développeur web,https://www.jobinfocamer.com/job/40272/developpeur-web-a-esoaf,ESOAF,Yaoundé,Internship
2024-12-26,Développeur Fullstack,https://www.jobinfocamer.com/job/40250/developpeur-fullstack-a-uniresa-sarl,Uniresa Sarl,Yaoundé,Full-time
2024-12-18,Informaticien,https://www.jobinfocamer.com/job/40217/informaticien-a-entreprise-de-la-place,Entreprise de la place,Yaoundé,Full-time
2024-11-29,Développeur Web et Mobile,https://www.jobinfocamer.com/job/40156/developpeur-web-et-mobile-a-ads-ltd,ADS LTD,Douala,Internship
2024-11-26,Développeur Fullstack,https://www.jobinfocamer.com/job/40140/developpeur-fullstack-a-omamori-sarl,OMAMORI SARL,Yaoundé,Internship
2024-11-22,Consultant en Web Development et Web Marketing,https://www.jobinfocamer.com/job/40125/consultant-en-web-development-et-web-marketing-a-handling-and-transport,Handling and Transport,Yaoundé,Part-time
2024-11-19,IT SPECIALIST,https://www.jobinfocamer.com/job/40095/it-specialist-a-homepro-cameroon-limited,HOMEPRO CAMEROON LIMITED,Douala,Part-time
2024-11-14,Data Analyst,https://www.jobinfocamer.com/job/40082/data-analyst-a-areko-group,AREKO GROUP,Douala,Full-time
2024-11-14,Technicien Réseau,https://www.jobinfocamer.com/job/40080/technicien-reseau-a-twingo-sarl,Twingo SARL,Yaoundé,Internship
2024-11-08,Développeur Backend,https://www.jobinfocamer.com/job/40058/developpeur-backend-a-ste-concept-sarl,STE CONCEPT SARL,Douala,Part-time
2024-11-06,Technicien en Maintenance informatique,https://www.jobinfocamer.com/job/40043/technicien-en-maintenance-informatique-a-pme,PME,Douala,Full-time
2024-11-01,Stagiaire Informatique,https://www.jobinfocamer.com/job/40030/stagiaire-informatique-a-helen-keller-international-cameroun,Helen Keller International Cameroun,Yaoundé,Internship
2024-10-29,Chef de Projet E-Commerce,https://www.jobinfocamer.com/job/40006/chef-de-projet-e-commerce-a-areko-group,AREKO GROUP,Douala,Full-time
2024-10-29,Chef de Projet Sénior,https://www.jobinfocamer.com/job/40004/chef-de-projet-senior-a-areko-group,AREKO GROUP,Douala,Full-time
2024-10-28,Analyste de données,https://www.jobinfocamer.com/job/39994/analyste-de-donnees-a-world-wide-international-business,World Wide International Business,Douala,Full-time
2024-10-28,Développeur Full Stack,https://www.jobinfocamer.com/job/39987/developpeur-full-stack-a-big-data-solution,Big Data Solution,Yaoundé,Full-time
2024-10-22,Responsable Bureau des projets,https://www.jobinfocamer.com/job/39960/responsable-bureau-des-projets-a-itgstore,ITGSTORE,Douala,Full-time
2024-10-18,Assistant(e) Informatique,https://www.jobinfocamer.com/job/39939/assistant-e-informatique-a-high-security-company,HIGH SECURITY COMPANY,Douala,Full-time
2024-10-17,Développeur fullstack,https://www.jobinfocamer.com/job/39918/developpeur-fullstack-a-gvs-services,GVS-SERVICES,Yaoundé,Part-time
2024-10-16,SEO Specialist,https://www.jobinfocamer.com/job/39908/seo-specialist-a-ekiti-africa,Ekiti Africa,Douala,Full-time
2024-10-02,Développeur Web,https://www.jobinfocamer.com/job/39845/developpeur-web-a-entreprise-de-la-place,Entreprise de la place,Douala,Part-time
2024-10-02,Responsable IT,https://www.jobinfocamer.com/job/39840/responsable-it-a-adex-cameroun,ADEX CAMEROUN,Douala,Full-time
2024-10-01,Technicien en Maintenance Informatique,https://www.jobinfocamer.com/job/39836/technicien-en-maintenance-informatique-a-marketmyx,Marketmyx,Douala,Full-time
2024-10-01,INFORMATICIEN,https://www.jobinfocamer.com/job/39835/informaticien-a-entreprise-de-la-place,Entreprise de la place,Douala,Internship
2024-09-27,DATA ANALYST,https://www.jobinfocamer.com/job/39822/data-analyst-a-seahorse,SEAHORSE,Yaoundé,Full-time
2024-09-22,Développeur Senior React.js,https://www.jobinfocamer.com/job/39779/developpeur-senior-react-js-a-tootree-sarl,Tootree SARL,Douala,Part-time
2024-09-20,IT specialist,https://www.jobinfocamer.com/job/39775/it-specialist-a-crihss-foundation,CRIHSS FOUNDATION,Yaoundé,Part-time
2024-09-19,Data Analyst,https://www.jobinfocamer.com/job/39763/data-analyst-a-entreprise-de-la-place,Entreprise de la place,Yaoundé,Internship
2024-09-16,Développeur Fullstack,https://www.jobinfocamer.com/job/39749/developpeur-fullstack-a-big-data-solution,Big Data Solution,Yaoundé,Internship
2024-09-04,SOFTWARE DEVELOPER,https://www.jobinfocamer.com/job/39686/software-developer-a-unics-plc-microfinance-institution,UNICS Plc. Microfinance Institution,Yaoundé,Full-time
2024-09-02,Stagiaire Professionnel Data analyst,https://www.jobinfocamer.com/job/39675/stagiaire-professionnel-data-analyst-a-groupe-arno,GROUPE ARNO,Douala,Internship
2024-08-30,Project Manager/Business Analyst,https://www.jobinfocamer.com/job/39663/project-manager-business-analyst-a-kola-group,KOLA GROUP,Douala,Full-time
2024-08-26,DÉVELOPPEUR SHOPIFY,https://www.jobinfocamer.com/job/39644/developpeur-shopify-a-world-wide-international-business,World Wide International Business,Douala,Full-time
2024-08-24,Angular/NodeJS Internship Software engineering,https://www.jobinfocamer.com/job/39633/angular-nodejs-internship-software-engineering-a-en-solutions,EN Solutions,Remote,Internship
2024-08-13,Développeur Web,https://www.jobinfocamer.com/job/39578/developpeur-web-a-entreprise-de-la-place,Entreprise de la place,Douala,Full-time
2024-08-07,Développeur Full Stack,https://www.jobinfocamer.com/job/39553/developpeur-full-stack-a-big-data-solution,Big Data Solution,Douala,Internship
2024-08-05,CHEF PROJET ODOO,https://www.jobinfocamer.com/job/39541/chef-projet-odoo-a-groupe-arno,GROUPE ARNO,Douala,Part-time
2024-08-04,Software Engineer,https://www.jobinfocamer.com/job/39536/software-engineer-a-karibu-capital,Karibu Capital,remote,Internship
2024-08-04,Développeur Java/Kafka,https://www.jobinfocamer.com/job/39532/developpeur-java-kafka-a-entreprise-de-la-place,Entreprise de la place,Douala,Full-time
2024-07-24,Tech Leader Confirmé,https://www.jobinfocamer.com/job/39476/tech-leader-confirme-a-indyli-services,INDYLI-SERVICES,Douala,Full-time
2024-07-12,IT,https://www.jobinfocamer.com/job/39405/it-a-solutions-rh-emploi-sarl,SOLUTIONS RH+ EMPLOI SARL,Douala,Internship
2024-07-09,Data Manager,https://www.jobinfocamer.com/job/39376/data-manager-a-la-croix-rouge-camerounaise-et-la-croix-rouge-francaise,La Croix-Rouge camerounaise et la Croix-Rouge française,Kousséri - Région de l'Extrême-Nord,Part-time
2024-07-08,Développeur Web,https://www.jobinfocamer.com/job/39374/developpeur-web-a-ads-ltd,ADS LTD,Douala,Internship
2024-06-25,Chef de projet,https://www.jobinfocamer.com/job/39328/chef-de-projet-a-2beintech,2BeinTech,Douala,Full-time
2024-06-23,DevOps Junior,https://www.jobinfocamer.com/job/39315/devops-junior-a-twingo-sarl,Twingo SARL,Yaoundé,Internship
2024-06-18,Technology Manager,https://www.jobinfocamer.com/job/39278/technology-manager-a-maclain-associes,Maclain & Associés,Douala,Full-time
2024-06-06,DÉVELOPPEUR WEB PHP5  FRONT ET BACK/DEVOPS,https://www.jobinfocamer.com/job/39215/developpeur-web-php5-front-et-back-devops-a-success-consults,SUCCESS CONSULTS,Yaoundé,Part-time
2024-06-02,Développeur Web Front-End,https://www.jobinfocamer.com/job/39197/developpeur-web-front-end-a-twingo-sarl,Twingo SARL,Yaoundé,Internship
2024-05-30,TECHNICIAN,https://www.jobinfocamer.com/job/39181/technician-a-carlcare-sarl,Carlcare Sarl,Douala,Full-time
2024-05-29,Responsable IT,https://www.jobinfocamer.com/job/39175/responsable-it-a-wafacash-central-africa,WAFACASH CENTRAL AFRICA,Douala,Full-time
2024-05-29,Data Engineer,https://www.jobinfocamer.com/job/39172/data-engineer-a-paysika,PaySika,Douala,Part-time
2024-05-27,Développeur Frontend (Vue.js ou React.js),https://www.jobinfocamer.com/job/39154/developpeur-frontend-vue-js-ou-react-js--a-lmt-group,LMT Group,Yaoundé,Part-time
2024-05-27,Développeur Backend Node.js,https://www.jobinfocamer.com/job/39153/developpeur-backend-node-js-a-lmt-group,LMT Group,Yaoundé,Part-time
2024-05-27,UX/UI Designer,https://www.jobinfocamer.com/job/39152/ux-ui-designer-a-lmt-group,LMT Group,Yaoundé,Part-time
2024-05-26,"ADMINISTRATEUR SYSTÈME, RÉSEAU ET APPLICATIONS",https://www.jobinfocamer.com/job/39146/administrateur-systeme-reseau-et-applications-a-mk-ba,MK BA,Douala,Part-time
2024-05-26,DÉVELOPPEUR WEB FULLSTACK,https://www.jobinfocamer.com/job/39147/developpeur-web-fullstack-a-mk-wbc,MK WBC,Douala,Part-time
2024-05-25,INGÉNIEUR MICROSOFT POWER PLATFORM,https://www.jobinfocamer.com/job/39144/ingenieur-microsoft-power-platform-a-valione,VALIONE,Yaoundé,Full-time
2024-05-24,Développeur web Java EE,https://www.jobinfocamer.com/job/39138/developpeur-web-java-ee-a-kozao-africa,Kozao Africa,Douala,Internship
2024-05-24,Testeur logiciel,https://www.jobinfocamer.com/job/39139/testeur-logiciel-a-kozao-africa,Kozao Africa,Douala,Internship
2024-05-15,IT Lecturer,https://www.jobinfocamer.com/job/39086/it-lecturer-a-ict-university-cameroon,ICT UNIVERSITY CAMEROON,Yaoundé,Full-time
2024-05-05,Développeur Full Stack,https://www.jobinfocamer.com/job/39043/developpeur-full-stack-a-entreprise-de-la-place,Entreprise de la place,Douala,Full-time
2024-04-18,Développeur web/mobile stagiaire,https://www.jobinfocamer.com/job/38945/developpeur-web-mobile-stagiaire-a-kola-group,KOLA GROUP,Douala,Internship
2024-04-09,Test Engineer,https://www.jobinfocamer.com/job/38906/test-engineer-a-transsion-holdings,TRANSSION HOLDINGS,Douala,Full-time
2024-04-08,Technicien Réseau,https://www.jobinfocamer.com/job/38900/technicien-reseau-a-twingo-sarl,Twingo SARL,Yaoundé,Internship
2024-04-03,Développeur Fullstack,https://www.jobinfocamer.com/job/38880/developpeur-fullstack-a-inter-it-services,INTER-IT SERVICES,Yaoundé,Part-time
2024-03-28,DÉVELOPPEUR/CONCEPTEUR APPLICATION MOBILE,https://www.jobinfocamer.com/job/38864/developpeur-concepteur-application-mobile-a-leckpa-group,LECKPA GROUP,Yaoundé,Internship
2024-03-27,Développeur web,https://www.jobinfocamer.com/job/38859/developpeur-web-a-startpoint,StartPoint,Yaoundé,Full-time
2024-03-24,Développeur Logiciel,https://www.jobinfocamer.com/job/38835/developpeur-logiciel-a-entreprise-de-la-place,Entreprise de la place,Yaoundé,Internship
2024-03-23,Développeur Senior Frontend,https://www.jobinfocamer.com/job/38823/developpeur-senior-frontend-a-securtrack,SECURTRACK,Douala,Part-time
2024-03-21,IT Intern,https://www.jobinfocamer.com/job/38809/it-intern-a-utecq,UTECQ,Yaoundé,Internship
2024-03-21,Web Designer,https://www.jobinfocamer.com/job/38811/web-designer-a-entreprise-de-la-place,Entreprise de la place,Douala,Full-time
2024-03-18,Responsable IT,https://www.jobinfocamer.com/job/38794/responsable-it-a-wafacash-central-africa,WAFACASH CENTRAL AFRICA,Douala,Full-time
2024-03-06,Formateur(trice) en Robotique et IA,https://www.jobinfocamer.com/job/38728/formateur-trice-en-robotique-et-ia-a-kola-group,KOLA GROUP,Douala,Internship
2024-03-02,Responsable application,https://www.jobinfocamer.com/job/38720/responsable-application-a-startimes-media-cameroun,StarTimes Média Cameroun,Douala,Part-time
2024-03-01,Product Material Control Executive,https://www.jobinfocamer.com/job/38717/product-material-control-executive-a-carlcare-sarl,Carlcare Sarl,Douala,Full-time
2024-03-01,INTÉGRATEURS ERP ODOO,https://www.jobinfocamer.com/job/38711/integrateurs-erp-odoo-a-entreprise-de-la-place,Entreprise de la place,Douala,Part-time
2024-01-18,Gestionnaire des opérations,https://www.jobinfocamer.com/job/38360/gestionnaire-des-operations-a-davca-sarl,Davca sarl,Yaoundé,Full-time
2024-01-15,RESPONSABLE TECHNIQUE,https://www.jobinfocamer.com/job/38348/responsable-technique-a-entreprise-de-la-place,Entreprise de la place,Yaoundé,Full-time
2024-01-08,Développeur(se) Backend Java,https://www.jobinfocamer.com/job/38301/developpeur-se-backend-java-a-i-tech-sarl,I-TECH SARL,Douala,Full-time
2024-01-08,Développeur PHP,https://www.jobinfocamer.com/job/38289/developpeur-php-a-universal-software,UNIVERSAL SOFTWARE,Yaoundé,Part-time
2024-01-04,ANALYSTE-PROGRAMMEUR,https://www.jobinfocamer.com/job/38272/analyste-programmeur-a-entreprise-de-la-place,Entreprise de la place,Douala,Part-time
2023-12-28,Développeur Informatique,https://www.jobinfocamer.com/job/38223/developpeur-informatique-a-ads-ltd,ADS LTD,Douala,Internship
2023-12-20,Chef de Projet,https://www.jobinfocamer.com/job/38186/chef-de-projet-a-2beintech,2BeinTech,Douala,Full-time
2023-12-18,Développeur Full Stack,https://www.jobinfocamer.com/job/38169/developpeur-full-stack-a-2beintech,2BeinTech,Douala,Full-time
2023-12-13,Développeur web et mobile,https://www.jobinfocamer.com/job/38156/developpeur-web-et-mobile-a-waritis,Waritis,Yaoundé,Full-time
2023-12-03,Développeur web et mobile,https://www.jobinfocamer.com/job/38088/developpeur-web-et-mobile-a-universal-software,UNIVERSAL SOFTWARE,Douala,Part-time
2023-11-30,Développeur BackEnd,https://www.jobinfocamer.com/job/38061/developpeur-backend-a-boost-compagny,BOOST COMPAGNY,Yaoundé,Part-time
2023-11-21,Développeur Web Fullstack,https://www.jobinfocamer.com/job/38018/developpeur-web-fullstack-a-tradingpool-sarl,TRADINGPOOL SARL,Douala,Full-time
2023-11-14,Développeur Windev,https://www.jobinfocamer.com/job/37984/developpeur-windev-a-cgi-sarl,CGI SARL,Douala,Full-time
2023-11-09,Intelligence Artificielle,https://www.jobinfocamer.com/job/37931/intelligence-artificielle-a-wekhi-inc-,Wekhi Inc.,Douala,Internship
2023-10-31,Data Analyst,https://www.jobinfocamer.com/job/37885/data-analyst-a-nestle-foods,Nestlé Foods,Douala,Full-time
2023-10-30,Spécialiste en Référencement Web,https://www.jobinfocamer.com/job/37860/specialiste-en-referencement-web-a-imw,IMW,Yaoundé,Full-time
2023-10-18,Développeur Full Stack,https://www.jobinfocamer.com/job/37804/developpeur-full-stack-a-y-note-sarl,Y-NOTE Sarl,Yaoundé,Internship
2023-10-18,DÉVELOPPEUR WEB,https://www.jobinfocamer.com/job/37800/developpeur-web-a-mk-ba,MK BA,Douala,Part-time
2023-10-13,DÉVELOPPEUR ODOO FULLSTACK,https://www.jobinfocamer.com/job/37780/developpeur-odoo-fullstack-a-success-consults,SUCCESS CONSULTS,Yaoundé,Full-time
2023-10-13,Responsable Sécurité Informatique,https://www.jobinfocamer.com/job/37778/responsable-securite-informatique-a-wafacash-central-africa,WAFACASH CENTRAL AFRICA,Douala,Full-time
2023-10-09,Développeur SAP,https://www.jobinfocamer.com/job/37738/developpeur-sap-a-veotys-sarl,VEOTYS SARL,Douala,Internship
2023-10-09,DÉVELOPPEUR REACT-NATIVE,https://www.jobinfocamer.com/job/37739/developpeur-react-native-a-ilink-world-corporation,iLink World Corporation,Douala,Internship
2023-10-09,DÉVELOPPEUR PHP/LARAVEL,https://www.jobinfocamer.com/job/37740/developpeur-php-laravel-a-ilink-world-corporation,iLink World Corporation,Douala,Internship
2023-10-04,ASSISTANT IT,https://www.jobinfocamer.com/job/37719/assistant-it-a-homepro-cameroon-limited,HOMEPRO CAMEROON LIMITED,Douala,Part-time
2023-09-27,Développeur Freelance,https://www.jobinfocamer.com/job/37672/developpeur-freelance-a-hygironde,Hygironde,Douala,Full-time
2023-09-22,INFORMATICIEN,https://www.jobinfocamer.com/job/37644/informaticien-a-davca-sarl,DAVCA SARL,Yaoundé,Full-time
2023-09-21,Développeur Backend PHP,https://www.jobinfocamer.com/job/37638/developpeur-backend-php-a-twingo-sarl,Twingo SARL,Yaoundé,Part-time
2023-09-21,Testeur/Testeuse logiciel informatique,https://www.jobinfocamer.com/job/37635/testeur-testeuse-logiciel-informatique-a-kozao-africa,Kozao Africa,Douala,Full-time
2023-09-07,Développeur Web,https://www.jobinfocamer.com/job/37515/developpeur-web-a-startpoint,StartPoint,Yaoundé,Full-time
2023-09-05,Data Engineer,https://www.jobinfocamer.com/job/37488/data-engineer-a-ikwen-sarl,IKWEN SARL,Yaoundé,Part-time
2023-09-05,Informaticien - Développeur,https://www.jobinfocamer.com/job/37486/informaticien-developpeur-a-vicky-k-consulting,Vicky K Consulting,Douala,Full-time
2023-09-03,Développeur Full Stack Java Angular,https://www.jobinfocamer.com/job/37474/developpeur-full-stack-java-angular-a-entreprise-de-la-place,Entreprise de la place,Douala,Part-time
2023-08-31,Développeur Fullstack,https://www.jobinfocamer.com/job/37459/developpeur-fullstack-a-big-data-solution,Big Data Solution,Yaoundé,Full-time
2023-08-30,Technicien en réseaux et télécom,https://www.jobinfocamer.com/job/37455/technicien-en-reseaux-et-telecom-a-imagine-plus-ltd,IMAGINE PLUS LTD,Yaoundé,Part-time
2023-08-29,Ingénieur informatique,https://www.jobinfocamer.com/job/37445/ingenieur-informatique-a-archipel,ARCHIPEL,Douala,Internship
2023-08-18,Data scientist IA NLP,https://www.jobinfocamer.com/job/37369/data-scientist-ia-nlp-a-big-data-solution,Big Data Solution,Yaoundé,Internship
2023-08-13,Enseignants associés,https://www.jobinfocamer.com/job/37329/enseignants-associes-a-paris-formations,PARIS FORMATIONS,"Douala, Yaoundé, Bafoussam",Full-time
2023-07-31,Développeur ODOO,https://www.jobinfocamer.com/job/37248/developpeur-odoo-a-success-consults,SUCCESS CONSULTS,Douala,Full-time
2023-07-19,ADMINISTRATEUR BASE DE DONNEES,https://www.jobinfocamer.com/job/37137/administrateur-base-de-donnees-a-focep-sa,FOCEP SA,Yaoundé,Full-time
2023-07-12,Développeur Web /Mobile,https://www.jobinfocamer.com/job/37090/developpeur-web-mobile-a-donsyl,DONSYL,Yaoundé,Full-time
2023-07-10,Développeur Web,https://www.jobinfocamer.com/job/37061/developpeur-web-a-twingo-sarl,Twingo Sarl,Yaoundé,Internship
2023-07-07,Développeur OpenStack,https://www.jobinfocamer.com/job/37048/developpeur-openstack-a-hosting-and-security-services,Hosting and Security Services,Douala,Full-time
2023-07-07,Développeur Web,https://www.jobinfocamer.com/job/37046/developpeur-web-a-utecq,UTECQ,Yaoundé,Internship
2023-07-06,Ingénieur d'étude et développement Java,https://www.jobinfocamer.com/job/37038/ingenieur-d-etude-et-developpement-java-a-ditranov,DITRANOV,Yaoundé,Full-time
2023-07-03,Développeur Web,https://www.jobinfocamer.com/job/37016/developpeur-web-a-ibloomb,Ibloomb,Douala,Full-time
2023-06-30,UI/UX WebDesigner,https://www.jobinfocamer.com/job/37005/ui-ux-webdesigner-a-engie-soft-sarl,Engie Soft SARL,Douala,Full-time
2023-06-30,DÉVELOPPEUR ANGULAR,https://www.jobinfocamer.com/job/37004/developpeur-angular-a-mg-softwares,MG Softwares,Partout,Internship
2023-06-27,INFORMATICIEN ET COMMERCIAL,https://www.jobinfocamer.com/job/36991/informaticien-et-commercial-a-entreprise-de-la-place,Entreprise de la place,Douala,Full-time
2023-06-24,Service Desk Delivery Supervisor,https://www.jobinfocamer.com/job/36969/service-desk-delivery-supervisor-a-issm,ISSM,Douala,Part-time
2023-06-23,IT INFRASTRUCTURE ENGINEER,https://www.jobinfocamer.com/job/36967/it-infrastructure-engineer-a-pan-african-savings-loans-cameroun-s-a,PAN AFRICAN SAVINGS & LOANS CAMEROUN S.A,Douala,Full-time
2023-06-18,RESPONSABLE IT,https://www.jobinfocamer.com/job/36912/responsable-it-a-paris-formations,PARIS FORMATIONS,Douala,Full-time
2023-06-15,Développeur Junior Java,https://www.jobinfocamer.com/job/36898/developpeur-junior-java-a-new-generation-consulting,NEW GENERATION CONSULTING,Douala,Part-time
2023-06-10,Senior Fullstack Developer,https://www.jobinfocamer.com/job/36863/senior-fullstack-developer-a-eternal-company-limited,Eternal Company Limited,Douala,Full-time
2023-06-09,Développeur .net Full stack,https://www.jobinfocamer.com/job/36858/developpeur-net-full-stack-a-institute-of-professional-excellence,INSTITUTE OF PROFESSIONAL EXCELLENCE,Douala,Full-time
2023-06-07,DEVELOPPEURS WEB- Front PHP,https://www.jobinfocamer.com/job/36849/developpeurs-web-front-php-a-success-consults,SUCCESS CONSULTS,Douala,Full-time
2023-06-06,Junior Software Engineer,https://www.jobinfocamer.com/job/36846/junior-software-engineer-a-adipster-tech-limited,Adipster Tech Limited,Yaoundé,Full-time
2023-06-06,Technicien Réseau,https://www.jobinfocamer.com/job/36844/technicien-reseau-a-twingo-sarl,Twingo SARL,Yaoundé,Internship
2023-06-05,Consultant SAP HCM,https://www.jobinfocamer.com/job/36836/consultant-sap-hcm-a-ibn-group,IBN GROUP,Yaoundé,Internship
2023-05-30,Consultant SAP FICO/PP,https://www.jobinfocamer.com/job/36802/consultant-sap-fico-pp-a-ibn-group,IBN GROUP,Yaoundé,Internship
2023-05-17,Stagiaire en informatique,https://www.jobinfocamer.com/job/36713/stagiaire-en-informatique-a-code-for-change,Code For Change,Yaoundé,Internship
2023-05-15,Développeur web,https://www.jobinfocamer.com/job/36693/developpeur-web-a-esoaf,ESOAF,Yaoundé,Internship
2023-05-15,React Native Mobile Developer,https://www.jobinfocamer.com/job/36691/react-native-mobile-developer-a-leratel-sas,Leratel SAS,Yaoundé,Full-time
2023-05-15,INGENIEUR TELECOM,https://www.jobinfocamer.com/job/36689/ingenieur-telecom-a-entreprise-de-la-place,Entreprise de la place,Douala,Part-time
2023-05-10,Analyste développeur,https://www.jobinfocamer.com/job/36649/analyste-developpeur-a-uni2grow-cameroun-sarl,Uni2grow Cameroun SARL,Dschang,Full-time
2023-05-09,INFORMATICIENS,https://www.jobinfocamer.com/job/36645/informaticiens-a-instant-transfer,INSTANT TRANSFER,Yaoundé,Full-time
2023-05-02,Software Engineer,https://www.jobinfocamer.com/job/36582/software-engineer-a-adipster-tech-limited,Adipster Tech Limited,Yaoundé,Full-time
2023-05-02,Ingénieur Logiciel,https://www.jobinfocamer.com/job/36581/ingenieur-logiciel-a-adipster-tech-limited,Adipster Tech Limited,Yaoundé,Full-time
2023-04-28,Développeur web full stack,https://www.jobinfocamer.com/job/36568/developpeur-web-full-stack-a-jobaas-sarl,Jobaas sarl,Yaoundé,Full-time
2023-04-19,ASSISTANT(E) OFFRES ET PROJETS,https://www.jobinfocamer.com/job/36517/assistant-e-offres-et-projets-a-mk-ba,MK BA,Douala,Internship
2023-04-17,Développeur logiciels,https://www.jobinfocamer.com/job/36504/developpeur-logiciels-a-entreprise-de-la-place,Entreprise de la place,Douala,Part-time
2023-04-11,Webmaster Volunteer,https://www.jobinfocamer.com/job/36461/webmaster-volunteer-a-stem-ignite,STEM Ignite,Yaoundé,Internship
2023-04-06,Développeur Web Fullstack PHP/Laravel,https://www.jobinfocamer.com/job/36441/developpeur-web-fullstack-php-laravel-a-leratel-sas,Leratel SAS,Yaoundé,Part-time
2023-04-06,Développeur Logiciel,https://www.jobinfocamer.com/job/36438/developpeur-logiciel-a-ebos-technologies,eBOS Technologies,"Nicosia, Chypre",Full-time
2023-04-06,Software Developer,https://www.jobinfocamer.com/job/36437/software-developer-a-ebos-technologies,eBOS Technologies,"Nicosia, Chypre",Full-time
2023-04-06,Ingénieur en sécurité informatique,https://www.jobinfocamer.com/job/36435/ingenieur-en-securite-informatique-a-arc-sa,ARC SA,Douala,Internship
2023-03-28,Web Development,https://www.jobinfocamer.com/job/36373/web-development-a-electram-engineering,Electram Engineering,Yaoundé,Internship
2023-03-28,Ingénieur CRM et BSS,https://www.jobinfocamer.com/job/36370/ingenieur-crm-et-bss-a-entreprise-de-la-place,Entreprise de la place,Yaoundé,Full-time
2023-03-24,Lead Technique,https://www.jobinfocamer.com/job/36341/lead-technique-a-kimpa,Kimpa,Douala,Full-time
2023-03-24,Web Developer,https://www.jobinfocamer.com/job/36335/web-developer-a-entreprise-de-la-place,Entreprise de la place,Douala,Full-time
2023-03-22,WEB DESIGNER JUNIOR,https://www.jobinfocamer.com/job/36305/web-designer-junior-a-success-consults,SUCCESS CONSULTS,Douala,Full-time
2023-03-21,Développeurs,https://www.jobinfocamer.com/job/36288/developpeurs-a-y-note-sarl,Y-NOTE Sarl,Yaoundé,Internship
2023-03-16,DEVELOPPEUR FullStack SENIOR,https://www.jobinfocamer.com/job/36252/developpeur-fullstack-senior-a-entreprise-de-la-place,Entreprise de la place,Douala,Full-time
2023-03-08,Full Stack Mobile Developer,https://www.jobinfocamer.com/job/36183/full-stack-mobile-developer-a-felicity-co-ltd,Felicity Co. Ltd,Douala,Part-time
2023-03-06,Ingénieur CRM et BSS,https://www.jobinfocamer.com/job/36162/ingenieur-crm-et-bss-a-entreprise-de-la-place,Entreprise de la place,Yaoundé,Full-time
2023-03-02,Administrateur de base de données,https://www.jobinfocamer.com/job/36141/administrateur-de-base-de-donnees-a-aure-rh,AURE RH,Douala,Full-time
2023-02-27,BUSINESS DATA ANALYST,https://www.jobinfocamer.com/job/36104/business-data-analyst-a-remotecm,RemoteCM,Yaoundé,Full-time
2023-02-27,Informaticien Développeur,https://www.jobinfocamer.com/job/36090/informaticien-developpeur-a-cgi-sarl,CGI SARL,Douala,Full-time
2023-02-24,INFORMATICIEN DÉVELOPPEUR APPLICATION,https://www.jobinfocamer.com/job/36079/informaticien-developpeur-application-a-mbs,MBS,Yaoundé,Full-time
2023-02-23,TECH LEADER,https://www.jobinfocamer.com/job/36048/tech-leader-a-indyli-services,INDYLI-SERVICES,Douala,Full-time
2023-02-21,"Electricité, Réseaux informatique et VoIP",https://www.jobinfocamer.com/job/36035/electricite-reseaux-informatique-et-voip-a-uts-cameroon-sarl,UTS Cameroon Sarl,Yaoundé,Internship
2023-02-17,Développeur web et mobile,https://www.jobinfocamer.com/job/36008/developpeur-web-et-mobile-a-afric-apps-digital-services-sarl,AFRIC'APPS DIGITAL SERVICES SARL,Yaoundé,Part-time
2023-02-17,DATA ANALYST,https://www.jobinfocamer.com/job/36004/data-analyst-a-duval-arno-distribution,DUVAL ARNO DISTRIBUTION,Douala,Full-time
2023-02-17,Chargé du développement informatique,https://www.jobinfocamer.com/job/36000/charge-du-developpement-informatique-a-dataoptime,DataOptime,Yaoundé,Internship
2023-02-16,Informaticien - Formateur,https://www.jobinfocamer.com/job/35995/informaticien-formateur-a-epfa-pro,EPFA PRO,Douala,Full-time
2023-02-16,HOTLINE/WAREHOUSE AGENT,https://www.jobinfocamer.com/job/35996/hotline-warehouse-agent-a-transsion-holdings,Transsion Holdings,Douala,Full-time
2023-02-14,Technical lead,https://www.jobinfocamer.com/job/35978/technical-lead-a-it-solutions-and-advisory-services-sarl,IT Solutions and Advisory Services SARL,Yaoundé,Part-time
2023-02-14,Développeur Application WEB,https://www.jobinfocamer.com/job/35975/developpeur-application-web-a-institute-of-professional-excellence,INSTITUTE OF PROFESSIONAL EXCELLENCE,Douala,Full-time
2023-02-08,Développeurs,https://www.jobinfocamer.com/job/35947/developpeurs-a-y-note-sarl,Y-NOTE Sarl,Yaoundé,Internship
2023-02-07,AUDITEUR INFORMATIQUE,https://www.jobinfocamer.com/job/35934/auditeur-informatique-a-sorepco-sa,SOREPCO SA,Douala,Full-time
2023-02-07,Server and System Administrator,https://www.jobinfocamer.com/job/35927/server-and-system-administrator-a-presprint-plc,PRESPRINT Plc,Limbe,Full-time
2023-02-07,NETWORK ADMINISTRATOR,https://www.jobinfocamer.com/job/35926/network-administrator-a-presprint-plc,PRESPRINT Plc,Limbe,Full-time
2023-02-06,Software Developer,https://www.jobinfocamer.com/job/35905/software-developer-a-presprint-plc,PRESPRINT Plc,Limbe,Full-time
2023-01-31,Développeur informatique,https://www.jobinfocamer.com/job/35853/developpeur-informatique-a-ads-ltd,ADS LTD,Douala,Internship
2023-01-30,Développeur mobile Flutter Junior,https://www.jobinfocamer.com/job/35851/developpeur-mobile-flutter-junior-a-engie-soft-sarl,Engie Soft SARL,Douala,Full-time
2023-01-27,Développeur web et mobile,https://www.jobinfocamer.com/job/35838/developpeur-web-et-mobile-a-ntas-services,NTAS SERVICES,Douala,Full-time
2023-01-27,DÉVELOPPEUR(S)E REACT-NATIVE,https://www.jobinfocamer.com/job/35827/developpeur-s-e-react-native-a-ilink-world-corporation,iLink World Corporation,Douala,Internship
2023-01-16,Développpeur Web,https://www.jobinfocamer.com/job/35698/developppeur-web-a-donsyl,DONSYL,Yaoundé,Full-time
2023-01-13,No-code Developer,https://www.jobinfocamer.com/job/35683/no-code-developer-a-entreprise-de-la-place,Entreprise de la place,Douala,Full-time
2023-01-11,FORMATEUR/DEVELOPPEUR,https://www.jobinfocamer.com/job/35644/formateur-developpeur-a-indyli-services,INDYLI-SERVICES,Douala,Part-time
2023-01-11,"Administrateur système, réseau et applications",https://www.jobinfocamer.com/job/35646/administrateur-systeme-reseau-et-applications-a-nexah-sarl,Nexah Sarl,Douala,Full-time
2023-01-04,Business Analyst,https://www.jobinfocamer.com/job/35586/business-analyst-a-sprint-pay,SPRINT-PAY,Yaoundé,Part-time
2023-01-04,Développeur Web,https://www.jobinfocamer.com/job/35583/developpeur-web-a-dnimas-creative,DNIMAS CREATIVE,Douala,Full-time
2022-12-22,Développeur JAVA,https://www.jobinfocamer.com/job/35525/developpeur-java-a-iplans-sa,IPLANS SA,Douala,Full-time
2022-12-22,Ingénieur Développeur MOBILE,https://www.jobinfocamer.com/job/35524/ingenieur-developpeur-mobile-a-iplans-sa,IPLANS SA,Douala,Full-time
2022-12-14,Développeur JAVA / Spring Boot / Micro services,https://www.jobinfocamer.com/job/35475/developpeur-java-spring-boot-micro-services-a-2si-inc,2si-inc,Douala,Full-time
2022-12-13,Développeur backend PHP/Laravel,https://www.jobinfocamer.com/job/35463/developpeur-backend-php-laravel-a-kamix-sarl,KAMIX SARL,Yaoundé,Full-time
2022-12-13,Senior Programs Associate Bilingual,https://www.jobinfocamer.com/job/35460/senior-programs-associate-bilingual-a-sun-king-cameroon,SUN KING CAMEROON,Douala,Full-time
2022-12-12,INFORMATICIEN,https://www.jobinfocamer.com/job/35451/informaticien-a-entreprise-de-la-place,Entreprise de la place,Douala,Full-time
2022-12-05,Ingénieur développeur front end Angular,https://www.jobinfocamer.com/job/35400/ingenieur-developpeur-front-end-angular-a-sprint-pay,SPRINT-PAY,Yaoundé,Part-time
2022-12-04,INFORMATICIEN DÉVELOPPEUR APPLICATION,https://www.jobinfocamer.com/job/35389/informaticien-developpeur-application-a-mbs,MBS,Yaoundé,Full-time
2022-12-03,Secrétaire bilingue,https://www.jobinfocamer.com/job/35378/secretaire-bilingue-a-teugnology-sarl,TEUGNOLOGY SARL,Yaoundé,Part-time
2022-12-01,Développeur d'application web Fullstack,https://www.jobinfocamer.com/job/35349/developpeur-d-application-web-fullstack-a-enix-sarl,ENIX SARL,Yaoundé,Part-time
2022-11-23,DÉVELOPPEUR WEB,https://www.jobinfocamer.com/job/35295/developpeur-web-a-danol-group,DANOL GROUP,Douala,Internship
2022-11-23,Développeurs mobile et web,https://www.jobinfocamer.com/job/35289/developpeurs-mobile-et-web-a-afric-apps-digital-services-sarl,Afric'Apps Digital Services Sarl,Yaoundé,Internship
2022-11-22,Développeur Software,https://www.jobinfocamer.com/job/35287/developpeur-software-a-davca-sarl,DAVCA SARL,Yaoundé,Full-time
2022-11-18,Directeur des systèmes d'information,https://www.jobinfocamer.com/job/35264/directeur-des-systemes-d-information-a-focep-sa,FOCEP SA,Yaoundé,Full-time
2022-11-16,Développeur Java Web,https://www.jobinfocamer.com/job/35242/developpeur-java-web-a-kozao-africa,Kozao Africa,Douala,Full-time
2022-11-15,Développeur web,https://www.jobinfocamer.com/job/35236/developpeur-web-a-entreprise-de-la-place,Entreprise de la place,Yaoundé,Full-time
2022-11-14,Ingénieur Intégrateur,https://www.jobinfocamer.com/job/35212/ingenieur-integrateur-a-iplans-sa,IPLANS SA,Douala,Full-time
2022-11-09,Ingénieur Système / Administrateur Réseau,https://www.jobinfocamer.com/job/35174/ingenieur-systeme-administrateur-reseau-a-iplans-sa,IPLANS SA,Douala,Full-time
2022-11-08,TECHNICIAN,https://www.jobinfocamer.com/job/35165/technician-a-carlcare-sarl,Carlcare Sarl,Douala,Full-time
2022-11-05,"Développeur Full Stack, Front End, Back End",https://www.jobinfocamer.com/job/35134/developpeur-full-stack-front-end-back-end-a-bitt-sarl,BITT Sarl,Yaoundé,Full-time
2022-11-03,Développeur DELPHI,https://www.jobinfocamer.com/job/35119/developpeur-delphi-a-iplans-sa,IPLANS SA,Douala,Full-time
2022-11-03,Développeur MOBILE,https://www.jobinfocamer.com/job/35118/developpeur-mobile-a-iplans-sa,IPLANS SA,Douala,Full-time
2022-11-03,Développeur(se) Front-End,https://www.jobinfocamer.com/job/35117/developpeur-se-front-end-a-iplans-sa,IPLANS SA,Douala,Full-time
2022-11-02,Développeur JAVA,https://www.jobinfocamer.com/job/35113/developpeur-java-a-iplans-sa,IPLANS SA,Douala,Full-time
2022-10-31,Développeur Full Stack,https://www.jobinfocamer.com/job/35088/developpeur-full-stack-a-bm-tracking-solutions,BM-TRACKING SOLUTIONS,Douala,Full-time
2022-10-26,Responsable Informatique,https://www.jobinfocamer.com/job/35052/responsable-informatique-a-entreprise-de-la-place,Entreprise de la place,Douala,Full-time
2022-10-26,Développeur full stack,https://www.jobinfocamer.com/job/35054/developpeur-full-stack-a-big-data-solution,Big Data Solution,Yaoundé,Part-time
2022-10-22,Ingénieur(e) Informatique / Télécom,https://www.jobinfocamer.com/job/35018/ingenieur-e-informatique-telecom-a-ydeale-consulting,Ydeale Consulting,Douala,Full-time
2022-10-13,CONSULTANT FONCTIONNEL,https://www.jobinfocamer.com/job/34931/consultant-fonctionnel-a-afreetech,AFREETECH,Yaoundé,Full-time
2022-10-10,Assistant informaticien,https://www.jobinfocamer.com/job/34898/assistant-informaticien-a-entreprise-de-la-place,Entreprise de la place,Douala,Part-time
2022-10-04,INFORMATICIEN,https://www.jobinfocamer.com/job/34814/informaticien-a-entreprise-de-la-place,Entreprise de la place,Douala,Full-time
2022-09-29,Développeur Web/Mobile Full Stack/Java,https://www.jobinfocamer.com/job/34778/developpeur-web-mobile-full-stack-java-a-gta-cm,GTA-CM,Douala,Full-time
2022-09-24,Full Stack Developer,https://www.jobinfocamer.com/job/34741/full-stack-developer-a-vtc,VTC,Douala,Full-time
2022-09-22,Data manager,https://www.jobinfocamer.com/job/34711/data-manager-a-m-a-sante,M.A. SANTE,Yaoundé,Part-time
2022-09-22,Intégrateur and Développeur JAVA/Mobile,https://www.jobinfocamer.com/job/34710/integrateur-and-developpeur-java-mobile-a-isnov-sarl,ISNOV SARL,Yaoundé,Internship
2022-09-20,Webmaster,https://www.jobinfocamer.com/job/34685/webmaster-a-denis-and-lenora-foretia-foundation,Denis and Lenora Foretia Foundation,Yaoundé,Part-time
2022-09-20,Full Stack Developer,https://www.jobinfocamer.com/job/34681/full-stack-developer-a-beambuy-sarl,Beambuy SARL,Yaoundé,Full-time
2022-09-19,Web Designer,https://www.jobinfocamer.com/job/34675/web-designer-a-entreprise-de-la-place,Entreprise de la place,Yaoundé,Full-time
2022-09-19,TECHNICO-COMMERCIAL,https://www.jobinfocamer.com/job/34669/technico-commercial-a-bitt-sarl,BITT Sarl,Yaoundé,Part-time
2022-09-16,Développeur JAVA/ANGULAR/PHP,https://www.jobinfocamer.com/job/34642/developpeur-java-angular-php-a-indyli-services,INDYLI-SERVICES,Douala,Full-time
2022-09-16,Développeur Android et Ios,https://www.jobinfocamer.com/job/34639/developpeur-android-et-ios-a-incc,INCC,Yaoundé,Part-time
2022-09-16,Développeur Informaticien,https://www.jobinfocamer.com/job/34644/developpeur-informaticien-a-entreprise-de-la-place,Entreprise de la place,Yaoundé,Part-time
2022-09-16,DEVELOPPEUR WEB,https://www.jobinfocamer.com/job/34656/developpeur-web-a-entreprise-de-la-place,Entreprise de la place,Douala,Part-time
2022-09-15,GROWTH HACKER,https://www.jobinfocamer.com/job/34617/growth-hacker-a-digital-management,Digital Management,Yaoundé,Full-time
2022-09-13,Développeur Python/Odoo,https://www.jobinfocamer.com/job/34589/developpeur-python-odoo-a-fast-lane-sarl,FAST LANE SARL,Yaoundé,Full-time
2022-09-13,INFORMATICIEN,https://www.jobinfocamer.com/job/34582/informaticien-a-entreprise-de-la-place,Entreprise de la place,Douala,Full-time
2022-09-06,Technicien Maintenance,https://www.jobinfocamer.com/job/34520/technicien-maintenance-a-matrix-telecoms,MATRIX TELECOMS,Douala,Internship
2022-09-06,Administrateur Réseaux,https://www.jobinfocamer.com/job/34518/administrateur-reseaux-a-matrix-telecoms,MATRIX TELECOMS,Yaoundé,Internship
2022-09-05,DEVELOPPEUR FULLSTACK,https://www.jobinfocamer.com/job/34510/developpeur-fullstack-a-moriset-sarl,MORISET SARL,Yaoundé,Full-time
2022-08-29,Développeur Web/Mobile Full Stack,https://www.jobinfocamer.com/job/34464/developpeur-web-mobile-full-stack-a-gta-cm,GTA-CM,Douala,Full-time
2022-08-27,Technicien Réseau,https://www.jobinfocamer.com/job/34453/technicien-reseau-a-twingo-sarl,Twingo SARL,Yaoundé,Internship
2022-08-18,MAINTENANCIER,https://www.jobinfocamer.com/job/34302/maintenancier-a-partners-for-information-sytems,PARTNERS FOR INFORMATION SYTEMS,Douala,Part-time
2022-08-10,Développeur web,https://www.jobinfocamer.com/job/34249/developpeur-web-a-esoaf,ESOAF,Yaoundé,Internship
2022-08-09,Développeur C# /.NET,https://www.jobinfocamer.com/job/34234/developpeur-c-net-a-multi-business-solutions,Multi Business Solutions,Yaoundé,Full-time
2022-08-06,Technicien Maintenance Informatique,https://www.jobinfocamer.com/job/34213/technicien-maintenance-informatique-a-rbs-holdings-sarl,RBS HOLDINGS SARL,Douala,Internship
2022-08-06,DEVELOPPEUR FULL STACK,https://www.jobinfocamer.com/job/34214/developpeur-full-stack-a-mediatronik-sarl,MEDIATRONIK SARL,Douala,Internship
2022-08-04,Développeur Full Stack,https://www.jobinfocamer.com/job/34189/developpeur-full-stack-a-gta-cm,GTA-CM,Douala,Full-time
2022-08-03,Développeur full stack,https://www.jobinfocamer.com/job/34175/developpeur-full-stack-a-big-data-solution,Big data solution,Yaoundé,Internship
2022-08-02,Data Manager,https://www.jobinfocamer.com/job/34167/data-manager-a-la-croix-rouge-camerounaise-et-la-croix-rouge-francaise,La Croix-Rouge camerounaise et la Croix-Rouge française,Kousséri - Extrême-Nord,Part-time
2022-08-01,GROWTH HACKER,https://www.jobinfocamer.com/job/34143/growth-hacker-a-digital-management,Digital management,Yaoundé,Full-time
2022-07-29,Développeur Web/Mobile,https://www.jobinfocamer.com/job/34110/developpeur-web-mobile-a-universal-software,UNIVERSAL SOFTWARE,Douala,Part-time
2022-07-28,STAGIAIRE SECURITE INFORMATIQUE,https://www.jobinfocamer.com/job/34099/stagiaire-securite-informatique-a-ltx-consulting,LTX CONSULTING,Douala,Internship
2022-07-23,Développeur Full Stack Java / Angular,https://www.jobinfocamer.com/job/34074/developpeur-full-stack-java-angular-a-softconfig,SoftConfig,Douala,Part-time
2022-07-21,INGENIEUR VIRTUALISATION VMWARE,https://www.jobinfocamer.com/job/34063/ingenieur-virtualisation-vmware-a-digital-management,Digital Management,Yaoundé,Full-time
2022-07-19,Enseignants Associés,https://www.jobinfocamer.com/job/34036/enseignants-associes-a-keyce-informatique,KEYCE INFORMATIQUE,Douala,Part-time
2022-07-11,Développeur Mobile Full Stack,https://www.jobinfocamer.com/job/33953/developpeur-mobile-full-stack-a-the-gourmet-discovery,The Gourmet Discovery,Yaoundé,Part-time
2022-07-01,ASSISTANT IT,https://www.jobinfocamer.com/job/33872/assistant-it-a-groupe-arno,Groupe ARNO,Yaoundé,Full-time
2022-06-29,Ingénieur Sécurité et Système,https://www.jobinfocamer.com/job/33862/ingenieur-securite-et-systeme-a-sprint-pay,SPRINT-PAY,Yaoundé,Full-time
2022-06-29,Ingénieur développeur Fullstack,https://www.jobinfocamer.com/job/33864/ingenieur-developpeur-fullstack-a-sprint-pay,SPRINT-PAY,Yaoundé,Full-time
2022-06-29,Développeur PHP,https://www.jobinfocamer.com/job/33863/developpeur-php-a-sprint-pay,SPRINT-PAY,Yaoundé,Full-time
2022-06-27,DEVELOPPEUR  WEB FULL STACK,https://www.jobinfocamer.com/job/33846/developpeur-web-full-stack-a-entreprise-de-la-place,Entreprise de la place,Awae ( à 40 km de Yaoundé),Full-time
2022-06-21,INGENIEUR INFORMATIQUE,https://www.jobinfocamer.com/job/33794/ingenieur-informatique-a-dohone-sa,DOHONE SA,Yaoundé,Full-time
2022-06-20,SUPERVISEUR IT,https://www.jobinfocamer.com/job/33778/superviseur-it-a-africa-food-manufacture-sa,AFRICA FOOD MANUFACTURE SA,Douala,Full-time
2022-06-15,IT Assistant,https://www.jobinfocamer.com/job/33722/it-assistant-a-conference-episcopale-nationale-du-cameroun,Conférence Episcopale Nationale du Cameroun,Yaoundé,Part-time
2022-06-15,IT Assistant,https://www.jobinfocamer.com/job/33721/it-assistant-a-national-episcopal-conference-of-cameroon,National Episcopal Conference of Cameroon,Yaoundé,Part-time
2022-06-07,WEBMASTER,https://www.jobinfocamer.com/job/33652/webmaster-a-paris-formations,PARIS FORMATIONS,Douala,Full-time
2022-06-06,Développeur BI/Big Data,https://www.jobinfocamer.com/job/33649/developpeur-bi-big-data-a-isnov-sarl,ISNOV SARL,Yaoundé,Internship
2022-05-31,Développeur Backend Laravel,https://www.jobinfocamer.com/job/33590/developpeur-backend-laravel-a-it-solutions-and-advisory-services-sarl,IT Solutions and Advisory Services SARL,Yaoundé,Full-time
2022-05-24,Développeur Fullstack,https://www.jobinfocamer.com/job/33500/developpeur-fullstack-a-smarter-corp,Smarter Corp,Yaoundé,Full-time
2022-05-23,CAD-Designer,https://www.jobinfocamer.com/job/33483/cad-designer-a-davca-sarl,DAVCA SARL,Yaoundé,Internship
2022-05-23,Technicien(ne) Informatique,https://www.jobinfocamer.com/job/33470/technicien-ne-informatique-a-queen-s-africa,Queen's Africa,Douala,Internship
2022-05-23,STAGIAIRES BI,https://www.jobinfocamer.com/job/33477/stagiaires-bi-a-davca-sarl,DAVCA SARL,Yaoundé,Internship
2022-05-23,Software Developer Interns,https://www.jobinfocamer.com/job/33484/software-developer-interns-a-davca-sarl,DAVCA SARL,Yaoundé,Internship
2022-05-23,IT INTERN,https://www.jobinfocamer.com/job/33496/it-intern-a-iita-cameroon,IITA Cameroon,Yaoundé,Internship
2022-05-21,Directeur des systèmes d'information,https://www.jobinfocamer.com/job/33455/directeur-des-systemes-d-information-a-etablissement-de-microfinance,Etablissement de Microfinance,Yaoundé,Full-time
2022-05-17,"Ingénieur de travaux Informatique, système et réseau",https://www.jobinfocamer.com/job/33427/ingenieur-de-travaux-informatique-systeme-et-reseau-a-madia-sarl,MADIA SARL,Yaoundé,Part-time
2022-05-10,GROWTH HACKER,https://www.jobinfocamer.com/job/33360/growth-hacker-a-digital-management,Digital Management,Yaoundé,Full-time
2022-05-10,DEVELOPPEUR BIG DATA/PYTHON SENIOR,https://www.jobinfocamer.com/job/33357/developpeur-big-data-python-senior-a-digital-management,Digital Management,Yaoundé,Full-time
2022-05-10,DIGITAL BRAND CONTENT MANAGER,https://www.jobinfocamer.com/job/33355/digital-brand-content-manager-a-digital-management,Digital Management,Yaoundé,Full-time
2022-05-10,DEVELOPPEUR FULL STACK,https://www.jobinfocamer.com/job/33346/developpeur-full-stack-a-digital-management,Digital Management,Yaoundé,Full-time
2022-05-09,INTEGRATEUR PYTHON,https://www.jobinfocamer.com/job/33325/integrateur-python-a-jgme-consulting-sarl,JGME Consulting SARL,Douala,Internship
2022-05-06,DEVELOPPEUR REACT,https://www.jobinfocamer.com/job/33309/developpeur-react-a-utecq,UTECQ,Yaoundé,Part-time
2022-05-05,INFORMATICIEN,https://www.jobinfocamer.com/job/33298/informaticien-a-entreprise-de-la-place,Entreprise de la place,Douala,Full-time
2022-05-03,DEVELOPPEUR ODOO WEB FRONT ET BACK,https://www.jobinfocamer.com/job/33287/developpeur-odoo-web-front-et-back-a-success-consults,SUCCESS CONSULTS,Douala,Full-time
2022-05-03,Développeur web et mobile,https://www.jobinfocamer.com/job/33285/developpeur-web-et-mobile-a-ntas-services,NTAS SERVICES,Douala,Full-time
2022-04-29,DÉVELOPPEURS WEB PHP 5,https://www.jobinfocamer.com/job/33254/developpeurs-web-php-5-a-success-consults,SUCCESS CONSULTS,Douala,Full-time
2022-04-27,Développeur full stack,https://www.jobinfocamer.com/job/33225/developpeur-full-stack-a-big-data-solution,Big Data Solution,Yaoundé,Internship
2022-04-26,Technicien Maintenance Informatique,https://www.jobinfocamer.com/job/33198/technicien-maintenance-informatique-a-sygalin-sas,SYGALIN SAS,Douala,Internship
2022-04-25,Développeur Full Stack PHP/Java/Python/.Net,https://www.jobinfocamer.com/job/33181/developpeur-full-stack-php-java-python-net-a-y-note-sarl,Y-NOTE Sarl,Yaoundé,Internship
2022-04-25,Développeur Web Stagiaire,https://www.jobinfocamer.com/job/33184/developpeur-web-stagiaire-a-entreprise-de-la-place,Entreprise de la place,Douala,Internship
2022-04-24,Développeur PHP,https://www.jobinfocamer.com/job/33176/developpeur-php-a-engie-soft-sarl,Engie Soft SARL,Douala,Part-time
2022-04-20,DEVELOPPEUR ODOO WEB FRONT ET BACK,https://www.jobinfocamer.com/job/33152/developpeur-odoo-web-front-et-back-a-success-consults,SUCCESS CONSULTS,Douala,Full-time
2022-04-14,ROLL OUT MANAGER,https://www.jobinfocamer.com/job/33095/roll-out-manager-a-sis-networking,SIS NETWORKING,Douala,Part-time
2022-04-13,Développeur WordPress,https://www.jobinfocamer.com/job/33078/developpeur-wordpress-a-entreprise-de-la-place,Entreprise de la place,Yaoundé,Part-time
2022-04-13,TECHNICIEN RESEAUX et TELECOMS,https://www.jobinfocamer.com/job/33073/technicien-reseaux-et-telecoms-a-sis-networking,SIS NETWORKING,Douala,Part-time
2022-04-12,Computer Support Officer,https://www.jobinfocamer.com/job/33067/computer-support-officer-a-loci-advisory-and-training,Loci Advisory and Training,Douala,Part-time
2022-04-09,DÉVELOPPEURS WEB FULLSTACK,https://www.jobinfocamer.com/job/33031/developpeurs-web-fullstack-a-mk-wbc,MK WBC,Douala,Internship
2022-04-08,Interns in computer and network maintenance,https://www.jobinfocamer.com/job/33026/interns-in-computer-and-network-maintenance-a-national-episcopal-conference-of-cameroon,National Episcopal Conference of Cameroon,Yaoundé,Internship
2022-04-08,Stagiaires Maintenance informatique et réseaux,https://www.jobinfocamer.com/job/33025/stagiaires-maintenance-informatique-et-reseaux-a-conference-episcopale-nationale-du-cameroun,Conférence Episcopale Nationale du Cameroun,Yaoundé,Internship
2022-04-07,Webmaster DIGITAL MARKETING,https://www.jobinfocamer.com/job/33005/webmaster-digital-marketing-a-afrikanet-gosat,AFRIKANET-GoSat,Bafoussam,Internship
2022-04-05,Chargé Suivi Evaluation Redevabilité,https://www.jobinfocamer.com/job/32990/charge-suivi-evaluation-redevabilite-a-la-croix-rouge-camerounaise-et-la-croix-rouge-francaise,La Croix-Rouge camerounaise et la Croix-Rouge française,Maroua,Part-time
2022-04-05,Développeur,https://www.jobinfocamer.com/job/32991/developpeur-a-entreprise-de-la-place,Entreprise de la place,Yaoundé,Full-time
2022-04-03,Développeur Fullstack,https://www.jobinfocamer.com/job/32955/developpeur-fullstack-a-smarter-corp,Smarter Corp,Télétravail,Full-time
2022-04-01,Développeur informatique,https://www.jobinfocamer.com/job/32944/developpeur-informatique-a-ads-ltd,ADS LTD,Douala,Internship
2022-03-30,Développeur/Développeuse Junior Web et Mobile,https://www.jobinfocamer.com/job/32912/developpeur-developpeuse-junior-web-et-mobile-a-businessone-sarl,BUSINESSONE SARL,Yaoundé,Full-time
2022-03-28,Test Engineer,https://www.jobinfocamer.com/job/32885/test-engineer-a-transsion-holdings,Transsion Holdings,Douala,Full-time
2022-03-19,DEVELOPPEUR FULL STACK,https://www.jobinfocamer.com/job/32758/developpeur-full-stack-a-sorepco-sa,SOREPCO SA,Douala,Full-time
2022-03-18,Développeur,https://www.jobinfocamer.com/job/32746/developpeur-a-entreprise-de-la-place,Entreprise de la place,Yaoundé,Full-time
2022-03-15,DEVELOPPEUR JAVA EXPERIMENTE,https://www.jobinfocamer.com/job/32722/developpeur-java-experimente-a-megatim-group,MEGATIM GROUP,Yaoundé,Part-time
2022-03-14,Développeur full stack,https://www.jobinfocamer.com/job/32709/developpeur-full-stack-a-digital-management,Digital Management,Douala,Full-time
2022-03-14,Formateur Digital,https://www.jobinfocamer.com/job/32705/formateur-digital-a-digital-management,Digital Management,Douala,Full-time
2022-03-14,Développeur Big Data/Python Senior,https://www.jobinfocamer.com/job/32691/developpeur-big-data-python-senior-a-digital-management,Digital management,Ngaoundéré,Full-time
2022-03-11,Développeur applications mobiles et web,https://www.jobinfocamer.com/job/32663/developpeur-applications-mobiles-et-web-a-wazi-innovative,Wazi Innovative,Douala,Part-time
2022-03-08,Web Developer,https://www.jobinfocamer.com/job/32642/web-developer-a-entreprise-de-la-place,Entreprise de la place,Douala,Part-time
2022-03-07,Formateur en Informatique,https://www.jobinfocamer.com/job/32631/formateur-en-informatique-a-epfa-pro,EPFA PRO,Douala,Full-time
2022-03-04,Software Developer,https://www.jobinfocamer.com/job/32613/software-developer-a-unics-plc-microfinance-institution,UNICS Plc. Microfinance Institution,Yaoundé,Full-time
2022-03-04,Développeur Full Stack,https://www.jobinfocamer.com/job/32602/developpeur-full-stack-a-advent-soft,ADVENT SOFT,Yaoundé,Internship
2022-03-03,TECHNICIEN RESEAUX et TELECOMS,https://www.jobinfocamer.com/job/32594/technicien-reseaux-et-telecoms-a-sis-networking,SIS NETWORKING,Douala,Part-time
2022-03-03,Développer Web,https://www.jobinfocamer.com/job/32590/developper-web-a-digital-gateway,Digital Gateway,Yaoundé,Full-time
2022-03-02,Gestionnaire de données et Cartographie,https://www.jobinfocamer.com/job/32574/gestionnaire-de-donnees-et-cartographie-a-action-contre-la-faim-acf-,Action Contre la Faim(ACF),Maroua,Part-time
2022-03-01,CARTOGRAPHE,https://www.jobinfocamer.com/job/32556/cartographe-a-action-contre-la-faim-acf-,Action Contre la Faim(ACF),Maroua,Part-time
2022-02-22,Consultant technique SAP ABAP,https://www.jobinfocamer.com/job/32476/consultant-technique-sap-abap-a-vss-suarl,VSS SUARL,Douala,Full-time
2022-02-20,DATA MANAGER,https://www.jobinfocamer.com/job/32446/data-manager-a-conference-episcopale-nationale-du-cameroun,Conférence Episcopale Nationale du Cameroun,Yaoundé,Part-time
2022-02-20,DATA MANAGER,https://www.jobinfocamer.com/job/32445/data-manager-a-national-episcopal-conference-of-cameroon,National Episcopal Conference of Cameroon,Yaoundé,Part-time
2022-02-18,Web and UI/UX Designer,https://www.jobinfocamer.com/job/32434/web-and-ui-ux-designer-a-engie-soft-sarl,Engie Soft SARL,Douala,Full-time
2022-02-16,IT Administrator Junior,https://www.jobinfocamer.com/job/32401/it-administrator-junior-a-entreprise-de-la-place,Entreprise de la place,Yaoundé,Part-time
2022-02-14,Ingénieur Automaticien des tests applicatifs,https://www.jobinfocamer.com/job/32382/ingenieur-automaticien-des-tests-applicatifs-a-solutions-rh-emploi-sarl,SOLUTIONS RH+ EMPLOI SARL,Douala,Full-time
2022-02-09,Ingénieur Informatique développeur,https://www.jobinfocamer.com/job/32347/ingenieur-informatique-developpeur-a-dohone-sa,DOHONE SA,Yaoundé,Full-time
2022-02-08,Backend Developer,https://www.jobinfocamer.com/job/32335/backend-developer-a-teugnology-sarl,TEUGNOLOGY SARL,Yaoundé,Part-time
2022-02-07,Développeur Full Stack PHP/Java/Python/.Net,https://www.jobinfocamer.com/job/32308/developpeur-full-stack-php-java-python-net-a-y-note-sarl,Y-NOTE Sarl,Yaoundé,Internship
2022-02-01,Cloud Software Architect,https://www.jobinfocamer.com/job/32240/cloud-software-architect-a-trok-solutions-inc-,Trok Solutions Inc.,Douala,Full-time
2022-01-31,INFORMATICIEN,https://www.jobinfocamer.com/job/32225/informaticien-a-entreprise-de-la-place,Entreprise de la place,Douala,Full-time
2022-01-31,TECHNICIEN BUREAU D'ETUDE,https://www.jobinfocamer.com/job/32218/technicien-bureau-d-etude-a-servitel,SERVITEL,Douala,Full-time
2022-01-31,Techniciens en Informatique,https://www.jobinfocamer.com/job/32214/techniciens-en-informatique-a-entreprise-de-la-place,Entreprise de la place,Douala,Full-time
2022-01-20,CHARGE D'ÉTUDE ET DE CONCEPTION,https://www.jobinfocamer.com/job/32079/charge-d-etude-et-de-conception-a-right-performance,RIGHT PERFORMANCE,Douala,Full-time
2022-01-20,RESPONSABLE DES OPERATIONS IT,https://www.jobinfocamer.com/job/32076/responsable-des-operations-it-a-right-performance,RIGHT PERFORMANCE,Douala,Full-time
2022-01-20,DEVELOPPEUR WEB,https://www.jobinfocamer.com/job/32071/developpeur-web-a-adwa-sarl,ADWA SARL,Douala,Full-time
2022-01-18,Développeur Big Data/Python-ElasticSearch Sénior,https://www.jobinfocamer.com/job/32044/developpeur-big-data-python-elasticsearch-senior-a-digital-management,Digital management,Douala,Full-time
2022-01-18,PHP/Laravel Developer,https://www.jobinfocamer.com/job/32033/php-laravel-developer-a-trok-solutions-inc-,Trok Solutions Inc.,Douala,Part-time
2022-01-17,Développeurs FullStack,https://www.jobinfocamer.com/job/32011/developpeurs-fullstack-a-rhopen-labs,RHOPEN LABS,Douala,Full-time
2022-01-07,"Développeur Javascript, Python, PHP, Css",https://www.jobinfocamer.com/job/31905/developpeur-javascript-python-php-css-a-utecq,UTECQ,Yaoundé,Internship
2022-01-06,TECHNICO COMMERCIAL en INFORMATIQUE,https://www.jobinfocamer.com/job/31880/technico-commercial-en-informatique-a-sorepco-sa,SOREPCO SA,Douala,Full-time
2022-01-03,Développeur Web,https://www.jobinfocamer.com/job/31849/developpeur-web-a-donsyl,DONSYL,Yaoundé,Internship
2021-12-30,Programmeur,https://www.jobinfocamer.com/job/31832/programmeur-a-entreprise-de-la-place,Entreprise de la place,Douala,Internship
2021-12-28,Développeur Big Data/Python-ElasticSearch Senior,https://www.jobinfocamer.com/job/31804/developpeur-big-data-python-elasticsearch-senior-a-digital-management,DIGITAL MANAGEMENT,Yaoundé,Full-time
2021-12-24,FORMATEUR EN DEVELOPPEMENT MOBILE,https://www.jobinfocamer.com/job/31783/formateur-en-developpement-mobile-a-bsk-xcenter,BSK XCENTER,Douala,Part-time
2021-12-24,FORMATEUR EN DEVELOPPEMENT BACKEND,https://www.jobinfocamer.com/job/31782/formateur-en-developpement-backend-a-bsk-xcenter,BSK XCENTER,Douala,Part-time
2021-12-22,Chef de projet digital,https://www.jobinfocamer.com/job/31754/chef-de-projet-digital-a-digital-management,Digital Management,Yaoundé,Full-time
2021-12-22,Ingénieur Télécom,https://www.jobinfocamer.com/job/31739/ingenieur-telecom-a-solutions-rh-emploi-sarl,SOLUTIONS RH+ EMPLOI SARL,Douala,Full-time
2021-12-22,Ingénieur infrastructure et solutions IP,https://www.jobinfocamer.com/job/31738/ingenieur-infrastructure-et-solutions-ip-a-solutions-rh-emploi-sarl,SOLUTIONS RH+ EMPLOI SARL,Douala,Full-time
2021-12-19,Contrôleur IT,https://www.jobinfocamer.com/job/31705/controleur-it-a-advans-cameroun,ADVANS CAMEROUN,Douala,Full-time
2021-12-16,Chef de projet digital,https://www.jobinfocamer.com/job/31670/chef-de-projet-digital-a-digital-management,Digital management,Douala,Full-time
2021-12-16,DEVELOPPEUR PYTHON et ODOO,https://www.jobinfocamer.com/job/31667/developpeur-python-et-odoo-a-cames,CAMES,Yaoundé,Full-time
2021-12-15,Développeur(se) Mobile Flutter,https://www.jobinfocamer.com/job/31663/developpeur-se-mobile-flutter-a-cames,CAMES,Yaoundé,Full-time
2021-12-13,Analyste programmeur,https://www.jobinfocamer.com/job/31619/analyste-programmeur-a-expert3dev-sarl,Expert3dev SARL,Yaoundé,Full-time
2021-12-07,Consultant technico-fonctionnel SAP ABAP,https://www.jobinfocamer.com/job/31554/consultant-technico-fonctionnel-sap-abap-a-veotys-sarl,VEOTYS SARL,Douala,Internship
2021-12-07,Expert Senior (Chef de mission)   Assistance Technique,https://www.jobinfocamer.com/job/31559/expert-senior-chef-de-mission-assistance-technique-a-ecole-nationale-superieure-polytechnique-de-yaounde-enspy-,Ecole Nationale Supérieure Polytechnique de Yaoundé (ENSPY),Yaoundé,Part-time
2021-12-04,Développeur WordPress,https://www.jobinfocamer.com/job/31522/developpeur-wordpress-a-start-up,Start-Up,Douala,Full-time
2021-12-01,Chargé SEO,https://www.jobinfocamer.com/job/31476/charge-seo-a-digital-management,Digital management,Yaoundé,Full-time
2021-11-29,Expert en base de données,https://www.jobinfocamer.com/job/31456/expert-en-base-de-donnees-a-entreprise-de-la-place,Entreprise de la place,Douala,Part-time
2021-11-26,Expert Junior 1   Assistance Technique,https://www.jobinfocamer.com/job/31435/expert-junior-1-assistance-technique-a-ecole-nationale-superieure-polytechnique-de-yaounde-enspy-,Ecole Nationale Supérieure Polytechnique de Yaoundé (ENSPY),Yaoundé,Part-time
2021-11-24,Expert en audit des systèmes d'informations,https://www.jobinfocamer.com/job/31400/expert-en-audit-des-systemes-d-informations-a-particulier,Particulier,Yaoundé,Part-time
2021-11-22,Développeur Front End VueJS/Vuetify,https://www.jobinfocamer.com/job/31382/developpeur-front-end-vuejs-vuetify-a-engie-soft-sarl,Engie Soft SARL,Douala,Part-time
2021-11-22,Développeur PYTHON/DJANGO,https://www.jobinfocamer.com/job/31380/developpeur-python-django-a-esoaf,ESOAF,Yaoundé,Internship
2021-11-19,Développeur BI/Big Data,https://www.jobinfocamer.com/job/31364/developpeur-bi-big-data-a-isnov-sarl,ISNOV SARL,Yaoundé,Part-time
2021-11-16,Auditeur Sécurité Informatique,https://www.jobinfocamer.com/job/31325/auditeur-securite-informatique-a-particulier,Particulier,Douala,Full-time
2021-11-15,Formateur Digital,https://www.jobinfocamer.com/job/31309/formateur-digital-a-digital-management,Digital Management,Douala,Full-time
2021-11-10,CHARGE.E IT,https://www.jobinfocamer.com/job/31254/charge-e-it-a-giz,GIZ,Garoua,Part-time
2021-11-09,Intégrateur web,https://www.jobinfocamer.com/job/31252/integrateur-web-a-protaiin,PROTAIIN,Douala,Part-time
2021-11-09,SOFWARE ENGINEERING LECTURER,https://www.jobinfocamer.com/job/31245/sofware-engineering-lecturer-a-british-higher-institute-of-science-and-technology,BRITISH HIGHER INSTITUTE OF SCIENCE AND TECHNOLOGY,Douala,Part-time
2021-11-08,Développeurs FullStack,https://www.jobinfocamer.com/job/31223/developpeurs-fullstack-a-moriset-sarl,MORISET SARL,Yaoundé,Full-time
2021-11-08,Data Manager,https://www.jobinfocamer.com/job/31232/data-manager-a-la-croix-rouge-camerounaise-et-la-croix-rouge-francaise,La Croix-Rouge camerounaise et la Croix-Rouge française,Maroua,Part-time
2021-11-05,CHARGES DES DONNEES MEDICALES,https://www.jobinfocamer.com/job/31212/charges-des-donnees-medicales-a-medecins-sans-frontieres,MEDECINS SANS FRONTIERES,Mora,Part-time
2021-11-03,INFORMATICIEN - FORMATEUR,https://www.jobinfocamer.com/job/31175/informaticien-formateur-a-epfa-pro,EPFA PRO,Douala,Full-time
2021-11-02,WEBDESIGNER SENIOR,https://www.jobinfocamer.com/job/31161/webdesigner-senior-a-megasoft-sarl,MEGASOFT SARL,Douala,Part-time
2021-11-01,Responsable Système d'Information,https://www.jobinfocamer.com/job/31133/responsable-systeme-d-information-a-entreprise-de-la-place,Entreprise de la place,Douala,Full-time
2021-10-27,DEVELOPPEUSE WEB,https://www.jobinfocamer.com/job/31083/developpeuse-web-a-kts-consulting,KTS Consulting,Yaoundé,Full-time
2021-10-26,DEVELLOPEUR FULL STACK,https://www.jobinfocamer.com/job/31068/devellopeur-full-stack-a-appfabrik,APPFABRIK,Douala,Part-time
2021-10-25,TECHNICO COMMERCIAL,https://www.jobinfocamer.com/job/31044/technico-commercial-a-sorepco-sa,SOREPCO SA,Douala,Full-time
2021-10-24,Chef de projet de gestion électronique de courriers et d'archivage,https://www.jobinfocamer.com/job/31041/chef-de-projet-de-gestion-electronique-de-courriers-et-d-archivage-a-entreprise-de-la-place,Entreprise de la place,Douala,Full-time
2021-10-24,Information Systems Security Watch Engineer,https://www.jobinfocamer.com/job/31040/information-systems-security-watch-engineer-a-afriland-first-bank,Afriland First Bank,Yaoundé,Full-time
2021-10-24,Ingénieur Veille Sécurité des Systèmes d'information,https://www.jobinfocamer.com/job/31039/ingenieur-veille-securite-des-systemes-d-information-a-afriland-first-bank,Afriland First Bank,Yaoundé,Full-time
2021-10-24,Cyber Security Engineer,https://www.jobinfocamer.com/job/31038/cyber-security-engineer-a-afriland-first-bank,Afriland First Bank,Yaoundé,Full-time
2021-10-24,Ingénieur en Charge de la Cybersécurité,https://www.jobinfocamer.com/job/31037/ingenieur-en-charge-de-la-cybersecurite-a-afriland-first-bank,Afriland First Bank,Yaoundé,Full-time
2021-10-22,Officier GIS/IT,https://www.jobinfocamer.com/job/31026/officier-gis-it-a-international-ngo-safety-organisation,INTERNATIONAL NGO SAFETY ORGANISATION,Yaoundé,Part-time
2021-10-21,Développeur Odoo,https://www.jobinfocamer.com/job/30999/developpeur-odoo-a-afreetech,AFREETECH,Yaoundé,Part-time
2021-10-20,DEVELOPPEUR FULL STACK,https://www.jobinfocamer.com/job/30984/developpeur-full-stack-a-socomar,SOCOMAR,Douala,Internship
2021-10-20,Développeur/Opérationnel (DevOps) python / Linux,https://www.jobinfocamer.com/job/30979/developpeur-operationnel-devops-python-linux-a-entreprise-de-la-place,Entreprise de la place,Yaoundé,Full-time
2021-10-20,Développeur WordPress Expérimenté,https://www.jobinfocamer.com/job/30976/developpeur-wordpress-experimente-a-multi-business-solutions,Multi Business Solutions,Yaoundé,Part-time
2021-10-19,C# Software Developer,https://www.jobinfocamer.com/job/30970/c-software-developer-a-corpecca,Corpecca,Douala,Full-time
2021-10-18,Ingénieur Administration d applications et BD,https://www.jobinfocamer.com/job/30965/ingenieur-administration-d-applications-et-bd-a-entreprise-de-la-place,Entreprise de la place,Yaoundé,Full-time
2021-10-18,Ingénieur Système et Infrastructure,https://www.jobinfocamer.com/job/30964/ingenieur-systeme-et-infrastructure-a-entreprise-de-la-place,Entreprise de la place,Yaoundé,Full-time
2021-10-16,Développeur Front End expérimenté,https://www.jobinfocamer.com/job/30957/developpeur-front-end-experimente-a-ranites-sarl,Ranites SARL,Yaoundé,Full-time
2021-10-11,Développeur Javascript,https://www.jobinfocamer.com/job/30931/developpeur-javascript-a-pntec-ltd,PNTEC Ltd,Yaoundé,Part-time
2021-10-08,Support Technique Informatique,https://www.jobinfocamer.com/job/30912/support-technique-informatique-a-advance-it-group,ADVANCE IT GROUP,Yaoundé,Part-time
2021-10-05,Développeur JAVA/ANGULAR,https://www.jobinfocamer.com/job/30868/developpeur-java-angular-a-indyli-services,INDYLI-SERVICES,Douala,Internship
2021-10-04,Développeur Full Stack PHP/Java/Python/.Net,https://www.jobinfocamer.com/job/30861/developpeur-full-stack-php-java-python-net-a-y-note-sarl,Y-NOTE Sarl,Yaoundé,Internship
2021-10-04,Assistant Système d Information et de Gestion,https://www.jobinfocamer.com/job/30859/assistant-systeme-d-information-et-de-gestion-a-advans-cameroun,ADVANS CAMEROUN,Douala,Part-time
2021-10-02,System Officer (Import-Export),https://www.jobinfocamer.com/job/30847/system-officer-import-export--a-homepro-cameroon-limited,HOMEPRO CAMEROON LIMITED,Douala,Part-time
2021-09-30,TECHNICIEN RÉSEAUX INFORMATIQUE ET SÉCURITÉ ELECTRONIQUE,https://www.jobinfocamer.com/job/30815/technicien-reseaux-informatique-et-securite-electronique-a-servitel,SERVITEL,Douala,Full-time
2021-09-29,Formateur Anglophone en Informatique,https://www.jobinfocamer.com/job/30791/formateur-anglophone-en-informatique-a-epfa-pro,EPFA PRO,Douala,Part-time
2021-09-28,C# Developer,https://www.jobinfocamer.com/job/30775/c-developer-a-corpecca,Corpecca,Douala,Part-time
2021-09-27,Développeur JAVA EE,https://www.jobinfocamer.com/job/30768/developpeur-java-ee-a-ufi-payment-solutions,UFI PAYMENT SOLUTIONS,Yaoundé,Internship
2021-09-22,RESPONSABLE DES OPERATIONS IT,https://www.jobinfocamer.com/job/30713/responsable-des-operations-it-a-entreprise-de-la-place,Entreprise de la place,Douala,Full-time
2021-09-21,Plusieurs Postes à Pourvoir,https://www.jobinfocamer.com/job/30703/plusieurs-postes-a-pourvoir-a-megasoft-sarl,MEGASOFT SARL,Yaoundé,Part-time
2021-09-21,Développeur Mobile Flutter,https://www.jobinfocamer.com/job/30700/developpeur-mobile-flutter-a-it-solutions-and-advisory-services-sarl,IT Solutions and Advisory Services SARL,Yaoundé,Internship
2021-09-17,Développeur WEB,https://www.jobinfocamer.com/job/30671/developpeur-web-a-udevstudio,UDevStudio,Douala,Internship
2021-09-17,PROJET MANAGER,https://www.jobinfocamer.com/job/30664/projet-manager-a-cames,CAMES,Yaoundé,Full-time
2021-09-17,Développeur WEB / WEBMASTER,https://www.jobinfocamer.com/job/30650/developpeur-web-webmaster-a-elite-consulting,ELITE CONSULTING,Douala,Full-time
2021-09-15,Technician,https://www.jobinfocamer.com/job/30616/technician-a-carlcare-sarl,Carlcare Sarl,Bafoussam,Full-time
2021-09-14,Sales Manager West Africa,https://www.jobinfocamer.com/job/30589/sales-manager-west-africa-a-rascomstar-qaf,RascomStar-QAF,Douala,Part-time
2021-09-08,Développeur Web,https://www.jobinfocamer.com/job/30546/developpeur-web-a-ecole-privee,Ecole Privée,Yaoundé,Internship
2021-09-05,Front End developer AngularJs,https://www.jobinfocamer.com/job/30523/front-end-developer-angularjs-a-olydis,OLYDIS,Douala,Internship
2021-09-05,Java full stack Developer,https://www.jobinfocamer.com/job/30522/java-full-stack-developer-a-olydis,OLYDIS,Douala,Internship
2021-09-04,FORMATEUR EN OUTILS BUREAUTIQUES,https://www.jobinfocamer.com/job/30516/formateur-en-outils-bureautiques-a-solidarite-technologique,SOLIDARITE TECHNOLOGIQUE,Yaoundé,Part-time
2021-09-03,Développeur Flutter,https://www.jobinfocamer.com/job/30509/developpeur-flutter-a-it-services,IT SERVICES,Yaoundé,Full-time
2021-09-01,Chef de projet IT,https://www.jobinfocamer.com/job/30494/chef-de-projet-it-a-it-services,IT SERVICES,Yaoundé,Full-time
2021-08-31,FULL STACK DEVELOPPER ANALYST,https://www.jobinfocamer.com/job/30491/full-stack-developper-analyst-a-axxentis-sarl,Axxentis Sarl,Yaoundé,Internship
2021-08-30,C# Software Developer,https://www.jobinfocamer.com/job/30482/c-software-developer-a-corpecca,Corpecca,Douala,Internship
2021-08-30,DEVELOPPEUR FULL STACK,https://www.jobinfocamer.com/job/30476/developpeur-full-stack-a-solem-sarl,SOLEM SARL,Douala,Internship
2021-08-28,Solutions cloud et sécurité,https://www.jobinfocamer.com/job/30472/solutions-cloud-et-securite-a-cloudover-cameroun,CLOUDOVER CAMEROUN,Douala,Internship
2021-08-28,Expert Wordpress / Photoshop Graphic design,https://www.jobinfocamer.com/job/30471/expert-wordpress-photoshop-graphic-design-a-cloudover-cameroun,CLOUDOVER CAMEROUN,Douala,Full-time
2021-08-28,Cloud Solutions and Security,https://www.jobinfocamer.com/job/30470/cloud-solutions-and-security-a-cloudover-cameroun,CLOUDOVER CAMEROUN,Douala,Internship
2021-08-28,Expert Wordpress / Photoshop Graphisme,https://www.jobinfocamer.com/job/30469/expert-wordpress-photoshop-graphisme-a-cloudover-cameroun,CLOUDOVER CAMEROUN,Douala,Full-time
2021-08-27,Superviseur Projets IT,https://www.jobinfocamer.com/job/30463/superviseur-projets-it-a-advans-cameroun,ADVANS CAMEROUN,Douala,Full-time
2021-08-25,Ingénieur Développeur FRONT END ANGULAR,https://www.jobinfocamer.com/job/30451/ingenieur-developpeur-front-end-angular-a-sprint-pay,SPRINT-PAY,Yaoundé,Part-time
2021-08-25,GESTIONNAIRE D APPLICATION SOPRA BANKING SOFTWARE,https://www.jobinfocamer.com/job/30445/gestionnaire-d-application-sopra-banking-software-a-ufi-payment-solutions,UFI PAYMENT SOLUTIONS,Yaoundé,Full-time
2021-08-25,ADMINISTRATEUR DE BASE DE DONNEES,https://www.jobinfocamer.com/job/30444/administrateur-de-base-de-donnees-a-ufi-payment-solutions,UFI PAYMENT SOLUTIONS,Yaoundé,Full-time
2021-08-24,Développeur full stack,https://www.jobinfocamer.com/job/30428/developpeur-full-stack-a-it-services,IT SERVICES,Yaoundé,Full-time
2021-08-24,Testeur logiciel,https://www.jobinfocamer.com/job/30429/testeur-logiciel-a-sprint-pay,SPRINT-PAY,Yaoundé,Part-time
2021-08-20,Ingénieur Sécurité et Système,https://www.jobinfocamer.com/job/30385/ingenieur-securite-et-systeme-a-sprint-pay,SPRINT-PAY,Yaoundé,Part-time
2021-08-19,Développeur Back-End Expérimenté,https://www.jobinfocamer.com/job/30375/developpeur-back-end-experimente-a-high-tech,High-Tech,Yaoundé,Part-time
2021-08-17,Formateur en maintenance Informatique,https://www.jobinfocamer.com/job/30341/formateur-en-maintenance-informatique-a-solidarite-technologique,SOLIDARITE TECHNOLOGIQUE,Yaoundé,Full-time
2021-08-17,Développeur Web/Mobile Full Stack,https://www.jobinfocamer.com/job/30337/developpeur-web-mobile-full-stack-a-entreprise-de-la-place,Entreprise de la place,Douala,Full-time
2021-08-14,FORMATEUR EN OUTILS BUREAUTIQUES,https://www.jobinfocamer.com/job/30320/formateur-en-outils-bureautiques-a-solidarite-technologique,SOLIDARITE TECHNOLOGIQUE,Yaoundé,Part-time
2021-08-13,Datacenter Infrastructure Network and Security Product Manager,https://www.jobinfocamer.com/job/30312/datacenter-infrastructure-network-and-security-product-manager-a-wise-computers,WISE COMPUTERS,Douala,Full-time
2021-08-12,Python/Odoo Developer,https://www.jobinfocamer.com/job/30308/python-odoo-developer-a-corpecca,Corpecca,Douala,Part-time
2021-08-12,Assistant Project Manager,https://www.jobinfocamer.com/job/30305/assistant-project-manager-a-corpecca,Corpecca,Douala,Part-time
2021-08-09,Développeur Front-End en React.js,https://www.jobinfocamer.com/job/30260/developpeur-front-end-en-react-js-a-tejiz-sarl,TEJIZ Sarl,Yaoundé,Internship
2021-08-04,Stages Académiques,https://www.jobinfocamer.com/job/30218/stages-academiques-a-kola-group,KOLA GROUP,Douala,Internship
2021-08-03,Responsable de la sécurité du Système d'Information,https://www.jobinfocamer.com/job/30195/responsable-de-la-securite-du-systeme-d-information-a-aveliance-conseil,Aveliance Conseil,Lomé,Full-time
2021-07-30,IT MANAGER,https://www.jobinfocamer.com/job/30157/it-manager-a-coalition-de-la-societe-civile-du-cameroun-pour-la-sante,COALITION DE LA SOCIETE CIVILE DU CAMEROUN POUR LA SANTE,Yaoundé,Part-time
2021-07-30,Développeur SYMFONY,https://www.jobinfocamer.com/job/30150/developpeur-symfony-a-entreprise-de-la-place,Entreprise de la place,Yaoundé,Part-time
2021-07-29,Développeur Python and ODOO,https://www.jobinfocamer.com/job/30144/developpeur-python-and-odoo-a-it-services,IT SERVICES,Yaoundé,Full-time
2021-07-29,DEVELOPPEURS MOBILES,https://www.jobinfocamer.com/job/30147/developpeurs-mobiles-a-entreprise-de-la-place,Entreprise de la place,Yaoundé,Full-time
2021-07-26,Développeur Full Stack PHP/Python,https://www.jobinfocamer.com/job/30088/developpeur-full-stack-php-python-a-y-note-sarl,Y-NOTE Sarl,Yaoundé,Full-time
2021-07-21,Senior Consultant,https://www.jobinfocamer.com/job/30019/senior-consultant-a-mboa-digital,MBOA DIGITAL,Yaoundé,Full-time
2021-07-14,WEB/GRAPHIC Designer,https://www.jobinfocamer.com/job/29945/web-graphic-designer-a-entreprise-de-la-place,Entreprise de la place,Yaoundé,Full-time
2021-07-12,Développeur de site web et d application web/mobile,https://www.jobinfocamer.com/job/29919/developpeur-de-site-web-et-d-application-web-mobile-a-isas-sarl,ISAS SARL,Douala,Full-time
2021-07-11,Développeurs Full Stack,https://www.jobinfocamer.com/job/29913/developpeurs-full-stack-a-entreprise-de-la-place,Entreprise de la place,Yaoundé,Part-time
2021-07-09,COMMERCIAL,https://www.jobinfocamer.com/job/29899/commercial-a-css-engineering,CSS-ENGINEERING,Douala,Internship
2021-07-08,FULL STACK DEVELOPER,https://www.jobinfocamer.com/job/29893/full-stack-developer-a-axxentis-sarl,Axxentis Sarl,Yaoundé,Part-time
2021-07-06,Développeur Back-end,https://www.jobinfocamer.com/job/29866/developpeur-back-end-a-ufi-payment-solutions,UFI PAYMENT SOLUTIONS,Yaoundé,Part-time
2021-07-05,UI/UX DESIGNER,https://www.jobinfocamer.com/job/29853/ui-ux-designer-a-madia-sarl,MADIA SARL,Yaoundé,Full-time
2021-07-05,Développeur frontend web,https://www.jobinfocamer.com/job/29838/developpeur-frontend-web-a-ufi-payment-solutions,UFI PAYMENT SOLUTIONS,Yaoundé,Full-time
2021-07-05,Développeurs Web Et Un Développeur Mobile,https://www.jobinfocamer.com/job/29833/developpeurs-web-et-un-developpeur-mobile-a-tagus-drone,Tagus Drone,Yaoundé,Part-time
2021-07-03,DEVELOPPEUR WEB EXPERT EN SEO,https://www.jobinfocamer.com/job/29825/developpeur-web-expert-en-seo-a-entreprise-de-la-place,Entreprise de la place,Yaoundé,Full-time
2021-07-01,Développeur,https://www.jobinfocamer.com/job/29796/developpeur-a-seinova-sarl,Seinova Sarl,Yaoundé,Full-time
2021-06-29,Développeur JAVA EE Senior expérimenté,https://www.jobinfocamer.com/job/29775/developpeur-java-ee-senior-experimente-a-ufi-payment-solutions,UFI PAYMENT SOLUTIONS,Yaoundé,Full-time
2021-06-24,Intégrateur Web/ Angular,https://www.jobinfocamer.com/job/29720/integrateur-web-angular-a-afrologix,AFROLOGIX,Yaoundé,Part-time
2021-06-22,DEVELOPPEURS WEB ET MOBILES,https://www.jobinfocamer.com/job/29687/developpeurs-web-et-mobiles-a-entreprise-de-la-place,Entreprise de la place,Yaoundé,Full-time
2021-06-22,Développeur Web,https://www.jobinfocamer.com/job/29693/developpeur-web-a-oryx-consulting-finance-engineering-,Oryx Consulting (Finance & Engineering),Douala,Internship
2021-06-18,STAGE en développement informatique,https://www.jobinfocamer.com/job/29666/stage-en-developpement-informatique-a-ads-ltd,ADS LTD,Douala,Internship
2021-06-15,TECHNICIEN RESEAU ET TELECOM,https://www.jobinfocamer.com/job/29624/technicien-reseau-et-telecom-a-entreprise-de-la-place,Entreprise de la place,Yaoundé,Part-time
2021-06-11,Web designer,https://www.jobinfocamer.com/job/29571/web-designer-a-d-p-c-s-a,D.P.C S.A,Yaoundé,Full-time
2021-06-09,Développeur mobile et Laravel,https://www.jobinfocamer.com/job/29554/developpeur-mobile-et-laravel-a-foza-services,Foza Services,Douala,Full-time
2021-06-09,Développeur confirmé Java/Angular/PHP,https://www.jobinfocamer.com/job/29540/developpeur-confirme-java-angular-php-a-indyli-services,INDYLI-SERVICES,Douala,Full-time
2021-06-08,Développeur logiciel TFT Displays C++,https://www.jobinfocamer.com/job/29523/developpeur-logiciel-tft-displays-c--a-takenco,TAKENCO,Yaoundé,Full-time
2021-06-08,Développeur Senior Firmware Baseboards - C et C++ H/F,https://www.jobinfocamer.com/job/29521/developpeur-senior-firmware-baseboards-c-et-c-h-f-a-takenco,TAKENCO,Yaoundé,Full-time
2021-06-08,Display Software Developer C++,https://www.jobinfocamer.com/job/29522/display-software-developer-c--a-takenco,TAKENCO,Yaoundé,Full-time
2021-06-08,Senior Firmware Developer Baseboards - C and C++ M/F,https://www.jobinfocamer.com/job/29520/senior-firmware-developer-baseboards-c-and-c-m-f-a-takenco,TAKENCO,Yaoundé,Full-time
2021-06-08,Team Lead Senior Software Development C++,https://www.jobinfocamer.com/job/29524/team-lead-senior-software-development-c--a-takenco,TAKENCO,Yaoundé,Full-time
2021-06-08,Chef d'équipe Développement logiciel senior C++,https://www.jobinfocamer.com/job/29525/chef-d-equipe-developpement-logiciel-senior-c--a-takenco,TAKENCO,Yaoundé,Full-time
2021-06-08,DEVELOPPEUR,https://www.jobinfocamer.com/job/29529/developpeur-a-css-engineering,CSS-ENGINEERING,Douala,Internship
2021-06-07,Développeur Mobile,https://www.jobinfocamer.com/job/29499/developpeur-mobile-a-envase-group,Envase Group,Douala,Full-time
2021-06-02,Ingénieur Support Applicatif N1/N2,https://www.jobinfocamer.com/job/29462/ingenieur-support-applicatif-n1-n2-a-issm,ISSM,Douala,Full-time
2021-06-02,Développeur PYTHON/DJANGO,https://www.jobinfocamer.com/job/29459/developpeur-python-django-a-esoaf,ESOAF,Yaoundé,Internship
2021-06-02,ADMINISTRATEUR SYSTEMES ET RESEAUX,https://www.jobinfocamer.com/job/29456/administrateur-systemes-et-reseaux-a-camix,CAMIX,Douala,Full-time
2021-06-01,Informaticiens,https://www.jobinfocamer.com/job/29443/informaticiens-a-ongeek,ONGEEK,Douala,Full-time
2021-05-31,DEVELOPPEUR WEB FRONT END ET BACK-END,https://www.jobinfocamer.com/job/29433/developpeur-web-front-end-et-back-end-a-smartworld,SMARTWORLD,Douala,Full-time
2021-05-30,Développeur web junior,https://www.jobinfocamer.com/job/29430/developpeur-web-junior-a-ets-nobisoft,ETS NOBISOFT,Douala,Internship
2021-05-29,Développeur Mobile Junior,https://www.jobinfocamer.com/job/29426/developpeur-mobile-junior-a-ufi-payment-solutions,UFI Payment Solutions,Yaoundé,Part-time
2021-05-27,IT Developper,https://www.jobinfocamer.com/job/29409/it-developper-a-clinkast,CLINKAST,Douala,Full-time
2021-05-26,Directeur Technique,https://www.jobinfocamer.com/job/29397/directeur-technique-a-fai-au-tchad,FAI au Tchad,"N'djamena, Tchad",Part-time
2021-05-26,Administrateur réseau IP/EPC et Sécurité,https://www.jobinfocamer.com/job/29396/administrateur-reseau-ip-epc-et-securite-a-fai-au-tchad,FAI au Tchad,"N'djamena, Tchad",Part-time
2021-05-25,INGENIEURS SOLUTIONS,https://www.jobinfocamer.com/job/29384/ingenieurs-solutions-a-entreprise-de-tic,ENTREPRISE DE TIC,Yaoundé,Full-time
2021-05-25,INGENIEUR RESEAUX/TELECOMS,https://www.jobinfocamer.com/job/29386/ingenieur-reseaux-telecoms-a-entreprise-de-tic,ENTREPRISE DE TIC,Yaoundé,Full-time
2021-05-25,Développeur,https://www.jobinfocamer.com/job/29393/developpeur-a-getel,GETEL,Douala,Internship
2021-05-25,INGENIEUR EN INFORMATIQUE,https://www.jobinfocamer.com/job/29387/ingenieur-en-informatique-a-entreprise-de-tic,ENTREPRISE DE TIC,Yaoundé,Full-time
2021-05-25,Ingénieur Etudes et Développement JAVA,https://www.jobinfocamer.com/job/29394/ingenieur-etudes-et-developpement-java-a-megatim-group,MEGATIM GROUP,Yaoundé,Part-time
2021-05-18,Administrateur Système et Réseau,https://www.jobinfocamer.com/job/29294/administrateur-systeme-et-reseau-a-advance-it-group,ADVANCE IT GROUP,Yaoundé,Internship
2021-05-18,Full Stack DÉVELOPPEUR,https://www.jobinfocamer.com/job/29293/full-stack-developpeur-a-pntec-ltd,PNTEC Ltd,Yaoundé,Part-time
2021-05-12,Développeur applications,https://www.jobinfocamer.com/job/29250/developpeur-applications-a-entreprise-de-la-place,Entreprise de la place,Douala,Full-time
2021-05-11,Technicien support client ERP,https://www.jobinfocamer.com/job/29243/technicien-support-client-erp-a-it-services,IT SERVICES,Yaoundé,Full-time
2021-05-11,Software Engineer,https://www.jobinfocamer.com/job/29238/software-engineer-a-corpecca,Corpecca,Douala,Full-time
2021-05-10,Informaticien Développeur,https://www.jobinfocamer.com/job/29228/informaticien-developpeur-a-lifetech-s-a-r-l,LifeTech S.A.R.L,Yaoundé,Internship
2021-05-07,Développeur Web,https://www.jobinfocamer.com/job/29194/developpeur-web-a-avs-telecom-sarl,AVS TELECOM SARL,Yaoundé,Part-time
2021-05-07,Team Lead Senior Software Development C++,https://www.jobinfocamer.com/job/29185/team-lead-senior-software-development-c--a-takenco,TAKENCO,Yaoundé,Full-time
2021-05-07,Display Software Developer C++,https://www.jobinfocamer.com/job/29183/display-software-developer-c--a-takenco,TAKENCO,Yaoundé,Full-time
2021-05-07,Senior Firmware Developer Baseboards - C and C++,https://www.jobinfocamer.com/job/29181/senior-firmware-developer-baseboards-c-and-c--a-takenco,TAKENCO,Yaoundé,Full-time
2021-05-06,DEVELOPPEUR BACK-END,https://www.jobinfocamer.com/job/29177/developpeur-back-end-a-tootree-sarl,Tootree SARL,Douala,Part-time
2021-05-06,Téléconseillère SAV,https://www.jobinfocamer.com/job/29166/teleconseillere-sav-a-advance-it-group,ADVANCE IT GROUP,Yaoundé,Internship
2021-05-06,DEVELOPPEUR FRONT-END,https://www.jobinfocamer.com/job/29178/developpeur-front-end-a-tootree-sarl,Tootree SARL,Douala,Part-time
2021-05-05,DEVELOPPEUR PHP Laravel,https://www.jobinfocamer.com/job/29151/developpeur-php-laravel-a-tootree-sarl,Tootree SARL,Douala,Full-time
2021-05-04,Développeur Web C#,https://www.jobinfocamer.com/job/29147/developpeur-web-c--a-multi-business-solutions,Multi Business Solutions,Yaoundé,Part-time
2021-04-30,Développeur Web,https://www.jobinfocamer.com/job/29109/developpeur-web-a-y-note-sarl,Y-NOTE Sarl,Yaoundé,Full-time
2021-04-29,INFORMATICIEN,https://www.jobinfocamer.com/job/29097/informaticien-a-ste-concept-sarl,STE CONCEPT SARL,Douala,Full-time
2021-04-28,Techniciens en Réseaux et Télécoms,https://www.jobinfocamer.com/job/29092/techniciens-en-reseaux-et-telecoms-a-twingo-sarl,Twingo SARL,Yaoundé et Douala,Internship
2021-04-28,IT Country Supervisor,https://www.jobinfocamer.com/job/29086/it-country-supervisor-a-sic-cacaos,SIC CACAOS,Douala,Full-time
2021-04-27,ADMINISTRATEUR DE BD ET SUPPORT MONETIQUE,https://www.jobinfocamer.com/job/29084/administrateur-de-bd-et-support-monetique-a-tradex-sa,TRADEX SA,Douala,Full-time
2021-04-25,Technico-commercial,https://www.jobinfocamer.com/job/29051/technico-commercial-a-numerits,NumeriTs,Douala,Internship
2021-04-25,Technicien Photocopieur et imprimante,https://www.jobinfocamer.com/job/29045/technicien-photocopieur-et-imprimante-a-entreprise-de-la-place,Entreprise de la place,Yaoundé,Part-time
2021-04-24,Full Stack DÉVELOPPEUR JAVA,https://www.jobinfocamer.com/job/29041/full-stack-developpeur-java-a-olydis,OLYDIS,Douala,Internship
2021-04-21,Team Lead Senior Software Development  C++,https://www.jobinfocamer.com/job/28987/team-lead-senior-software-development-c--a-takenco,TAKENCO,Yaoundé,Full-time
2021-04-21,Display Software Developer C++,https://www.jobinfocamer.com/job/28988/display-software-developer-c--a-takenco,TAKENCO,Yaoundé,Full-time
2021-04-21,Senior Firmware Developer Baseboards - C and C++,https://www.jobinfocamer.com/job/28990/senior-firmware-developer-baseboards-c-and-c--a-takenco,TAKENCO,Yaoundé,Full-time
2021-04-21,DEVELOPPEUR FULL STACK,https://www.jobinfocamer.com/job/28997/developpeur-full-stack-a-gohze,GOHZE,Yaoundé,Part-time
2021-04-21,SOFTWARE DEVELOPER,https://www.jobinfocamer.com/job/29002/software-developer-a-elecit-engineering-sarl,ElecIT ENGINEERING SARL,Douala,Internship
2021-04-21,Ingénieur Système/Infrastructure,https://www.jobinfocamer.com/job/29005/ingenieur-systeme-infrastructure-a-panafrican-pacific-holdings,PANAFRICAN PACIFIC HOLDINGS,Yaoundé,Part-time
2021-04-21,SYSTEM/COMPUTER NETWORKING TECHNICIAN,https://www.jobinfocamer.com/job/29003/system-computer-networking-technician-a-elecit-engineering-sarl,ElecIT ENGINEERING SARL,Douala,Internship
2021-04-19,Informaticien/géomaticien,https://www.jobinfocamer.com/job/28962/informaticien-geomaticien-a-entreprise-de-la-place,Entreprise de la place,Yaoundé,Full-time
2021-04-18,Dev/intégrateur WordPress,https://www.jobinfocamer.com/job/28943/dev-integrateur-wordpress-a-entreprise-de-la-place,Entreprise de la place,Douala,Full-time
2021-04-16,Web developer,https://www.jobinfocamer.com/job/28931/web-developer-a-labacorp-energy-limited,LABACORP ENERGY LIMITED,Douala,Internship
2021-04-14,Service Desk Specialist,https://www.jobinfocamer.com/job/28899/service-desk-specialist-a-issm,ISSM,Douala,Full-time
2021-04-14,Ingénieur systèmes,https://www.jobinfocamer.com/job/28897/ingenieur-systemes-a-issm,ISSM,Douala,Full-time
2021-04-14,Ingénieur Réseaux et Télécommunications,https://www.jobinfocamer.com/job/28896/ingenieur-reseaux-et-telecommunications-a-issm,ISSM,Douala,Full-time
2021-04-13,Responsable de l exploitation,https://www.jobinfocamer.com/job/28891/responsable-de-l-exploitation-a-issm,ISSM,Douala,Full-time
2021-04-13,Service Desk Delivery Supervisor,https://www.jobinfocamer.com/job/28882/service-desk-delivery-supervisor-a-issm,ISSM,Douala,Full-time
2021-04-11,Stagiaire en réseau et télécom,https://www.jobinfocamer.com/job/28848/stagiaire-en-reseau-et-telecom-a-imagine-plus-ltd,IMAGINE PLUS LTD,Yaoundé,Internship
2021-04-09,Stagiaire Professionnel en TIC,https://www.jobinfocamer.com/job/28822/stagiaire-professionnel-en-tic-a-multi-business-solutions,Multi Business Solutions,Yaoundé,Internship
2021-04-08,Développeur web Laravel et mobile,https://www.jobinfocamer.com/job/28787/developpeur-web-laravel-et-mobile-a-foza-services,FOZA SERVICES,Douala,Full-time
2021-04-08,DEVELOPPEUR LOGICIEL SPECIALISE LINUX,https://www.jobinfocamer.com/job/28798/developpeur-logiciel-specialise-linux-a-himore-medical,HIMORE MEDICAL,Yaoundé,Internship
2021-04-08,DEVELOPPEUR LOGICIEL SPECIALISE C#/JAVA,https://www.jobinfocamer.com/job/28797/developpeur-logiciel-specialise-c-java-a-himore-medical,HIMORE MEDICAL,Yaoundé,Internship
2021-04-07,Stage Maintenance Système Informatique,https://www.jobinfocamer.com/job/28774/stage-maintenance-systeme-informatique-a-isas-sarl,ISAS SARL,Douala,Internship
2021-04-06,Développeurs Java WEB Full-Stack,https://www.jobinfocamer.com/job/28759/developpeurs-java-web-full-stack-a-advance-it-group,ADVANCE IT GROUP,Yaoundé,Full-time
2021-04-06,Testeurs/Validateurs d Applications Web et Mobiles,https://www.jobinfocamer.com/job/28758/testeurs-validateurs-d-applications-web-et-mobiles-a-advance-it-group,ADVANCE IT GROUP,Yaoundé,Full-time
2021-04-05,STAGIAIRE RÉSEAUX ET TÉLÉCOM,https://www.jobinfocamer.com/job/28729/stagiaire-reseaux-et-telecom-a-kimbes,KIMBES,Douala,Internship
2021-04-02,Web developer Expert,https://www.jobinfocamer.com/job/28713/web-developer-expert-a-entreprise-de-la-place,Entreprise de la place,Douala,Part-time
2021-03-30,Administrateur Web,https://www.jobinfocamer.com/job/28675/administrateur-web-a-maart,Maart,Yaoundé,Internship
2021-03-29,Helpdesk,https://www.jobinfocamer.com/job/28668/helpdesk-a-entreprise-de-la-place,Entreprise de la place,Douala,Full-time
2021-03-29,Développeur PYTHON/DJANGO,https://www.jobinfocamer.com/job/28663/developpeur-python-django-a-esoaf,ESOAF,Yaoundé,Internship
2021-03-23,UI/UX Designer,https://www.jobinfocamer.com/job/28601/ui-ux-designer-a-engie-soft-sarl,Engie Soft SARL,Douala,Full-time
2021-03-22,DÉVELOPPEUR FULL STACK,https://www.jobinfocamer.com/job/28595/developpeur-full-stack-a-income-for-africa,INCOME FOR AFRICA,Douala,Full-time
2021-03-21,Webdesigner,https://www.jobinfocamer.com/job/28588/webdesigner-a-primes,PRIMES,Yaoundé,Part-time
2021-03-20,Programmeur junior,https://www.jobinfocamer.com/job/28587/programmeur-junior-a-particulier,Particulier,Douala,Internship
2021-03-08,DÉVELOPPEUR APPLICATION MOBILE HYBRIDE,https://www.jobinfocamer.com/job/28456/developpeur-application-mobile-hybride-a-leckpa-group,LECKPA GROUP,Yaoundé,Full-time
2021-03-07,Développeur d applications mobiles,https://www.jobinfocamer.com/job/28446/developpeur-d-applications-mobiles-a-tejiz-sarl,TEJIZ Sarl,Yaoundé,Full-time
2021-03-02,DEVELOPPEUR dotNet,https://www.jobinfocamer.com/job/28404/developpeur-dotnet-a-entreprise-de-la-place,Entreprise de la place,Douala,Internship
2021-03-01,Stagiaires Développeur Web,https://www.jobinfocamer.com/job/28398/stagiaires-developpeur-web-a-ecima-consulting,ECIMA CONSULTING,Douala,Internship
2021-02-26,Formateur en Secrétariat bureautique,https://www.jobinfocamer.com/job/28373/formateur-en-secretariat-bureautique-a-solidarite-technologique,SOLIDARITE TECHNOLOGIQUE,Yaoundé,Part-time
2021-02-25,STAGE PRO. EN RÉSEAU ET SYSTÈME,https://www.jobinfocamer.com/job/28365/stage-pro-en-reseau-et-systeme-a-axxentis,Axxentis,Yaoundé,Part-time
2021-02-25,Développeur fullstack .Net / Angular / Jquery,https://www.jobinfocamer.com/job/28359/developpeur-fullstack-net-angular-jquery-a-entreprise-de-la-place,Entreprise de la place,Yaoundé,Part-time
2021-02-24,DEVELOPPEUR WEB,https://www.jobinfocamer.com/job/28356/developpeur-web-a-entreprise-de-la-place,Entreprise de la place,Douala,Internship
2021-02-23,Vendeur Amazon,https://www.jobinfocamer.com/job/28343/vendeur-amazon-a-engie-soft-sarl,Engie Soft SARL,Douala,Part-time
2021-02-21,DEVELOPPEUR WOOCOMMERCE,https://www.jobinfocamer.com/job/28310/developpeur-woocommerce-a-e-business-cameroun,E-Business Cameroun,Yaoundé,Full-time
2021-02-20,DÉVELOPPEUR WEB JOOMLA,https://www.jobinfocamer.com/job/28309/developpeur-web-joomla-a-entreprise-de-la-place,Entreprise de la place,Yaoundé,Internship
2021-02-18,Référenceur web - spécialiste SEO,https://www.jobinfocamer.com/job/28299/referenceur-web-specialiste-seo-a-protaiin,PROTAIIN,Douala,Full-time
2021-02-18,Développeur Web Laravel,https://www.jobinfocamer.com/job/28297/developpeur-web-laravel-a-smopaye-sarl,SMOPAYE SARL,Yaoundé,Internship
2021-02-17,Intégrateur web,https://www.jobinfocamer.com/job/28266/integrateur-web-a-protaiin,PROTAIIN,Douala,Full-time
2021-02-16,DEVELOPPEUR(SE) WEB,https://www.jobinfocamer.com/job/28263/developpeur-se-web-a-e-business-cameroun,E-Business Cameroun,Yaoundé,Full-time
2021-02-11,Test Engineer,https://www.jobinfocamer.com/job/28206/test-engineer-a-transsion-holdings,Transsion Holdings,Douala,Full-time
2021-02-08,Stagiaires professionnels,https://www.jobinfocamer.com/job/28177/stagiaires-professionnels-a-entreprise-de-la-place,Entreprise de la place,Douala,Internship
2021-02-03,Informaticien Programmeur,https://www.jobinfocamer.com/job/28129/informaticien-programmeur-a-entreprise-de-la-place,Entreprise de la place,Douala,Internship
2021-02-01,DEVELOPPEUR PHP,https://www.jobinfocamer.com/job/28105/developpeur-php-a-twingo-sarl,Twingo SARL,Yaoundé,Internship
2021-02-01,Développeur Junior,https://www.jobinfocamer.com/job/28100/developpeur-junior-a-entreprise-de-la-place,Entreprise de la place,Yaoundé,Internship
2021-01-29,Ingénieur Informatique,https://www.jobinfocamer.com/job/28090/ingenieur-informatique-a-multiplex-sarl,MULTIPLEX SARL,Douala,Full-time
2021-01-27,Développeur Mobile Fullstack et Formateur,https://www.jobinfocamer.com/job/28068/developpeur-mobile-fullstack-et-formateur-a-ktc-center,KTC-CENTER,Yaoundé,Full-time
2021-01-25,DEVELOPPEUR WEB JAVA/PHP,https://www.jobinfocamer.com/job/28052/developpeur-web-java-php-a-innov-for-you,INNOV FOR YOU,Yaoundé,Full-time
2021-01-20,Développeurs Android / Kotlin,https://www.jobinfocamer.com/job/27996/developpeurs-android-kotlin-a-maketbiz-sas,MAKETBIZ SAS,Douala,Internship
2021-01-19,Développeur Python Full Stack,https://www.jobinfocamer.com/job/27971/developpeur-python-full-stack-a-y-note-sarl,Y-NOTE Sarl,Yaoundé,Full-time
2021-01-17,Développeur JAVA/PHP,https://www.jobinfocamer.com/job/27939/developpeur-java-php-a-indyli-services,Indyli-Services,Douala,Internship
2021-01-16,SEO Expert,https://www.jobinfocamer.com/job/27932/seo-expert-a-optimnet-agency,OptimNet Agency,Douala,Part-time
2021-01-16,Développeur Web Junior,https://www.jobinfocamer.com/job/27929/developpeur-web-junior-a-donsyl,DONSYL,Yaoundé,Full-time
2021-01-14,Stagiaire Wordpress,https://www.jobinfocamer.com/job/27905/stagiaire-wordpress-a-entreprise-de-la-place,Entreprise de la place,Yaoundé,Internship
2021-01-13,Ingénieur d affaire,https://www.jobinfocamer.com/job/27855/ingenieur-d-affaire-a-wise-computers,WISE COMPUTERS,"Douala, Yaoundé, Bafoussam",Full-time
2021-01-13,RESPONSABLE INFORMATIQUE,https://www.jobinfocamer.com/job/27852/responsable-informatique-a-activa-assurances,ACTIVA ASSURANCES,Douala,Full-time
2021-01-12,Web Designer Front End,https://www.jobinfocamer.com/job/27842/web-designer-front-end-a-madia-sarl,MADIA SARL,Yaoundé,Internship
2021-01-12,Développeur Intégrateur ERP,https://www.jobinfocamer.com/job/27840/developpeur-integrateur-erp-a-veotys-sarl,VEOTYS SARL,Douala,Full-time
2021-01-08,Stagiaire Développeur,https://www.jobinfocamer.com/job/27813/stagiaire-developpeur-a-css-engineering,CSS-ENGINEERING,Douala,Internship
2021-01-08,DEVELOPPEUR ODOO WEB FRONT ET BACK,https://www.jobinfocamer.com/job/27811/developpeur-odoo-web-front-et-back-a-success-consults,SUCCESS CONSULTS,Douala,Full-time
2021-01-08,DEVELOPPEURS PHP 5 WEB FRONT ET BACK,https://www.jobinfocamer.com/job/27810/developpeurs-php-5-web-front-et-back-a-success-consults,SUCCESS CONSULTS,Douala,Full-time
2021-01-06,Sales Representative,https://www.jobinfocamer.com/job/27783/sales-representative-a-axxentis,Axxentis,Yaoundé,Part-time
2021-01-06,Stage professionnel en Développement d Application,https://www.jobinfocamer.com/job/27771/stage-professionnel-en-developpement-d-application-a-sa2fisca-sarl,SA2FISCA SARL,Douala,Internship
2020-12-30,DÉVELOPPEUR WEB FRONT END ET BACK-END,https://www.jobinfocamer.com/job/27710/developpeur-web-front-end-et-back-end-a-smartworld,SMARTWORLD,Douala,Full-time
2020-12-29,Stagiaires en informatique ou en mathématiques,https://www.jobinfocamer.com/job/27699/stagiaires-en-informatique-ou-en-mathematiques-a-megasoft-sarl,MEGASOFT SARL,Yaoundé,Internship
2020-12-29,Ingénieurs Informaticiens,https://www.jobinfocamer.com/job/27696/ingenieurs-informaticiens-a-megasoft-sarl,MEGASOFT SARL,Yaoundé,Part-time
2020-12-28,Développeur,https://www.jobinfocamer.com/job/27672/developpeur-a-amla-cameroun,AMLA CAMEROUN,Yaoundé,Full-time
2020-12-25,Data Analyst,https://www.jobinfocamer.com/job/27656/data-analyst-a-ovamba-cameroon-solutions,OVAMBA CAMEROON SOLUTIONS,Douala,Full-time
2020-12-23,Développeur vue.js/javascript/Android/C++,https://www.jobinfocamer.com/job/27626/developpeur-vue-js-javascript-android-c--a-artificials-engineering-sarl,Artificials & Engineering SARL,Douala,Internship
2020-12-15,Technicien systèmes et réseaux,https://www.jobinfocamer.com/job/27540/technicien-systemes-et-reseaux-a-entreprise-de-la-place,Entreprise de la place,Douala,Full-time
2020-12-15,Développeur Odoo,https://www.jobinfocamer.com/job/27539/developpeur-odoo-a-entreprise-de-la-place,Entreprise de la place,Douala,Full-time
2020-12-14,Ingénieur Etude et Développement Web et Mobile,https://www.jobinfocamer.com/job/27526/ingenieur-etude-et-developpement-web-et-mobile-a-agile-sarl,AGILE SARL,Douala,Full-time
2020-12-13,Stagiaire IT,https://www.jobinfocamer.com/job/27522/stagiaire-it-a-helen-keller-international-cameroun,Helen Keller International Cameroun,Yaoundé,Internship
2020-12-10,DevOps python/Linux,https://www.jobinfocamer.com/job/27489/devops-python-linux-a-entreprise-de-la-place,Entreprise de la place,Yaoundé,Full-time
2020-12-08,Développeur web,https://www.jobinfocamer.com/job/27457/developpeur-web-a-danol-group,DANOL GROUP,Douala,Internship
2020-12-08,Développeur Salesforce Junior,https://www.jobinfocamer.com/job/27450/developpeur-salesforce-junior-a-noeli,Noeli,Yaoundé,Internship
2020-12-01,Développeur Web,https://www.jobinfocamer.com/job/27376/developpeur-web-a-donsyl,DONSYL,Yaoundé,Internship
2020-12-01,Cloud Developer,https://www.jobinfocamer.com/job/27372/cloud-developer-a-doormesh,Doormesh,Buéa,Full-time
2020-11-30,Développeur Mobile Fullstack et Formateur,https://www.jobinfocamer.com/job/27366/developpeur-mobile-fullstack-et-formateur-a-ktc-center,KTC-CENTER,Yaoundé,Full-time
2020-11-26,Développeur informatique,https://www.jobinfocamer.com/job/27308/developpeur-informatique-a-ads-ltd,ADS LTD,Douala,Internship
2020-11-25,Développeurs web,https://www.jobinfocamer.com/job/27294/developpeurs-web-a-groupe-bbp,Groupe BBP,Douala,Internship
2020-11-23,Développeur C++\Python,https://www.jobinfocamer.com/job/27274/developpeur-c-python-a-artificials-engineering-sarl,Artificials & Engineering SARL,Douala,Internship
2020-11-19,DEVELOPPEUR,https://www.jobinfocamer.com/job/27233/developpeur-a-labjeun,LABJEUN,Yaoundé,Internship
2020-11-18,STAGIAIRES DÉVELOPPEUR FULL STACK,https://www.jobinfocamer.com/job/27217/stagiaires-developpeur-full-stack-a-mk-wbc,MK WBC,Douala,Internship
2020-11-18,Web designer et Frontend developper,https://www.jobinfocamer.com/job/27216/web-designer-et-frontend-developper-a-madia-sarl,MADIA SARL,Yaoundé,Internship
2020-11-17,DEVELOPPEUR,https://www.jobinfocamer.com/job/27215/developpeur-a-londo-technology,LONDO TECHNOLOGY,Douala,Internship
2020-11-17,DEVELOPPEUR WEB,https://www.jobinfocamer.com/job/27204/developpeur-web-a-pntec-ltd,PNTEC Ltd,Yaoundé,Part-time
2020-11-15,Développeur web,https://www.jobinfocamer.com/job/27186/developpeur-web-a-arc-sa,ARC SA,Douala,Internship
2020-11-12,INGENIEUR TELECOMS,https://www.jobinfocamer.com/job/27143/ingenieur-telecoms-a-kakotel-sa,KAKOTEL SA,Douala,Full-time
2020-11-11,STAGE DÉVELOPPEUR,https://www.jobinfocamer.com/job/27127/stage-developpeur-a-css-engineering,CSS ENGINEERING,Douala,Internship
2020-11-09,ASSISTANT INFORMATIQUE,https://www.jobinfocamer.com/job/27104/assistant-informatique-a-entreprise-de-la-place,Entreprise de la place,Douala,Full-time
2020-11-09,FORMATEUR EXPERT EN ANIMATION ET GESTION DES SITES WEB,https://www.jobinfocamer.com/job/27097/formateur-expert-en-animation-et-gestion-des-sites-web-a-success-consults,SUCCESS CONSULTS,Douala,Part-time
2020-11-08,CONSEILLER TECHNIQUE TIC,https://www.jobinfocamer.com/job/27090/conseiller-technique-tic-a-giz,GIZ,Garoua,Part-time
2020-11-08,CONSEILLER TECHNIQUE JUNIOR TIC,https://www.jobinfocamer.com/job/27089/conseiller-technique-junior-tic-a-giz,GIZ,Douala,Part-time
2020-11-08,CONSEILLER TECHNIQUE INNOVATIONS NUMÉRIQUES,https://www.jobinfocamer.com/job/27085/conseiller-technique-innovations-numeriques-a-giz,GIZ,Bafoussam,Part-time
2020-11-06,STAGE DÉVELOPPEUR,https://www.jobinfocamer.com/job/27068/stage-developpeur-a-css-engineering,CSS ENGINEERING,Douala,Internship
2020-11-05,CHARGES DES DONNEES MEDICALES REMPLACANTS,https://www.jobinfocamer.com/job/27063/charges-des-donnees-medicales-remplacants-a-medecins-sans-frontieres,MÉDECINS SANS FRONTIÈRES,Maroua,Part-time
2020-11-04,Stagiaire Développeur Front end Javascript,https://www.jobinfocamer.com/job/27039/stagiaire-developpeur-front-end-javascript-a-binghana-ltd,Binghana Ltd,Yaoundé,Internship
2020-11-04,STAGE PROFESSIONNEL DÉVELOPPEUR FULL STACK,https://www.jobinfocamer.com/job/27037/stage-professionnel-developpeur-full-stack-a-axxentis,Axxentis,Yaoundé,Internship
2020-11-04,Responsable applications et métiers,https://www.jobinfocamer.com/job/27042/responsable-applications-et-metiers-a-industrie-polygraphique,INDUSTRIE POLYGRAPHIQUE,Douala,Part-time
2020-11-04,UI/UX Designer,https://www.jobinfocamer.com/job/27041/ui-ux-designer-a-engie-soft-sarl,Engie Soft sarl,Douala,Part-time
2020-11-02,DÉVELOPPEUR FULLSTACK,https://www.jobinfocamer.com/job/27010/developpeur-fullstack-a-entreprise-de-la-place,Entreprise de la place,Yaoundé,Part-time
2020-11-01,Développeur Frontend,https://www.jobinfocamer.com/job/27009/developpeur-frontend-a-entreprise-de-la-place,Entreprise de la place,Yaoundé,Part-time
2020-10-31,Développeur PHP - Prestashop,https://www.jobinfocamer.com/job/27006/developpeur-php-prestashop-a-engie-soft-sarl,Engie Soft Sarl,Douala,Part-time
2020-10-31,Full Stack Developer,https://www.jobinfocamer.com/job/26999/full-stack-developer-a-entreprise-de-la-place,Entreprise de la place,Douala,Part-time
2020-10-23,EXPERT FORMATEUR EN ANIMATION ET GESTION DES SITES WEB,https://www.jobinfocamer.com/job/26914/expert-formateur-en-animation-et-gestion-des-sites-web-a-success-consults,SUCCESS CONSULTS,Douala,Part-time
2020-10-21,Web and Mobile Developper,https://www.jobinfocamer.com/job/26870/web-and-mobile-developper-a-world-wide-technologies-sarl,World Wide Technologies SARL,Douala,Internship
2020-10-20,INGENIEUR SYSTEMES ET RESEAUX,https://www.jobinfocamer.com/job/26855/ingenieur-systemes-et-reseaux-a-entreprise-de-la-place,Entreprise de la place,Douala,Full-time
2020-10-20,INFORMATICIEN CONCEPTEUR-DEVELOPPEUR,https://www.jobinfocamer.com/job/26846/informaticien-concepteur-developpeur-a-entreprise-de-la-place,Entreprise de la place,Douala,Full-time
2020-10-18,Stage Informatique,https://www.jobinfocamer.com/job/26825/stage-informatique-a-neurane-sarl,NEURANE SARL,Yaoundé,Internship
2020-10-14,"Software engineers, IT graduates, and computer scientists",https://www.jobinfocamer.com/job/26775/software-engineers-it-graduates-and-computer-scientists-a-adipster-tech-limited,Adipster Tech Limited,Yaoundé,Part-time
2020-10-13,Stage Designer UX and Frontend avec Adobe XD,https://www.jobinfocamer.com/job/26755/stage-designer-ux-and-frontend-avec-adobe-xd-a-artificials-engineering,Artificials & Engineering,Douala,Internship
2020-10-09,Computer Scientist/Engineers and IT graduates,https://www.jobinfocamer.com/job/26732/computer-scientist-engineers-and-it-graduates-a-adipster-tech-limited,Adipster Tech Limited,Yaoundé,Part-time
2020-10-03,DATA ENTRY OPERATOR,https://www.jobinfocamer.com/job/26661/data-entry-operator-a-doctors-without-borders,DOCTORS WITHOUT BORDERS,Kumba,Part-time
2020-09-29,IT MANAGER et IT OFFICER,https://www.jobinfocamer.com/job/26596/it-manager-et-it-officer-a-entreprise-de-la-place,Entreprise de la place,Yaoundé,Full-time
2020-09-28,TECHNICIEN MAINTENANCE INFORMATIQUE,https://www.jobinfocamer.com/job/26582/technicien-maintenance-informatique-a-rbs-holdings-sarl,RBS HOLDINGS SARL,Douala,Internship
2020-09-28,Développeur d application Java/J2EE Full Stack,https://www.jobinfocamer.com/job/26572/developpeur-d-application-java-j2ee-full-stack-a-entreprise-de-la-place,Entreprise de la place,Yaoundé,Full-time
2020-09-26,Chargé de Plan de Continuité d'Activités et Gestion de Crise,https://www.jobinfocamer.com/job/26566/charge-de-plan-de-continuite-d-activites-et-gestion-de-crise-a-societe-generale-cameroun,SOCIETE GENERALE CAMEROUN,Douala,Full-time
2020-09-24,Développeur web expert en PHP,https://www.jobinfocamer.com/job/26557/developpeur-web-expert-en-php-a-entreprise-de-la-place,Entreprise de la place,Yaoundé,Part-time
2020-09-23,DÉVELOPPEUR WEB/MOBILE,https://www.jobinfocamer.com/job/26534/developpeur-web-mobile-a-holmetech,HOLMETECH,Douala,Internship
2020-09-22,INGENIEUR AVANT-VENTE,https://www.jobinfocamer.com/job/26506/ingenieur-avant-vente-a-entreprise-de-ntic,ENTREPRISE DE NTIC,Yaoundé,Full-time
2020-09-21,ICT/GIS Expert,https://www.jobinfocamer.com/job/26486/ict-gis-expert-a-iresco,IRESCO,Buéa,Part-time
2020-09-19,Junior developer Web and Mobile,https://www.jobinfocamer.com/job/26466/junior-developer-web-and-mobile-a-dataoptime,DataOptime,Douala,Full-time
2020-09-18,STAGIAIRE IT,https://www.jobinfocamer.com/job/26456/stagiaire-it-a-iita,IITA,Yaoundé,Internship
2020-09-18,IT INTERN,https://www.jobinfocamer.com/job/26455/it-intern-a-iita,IITA,Yaoundé,Internship
2020-09-16,Ingénieur informatique commercial,https://www.jobinfocamer.com/job/26413/ingenieur-informatique-commercial-a-hadron-s-a,Hadron S.A,Yaoundé,Full-time
2020-09-11,Intégrateur Web,https://www.jobinfocamer.com/job/26350/integrateur-web-a-mfl-paris,MFL Paris,Yaoundé,Part-time
2020-09-10,IT MANAGER,https://www.jobinfocamer.com/job/26345/it-manager-a-eco-food,ECO FOOD,Yaoundé,Full-time
2020-09-10,Développeur Fullstack,https://www.jobinfocamer.com/job/26335/developpeur-fullstack-a-cabinet-affides,Cabinet AFFIDES,Yaoundé,Full-time
2020-09-08,"INFORMATICIEN EN SECURITE, RESEAUX ET SYSTEMES",https://www.jobinfocamer.com/job/26292/informaticien-en-securite-reseaux-et-systemes-a-entreprise-de-la-place,Entreprise de la place,Douala,Full-time
2020-09-08,TECHNICIEN INFORMATIQUE,https://www.jobinfocamer.com/job/26289/technicien-informatique-a-entreprise-de-la-place,Entreprise de la place,"Douala, Yaoundé, Bafoussam",Full-time
2020-09-08,Développeur d application Java/J2EE Full Stack,https://www.jobinfocamer.com/job/26286/developpeur-d-application-java-j2ee-full-stack-a-entreprise-de-la-place,Entreprise de la place,Yaoundé,Full-time
2020-09-08,TECHNICO-COMMERCIAL,https://www.jobinfocamer.com/job/26276/technico-commercial-a-entreprise-de-tic,ENTREPRISE DE TIC,Yaoundé,Full-time
2020-09-07,Data Manager,https://www.jobinfocamer.com/job/26272/data-manager-a-la-croix-rouge-camerounaise-et-la-croix-rouge-francaise,La Croix-Rouge camerounaise et la Croix-Rouge française,Maroua,Part-time
2020-09-04,Développeur,https://www.jobinfocamer.com/job/26228/developpeur-a-camertronix-sarl,CAMERTRONIX SARL,Yaoundé,Full-time
2020-09-03,Informaticien,https://www.jobinfocamer.com/job/26204/informaticien-a-college-bilingue-gedcenter,Collège bilingue GEdCenter,Yaoundé,Full-time
2020-09-02,ADMINISTRATEUR SYSTEME ET RESEAU,https://www.jobinfocamer.com/job/26175/administrateur-systeme-et-reseau-a-entreprise-de-tic,ENTREPRISE DE TIC,Yaoundé,Internship
2020-09-02,Développeur Web et Mobile,https://www.jobinfocamer.com/job/26169/developpeur-web-et-mobile-a-universal-software,UNIVERSAL SOFTWARE,Douala,Part-time
2020-09-01,Développeur iOS,https://www.jobinfocamer.com/job/26156/developpeur-ios-a-technowire,TECHNOWIRE,Yaoundé,Full-time
2020-08-26,Développeur web avec une expérience avancée sur React,https://www.jobinfocamer.com/job/26102/developpeur-web-avec-une-experience-avancee-sur-react-a-tootree-sarl,Tootree SARL,Douala,Full-time
2020-08-23,Technical Support Agent - Chat/Tickets,https://www.jobinfocamer.com/job/26059/technical-support-agent-chat-tickets-a-remotecm,RemoteCM,Yaoundé,Full-time
2020-08-21,Développeur/Opérationnel (DevOps) python / Linux,https://www.jobinfocamer.com/job/26049/developpeur-operationnel-devops-python-linux-a-entreprise-de-la-place,Entreprise de la place,Yaoundé,Full-time
2020-08-21,IT INTERN,https://www.jobinfocamer.com/job/26037/it-intern-a-elizabeth-glaser-pediatric-aids-foundation,Elizabeth Glaser Pediatric AIDS Foundation,Douala,Internship
2020-08-20,STAGIAIRE IT,https://www.jobinfocamer.com/job/26033/stagiaire-it-a-elizabeth-glaser-pediatric-aids-foundation,Elizabeth Glaser Pediatric AIDS Foundation,Douala,Internship
2020-08-20,UI designer et intégrateur,https://www.jobinfocamer.com/job/26032/ui-designer-et-integrateur-a-bap-technologies,BAP Technologies,Yaoundé,Part-time
2020-08-18,WEBMASTER - INFOGRAPHE,https://www.jobinfocamer.com/job/26002/webmaster-infographe-a-altechs-engineering-sarl,ALTECHS ENGINEERING SARL,Yaoundé,Full-time
2020-08-18,Stagiaire en Informatique de Gestion,https://www.jobinfocamer.com/job/26000/stagiaire-en-informatique-de-gestion-a-mobility-cloud,Mobility Cloud,Yaoundé,Internship
2020-08-17,IT Assistant,https://www.jobinfocamer.com/job/25973/it-assistant-a-sud-cameroun-hevea-s-a,SUD Cameroun Hevea S.A,Ebolowa,Full-time
2020-08-17,STAGIAIRE DÉVELOPPEUR FULL STACK,https://www.jobinfocamer.com/job/25966/stagiaire-developpeur-full-stack-a-mk-wbc,MK WBC,Douala,Internship
2020-08-14,Responsable Sécurité des Systèmes d'Information (RSSI),https://www.jobinfocamer.com/job/25926/responsable-securite-des-systemes-d-information-rssi--a-entreprise-de-la-place,Entreprise de la place,Douala,Full-time
2020-08-12,TECHNICIENS DE MAINTENANCE COPIEURS ET IMPRIMANTES,https://www.jobinfocamer.com/job/25910/techniciens-de-maintenance-copieurs-et-imprimantes-a-entreprise-de-la-place,Entreprise de la place,Yaoundé,Full-time
2020-08-06,Développeur Front-End,https://www.jobinfocamer.com/job/25836/developpeur-front-end-a-entreprise-de-la-place,Entreprise de la place,Douala,Internship
2020-08-05,Développeur Front-end Angular/Ionic Framework,https://www.jobinfocamer.com/job/25830/developpeur-front-end-angular-ionic-framework-a-pole-digital,Pôle Digital,Yaoundé,Part-time
2020-08-05,Responsable Technique,https://www.jobinfocamer.com/job/25816/responsable-technique-a-cabinet-affides,Cabinet AFFIDES,Yaoundé,Full-time
2020-08-03,Développeur de module odoo erp,https://www.jobinfocamer.com/job/25781/developpeur-de-module-odoo-erp-a-digitals-work4u,Digitals Work4u,Douala,Internship
2020-08-03,INFORMATICIEN CONCEPTEUR-DÉVELOPPEUR,https://www.jobinfocamer.com/job/25790/informaticien-concepteur-developpeur-a-entreprise-de-la-place,Entreprise de la place,Douala,Full-time
2020-08-02,Développeur Prestashop + Wordpress Qualifié,https://www.jobinfocamer.com/job/25776/developpeur-prestashop-wordpress-qualifie-a-sclwebmaker,SclWebMaker,Yaoundé,Full-time
2020-07-30,Développeur,https://www.jobinfocamer.com/job/25750/developpeur-a-uni2grow-cameroun-sarl,Uni2grow Cameroun SARL,Dschang,Full-time
2020-07-29,DEVELOPPEUR WEB,https://www.jobinfocamer.com/job/25740/developpeur-web-a-groupe-bbf,GROUPE BBF,Douala,Part-time
2020-07-27,Vue JS Developer,https://www.jobinfocamer.com/job/25701/vue-js-developer-a-anymoney,AnyMoney,Douala,Full-time
2020-07-25,Business analyst,https://www.jobinfocamer.com/job/25695/business-analyst-a-megasoft-sarl,MEGASOFT SARL,Yaoundé,Part-time
2020-07-24,Stagiaires de haut niveau en Informatique/Mathématiques,https://www.jobinfocamer.com/job/25676/stagiaires-de-haut-niveau-en-informatique-mathematiques-a-megasoft-sarl,MEGASOFT SARL,Yaoundé,Internship
2020-07-24,Développeur informatique,https://www.jobinfocamer.com/job/25675/developpeur-informatique-a-entreprise-de-la-place,Entreprise de la place,Yaoundé,Full-time
2020-07-24,Help Desk Manager,https://www.jobinfocamer.com/job/25673/help-desk-manager-a-activa-assurances,ACTIVA ASSURANCES,Douala,Full-time
2020-07-24,Développeurs d'applications,https://www.jobinfocamer.com/job/25670/developpeurs-d-applications-a-smart-tech-sarl,SMART TECH SARL,Douala,Full-time
2020-07-23,Consultant / Consultant senior Chef de Projet Digital,https://www.jobinfocamer.com/job/25666/consultant-consultant-senior-chef-de-projet-digital-a-sims-ca-sarl,SIMS CA SARL,Douala,Full-time
2020-07-21,DÉVELOPPEURS LOGICIELS,https://www.jobinfocamer.com/job/25643/developpeurs-logiciels-a-indra-telecom,INDRA TELECOM,Yaoundé,Part-time
2020-07-21,Développeur/Opérationnel (DevOps) python / Linux,https://www.jobinfocamer.com/job/25635/developpeur-operationnel-devops-python-linux-a-entreprise-de-la-place,Entreprise de la place,Yaoundé,Full-time
2020-07-20,Développeur Front End,https://www.jobinfocamer.com/job/25619/developpeur-front-end-a-eagles-host,EAGLES HOST,Douala,Part-time
2020-07-20,Administrateur système et réseau,https://www.jobinfocamer.com/job/25625/administrateur-systeme-et-reseau-a-entreprise-de-la-place,Entreprise de la place,Douala,Full-time
2020-07-19,STAGIAIRE DIGITAL MARKETER,https://www.jobinfocamer.com/job/25611/stagiaire-digital-marketer-a-ntas-services,NTAS SERVICES,Douala,Internship
2020-07-18,DÉVELOPPEUR FULLSTACK,https://www.jobinfocamer.com/job/25605/developpeur-fullstack-a-digit,DIGIT,Douala,Part-time
2020-07-16,Enseignants d'Informatique,https://www.jobinfocamer.com/job/25567/enseignants-d-informatique-a-ktc-center,KTC-CENTER,Yaoundé,Part-time
2020-07-14,INGENIEUR INFORMATIQUE,https://www.jobinfocamer.com/job/25531/ingenieur-informatique-a-dohone-sa,DOHONE SA,Yaoundé,Full-time
2020-07-14,INGENIEUR  RESEAU ET DE SECURITE,https://www.jobinfocamer.com/job/25529/ingenieur-reseau-et-de-securite-a-dohone-sa,DOHONE SA,Yaoundé,Full-time
2020-07-09,STAGIAIRE POUR RENDRE LES SITES MOBILES,https://www.jobinfocamer.com/job/25461/stagiaire-pour-rendre-les-sites-mobiles-a-megasoft-sarl,MEGASOFT SARL,Yaoundé,Internship
2020-07-08,DEVELOPPEUR WEB FRONT END,https://www.jobinfocamer.com/job/25447/developpeur-web-front-end-a-smartworld,SMARTWORLD,Douala,Full-time
2020-07-07,Développeur mobile Flutter,https://www.jobinfocamer.com/job/25433/developpeur-mobile-flutter-a-engie-soft-sarl,Engie Soft SARL,Douala,Part-time
2020-07-07,Développeur Front-end Angular/Ionic Framework,https://www.jobinfocamer.com/job/25430/developpeur-front-end-angular-ionic-framework-a-pole-digital,Pôle Digital,Yaoundé,Part-time
2020-07-07,Développeur .Net C# Fullstack,https://www.jobinfocamer.com/job/25429/developpeur-net-c-fullstack-a-pole-digital,Pôle Digital,Yaoundé,Part-time
2020-07-03,Développeur,https://www.jobinfocamer.com/job/25390/developpeur-a-suitch,SuiTch,Douala,Full-time
2020-07-03,DÉVELOPPEUR FULL STACK,https://www.jobinfocamer.com/job/25385/developpeur-full-stack-a-axxentis,Axxentis,Yaoundé,Internship
2020-06-26,Développeur mobile,https://www.jobinfocamer.com/job/25314/developpeur-mobile-a-mulemacare,MULEMACARE,Douala,Full-time
2020-06-25,Développeur/Opérationnel (DevOps) python / Linux,https://www.jobinfocamer.com/job/25295/developpeur-operationnel-devops-python-linux-a-entreprise-de-la-place,Entreprise de la place,Yaoundé,Full-time
2020-06-25,Stagiaire en Développement Web,https://www.jobinfocamer.com/job/25303/stagiaire-en-developpement-web-a-groupe-bbf,GROUPE BBF,Douala,Internship
2020-06-25,Administrateur système et réseau,https://www.jobinfocamer.com/job/25299/administrateur-systeme-et-reseau-a-entreprise-de-la-place,Entreprise de la place,Douala,Full-time
2020-06-24,Développeur PYTHON,https://www.jobinfocamer.com/job/25274/developpeur-python-a-esoaf,ESOAF,Yaoundé,Internship
2020-06-22,Développeur Backend  NodeJS,https://www.jobinfocamer.com/job/25256/developpeur-backend-nodejs-a-technowire,TECHNOWIRE,Yaoundé,Full-time
2020-06-22,Développeur Web ReactJS,https://www.jobinfocamer.com/job/25254/developpeur-web-reactjs-a-technowire,TECHNOWIRE,Yaoundé,Full-time
2020-06-22,Testeur de système applicatif,https://www.jobinfocamer.com/job/25253/testeur-de-systeme-applicatif-a-technowire,TECHNOWIRE,Yaoundé,Full-time
2020-06-22,Développeur WEB - MOBILE,https://www.jobinfocamer.com/job/25252/developpeur-web-mobile-a-entreprise-de-la-place,Entreprise de la place,Douala,Part-time
2020-06-22,Développeur Mobile,https://www.jobinfocamer.com/job/25245/developpeur-mobile-a-shlife-sas,Shlife SAS,Douala,Part-time
2020-06-20,Stagiaire Informatique professionnel,https://www.jobinfocamer.com/job/25234/stagiaire-informatique-professionnel-a-aite-consulting,Aite consulting,Douala,Internship
2020-06-19,Développeurs web et mobile,https://www.jobinfocamer.com/job/25218/developpeurs-web-et-mobile-a-paykap-mobile-money,PayKap Mobile Money,Douala,Full-time
2020-06-18,INFORMATICIEN DÉVELOPPEUR D APPLICATION,https://www.jobinfocamer.com/job/25215/informaticien-developpeur-d-application-a-mbs,MBS,Yaoundé,Full-time
2020-06-17,Ingénieur Développeur PHP Expérimenté,https://www.jobinfocamer.com/job/25198/ingenieur-developpeur-php-experimente-a-mel-investment-banking,Mel Investment Banking,Douala,Part-time
2020-06-17,Experienced Bilingual Lead IT and Developer,https://www.jobinfocamer.com/job/25194/experienced-bilingual-lead-it-and-developer-a-vtc,VTC,Douala,Full-time
2020-06-14,Chargé du Suivi de la Productivité,https://www.jobinfocamer.com/job/25163/charge-du-suivi-de-la-productivite-a-megasoft-sarl,MEGASOFT SARL,Yaoundé,Internship
2020-06-13,Développeur PHP   Wordpress,https://www.jobinfocamer.com/job/25157/developpeur-php-wordpress-a-modafa-sarl,MODAFA SARL,Yaoundé,Full-time
2020-06-11,WEBDESIGNER,https://www.jobinfocamer.com/job/25143/webdesigner-a-lumen-numeriik-sarl,LUMEN NUMERIIK SARL,Douala,Part-time
2020-06-11,Développeur web et mobile,https://www.jobinfocamer.com/job/25138/developpeur-web-et-mobile-a-big-data-solution,Big Data Solution,Yaoundé,Internship
2020-06-11,Data analyst,https://www.jobinfocamer.com/job/25136/data-analyst-a-big-data-solution,Big Data Solution,Yaoundé,Internship
2020-06-09,UX/UI designer,https://www.jobinfocamer.com/job/25106/ux-ui-designer-a-qui-go,QUI-GO,Douala,Part-time
2020-06-07,Stagiaire en Développement Web et Androïd,https://www.jobinfocamer.com/job/25076/stagiaire-en-developpement-web-et-android-a-artificials-engineering,Artificials & Engineering,Douala,Internship
2020-06-05,Stagiaire en développement web/mobile,https://www.jobinfocamer.com/job/25060/stagiaire-en-developpement-web-mobile-a-tagus-drone-sarl,TAGUS DRONE SARL,Yaoundé,Internship
2020-06-03,Développeur / Intégrateur Informatique Prestashop Qualifié,https://www.jobinfocamer.com/job/25041/developpeur-integrateur-informatique-prestashop-qualifie-a-izisolutions,IziSolutions,Yaoundé,Full-time
2020-06-02,Technicien en Informatique/Maintenance (Réseaux) informatique,https://www.jobinfocamer.com/job/25037/technicien-en-informatique-maintenance-reseaux-informatique-a-ktc-center,KTC-CENTER,Yaoundé,Internship
2020-06-02,STAGE PRO - Développeur Web,https://www.jobinfocamer.com/job/25036/stage-pro-developpeur-web-a-ktc-center,KTC-CENTER,Yaoundé,Internship
2020-06-02,Développeur Web,https://www.jobinfocamer.com/job/25035/developpeur-web-a-ktc-center,KTC-CENTER,Yaoundé,Full-time
2020-06-01,STAGE en développement informatique,https://www.jobinfocamer.com/job/25007/stage-en-developpement-informatique-a-adsyst,ADSYST,Douala,Internship
2020-05-31,ASSISTANT.E SUIVI-EVALUATION EN CHARGE DE LA BASE DE DONNÉES ET DU SIG,https://www.jobinfocamer.com/job/25003/assistant-e-suivi-evaluation-en-charge-de-la-base-de-donnees-et-du-sig-a-giz,GIZ,Yaoundé,Part-time
2020-05-22,Développeur web,https://www.jobinfocamer.com/job/24928/developpeur-web-a-danol-group,DANOL GROUP,Douala,Internship
2020-05-20,Développeur Web,https://www.jobinfocamer.com/job/24921/developpeur-web-a-amla-cameroun,AMLA CAMEROUN,Yaoundé,Part-time
2020-05-16,GROWTH HACKER,https://www.jobinfocamer.com/job/24887/growth-hacker-a-suitch,SuiTch,Douala,Full-time
2020-05-16,Product Developer,https://www.jobinfocamer.com/job/24884/product-developer-a-suitch,SuiTch,Douala,Full-time
2020-05-13,TECHNICIEN INFORMATIQUE,https://www.jobinfocamer.com/job/24863/technicien-informatique-a-entreprise-de-la-place,Entreprise de la place,Douala,Full-time
2020-05-13,Développeur Mobile Flutter,https://www.jobinfocamer.com/job/24850/developpeur-mobile-flutter-a-advance-it-group,ADVANCE IT GROUP,Yaoundé,Full-time
2020-05-08,Stagiaire CONTENT MANAGER,https://www.jobinfocamer.com/job/24807/stagiaire-content-manager-a-tootree-sarl,TOOTREE Sarl,Douala,Internship
2020-05-08,"Administrateur Systèmes, Réseaux et Sécurité",https://www.jobinfocamer.com/job/24799/administrateur-systemes-reseaux-et-securite-a-banque-atlantique,BANQUE ATLANTIQUE,Douala,Full-time
2020-05-06,Formateur PMP,https://www.jobinfocamer.com/job/24794/formateur-pmp-a-cugit-consulting,CUGIT Consulting,Douala,Full-time
2020-05-06,Cisco CCNA Trainer,https://www.jobinfocamer.com/job/24793/cisco-ccna-trainer-a-cugit-consulting,CUGIT Consulting,Douala,Full-time
2020-05-03,Développeur Back End .NET CORE,https://www.jobinfocamer.com/job/24765/developpeur-back-end-net-core-a-pse-consulting-sarl,PSE Consulting Sarl,Yaoundé,Part-time
2020-05-03,Stagiaire Technicien Réseau,https://www.jobinfocamer.com/job/24764/stagiaire-technicien-reseau-a-twingo-sarl,Twingo SARL,Yaoundé,Internship
2020-05-02,Information Technology Assistant,https://www.jobinfocamer.com/job/24757/information-technology-assistant-a-elizabeth-glaser-pediatric-aids-foundation,Elizabeth Glaser Pediatric AIDS Foundation,Ebolowa,Full-time
2020-04-25,Développeur Web,https://www.jobinfocamer.com/job/24728/developpeur-web-a-donsyl,DONSYL,Yaoundé,Internship
2020-04-24,RESPONSABLE SYSTEMES D'INFORMATION,https://www.jobinfocamer.com/job/24714/responsable-systemes-d-information-a-cimaf-cameroun,CIMAF CAMEROUN,Douala,Full-time
2020-04-23,Technicien informatique,https://www.jobinfocamer.com/job/24702/technicien-informatique-a-wise-computers,WISE COMPUTERS,Douala,Full-time
2020-04-23,Ingénieur Développeur,https://www.jobinfocamer.com/job/24706/ingenieur-developpeur-a-mel-investment-banking,Mel Investment Banking,Douala,Internship
2020-04-22,Stagiaire Système et Réseau,https://www.jobinfocamer.com/job/24696/stagiaire-systeme-et-reseau-a-muffedyc,MUFFEDYC,Yaoundé,Internship
2020-04-22,Ingénieur Technico-Commercial,https://www.jobinfocamer.com/job/24690/ingenieur-technico-commercial-a-wise-computers,WISE COMPUTERS,Douala et Yaoundé,Full-time
2020-04-16,Codeur/Développeur Python,https://www.jobinfocamer.com/job/24638/codeur-developpeur-python-a-panafrican-pacific-holdings,PANAFRICAN PACIFIC HOLDINGS,Yaoundé,Part-time
2020-04-14,Développeur logiciel Web et Android,https://www.jobinfocamer.com/job/24616/developpeur-logiciel-web-et-android-a-maas-consulting,Maas Consulting,Douala,Part-time
2020-04-07,Développeurs Web et Mobile (Android et IOS),https://www.jobinfocamer.com/job/24577/developpeurs-web-et-mobile-android-et-ios--a-digitech-sas,DIGITECH SAS,Douala,Part-time
2020-04-03,Développeur Web et Android,https://www.jobinfocamer.com/job/24563/developpeur-web-et-android-a-himore-medical,HIMORE MEDICAL,Yaoundé,Part-time
2020-04-02,UI/UX Designer,https://www.jobinfocamer.com/job/24560/ui-ux-designer-a-advance-it-group,ADVANCE IT GROUP,Yaoundé,Full-time
2020-04-02,Testeur/Validateur d'Applications Web et Mobiles,https://www.jobinfocamer.com/job/24553/testeur-validateur-d-applications-web-et-mobiles-a-advance-it-group,ADVANCE IT GROUP,Yaoundé,Full-time
2020-03-30,Développeur Stagiaire,https://www.jobinfocamer.com/job/24523/developpeur-stagiaire-a-madia-sarl,MADIA SARL,Yaoundé,Internship
2020-03-27,Développeurs Web stagiaires,https://www.jobinfocamer.com/job/24496/developpeurs-web-stagiaires-a-cefritech,CEFRITECH,Yaoundé,Internship
2020-03-26,TECHNICIEN RESEAUX INFORMATIQUES,https://www.jobinfocamer.com/job/24495/technicien-reseaux-informatiques-a-archipel,ARCHIPEL,Yaoundé,Full-time
2020-03-25,Technicien Réseau,https://www.jobinfocamer.com/job/24486/technicien-reseau-a-affaire-media,Affaire Média,Douala,Internship
2020-03-25,Programmeur Web/Application,https://www.jobinfocamer.com/job/24484/programmeur-web-application-a-affaire-media,Affaire Média,Douala,Internship
2020-03-22,CHARGÉ.E IT,https://www.jobinfocamer.com/job/24455/charge-e-it-a-giz,GIZ,Yaoundé,Part-time
2020-03-21,Technicien réseau informatique,https://www.jobinfocamer.com/job/24446/technicien-reseau-informatique-a-imagine-plus-ltd,IMAGINE PLUS LTD,Yaoundé,Part-time
2020-03-18,Développeur,https://www.jobinfocamer.com/job/24413/developpeur-a-fast-general-trading-dante-fox,Fast General Trading & Dante Fox,Douala,Full-time
2020-03-17,Développeur informatique,https://www.jobinfocamer.com/job/24401/developpeur-informatique-a-smopaye-sarl,SMOPAYE SARL,Yaoundé,Internship
2020-03-16,Analyste Test et Validation,https://www.jobinfocamer.com/job/24395/analyste-test-et-validation-a-advance-it-group,ADVANCE IT GROUP,Yaoundé,Full-time
2020-03-16,Administrateur Système et Réseau,https://www.jobinfocamer.com/job/24389/administrateur-systeme-et-reseau-a-advance-it-group,ADVANCE IT GROUP,Yaoundé,Full-time
2020-03-16,Administrateur système et réseau,https://www.jobinfocamer.com/job/24388/administrateur-systeme-et-reseau-a-entreprise-de-la-place,Entreprise de la place,Yaoundé,Full-time
2020-03-16,Développeur Java WEB Full-Stack,https://www.jobinfocamer.com/job/24381/developpeur-java-web-full-stack-a-advance-it-group,ADVANCE IT GROUP,Yaoundé,Full-time
2020-03-13,Stagiaire Administration Système Linux et Base de données,https://www.jobinfocamer.com/job/24353/stagiaire-administration-systeme-linux-et-base-de-donnees-a-isnov-sarl,ISNOV SARL,Yaoundé,Internship
2020-03-12,DEVELOPPEUR WEB/LOGICIEL,https://www.jobinfocamer.com/job/24339/developpeur-web-logiciel-a-tagus-drone,TAGUS DRONE,Yaoundé,Internship
2020-03-11,Développeur Web,https://www.jobinfocamer.com/job/24316/developpeur-web-a-entreprise-de-la-place,Entreprise de la place,Douala,Internship
2020-03-10,DÉVELOPPEUR .NET C#,https://www.jobinfocamer.com/job/24285/developpeur-net-c--a-muffedyc,Muffedyc,Yaoundé,Part-time
2020-03-09,Développeur informatique,https://www.jobinfocamer.com/job/24265/developpeur-informatique-a-adsyst,ADSYST,Douala,Internship
2020-03-07,Développeur d'applications Web,https://www.jobinfocamer.com/job/24252/developpeur-d-applications-web-a-la-centrale-informatique,La centrale Informatique,Douala,Part-time
2020-03-05,Protection Data Manager,https://www.jobinfocamer.com/job/24214/protection-data-manager-a-cicr,CICR,Yaoundé,Part-time
2020-03-05,DEVELOPPEUR PHP WEB FRONT ET BACK,https://www.jobinfocamer.com/job/24224/developpeur-php-web-front-et-back-a-success-consults,SUCCESS CONSULTS,Yaoundé,Full-time
2020-03-02,ODOO DEVELOPERS and INTEGRATOR,https://www.jobinfocamer.com/job/24164/odoo-developers-and-integrator-a-tbg,TBG,Douala,Full-time
2020-03-02,Développeur/Opérationnel (DevOps) python / Linux.,https://www.jobinfocamer.com/job/24158/developpeur-operationnel-devops-python-linux--a-nzhinusoft-cameroun-sarl,NzhinuSoft Cameroun SARL,Yaoundé,Full-time
2020-03-02,Ad and Graphics Designer,https://www.jobinfocamer.com/job/24168/ad-and-graphics-designer-a-tbg,TBG,Douala,Full-time
2020-03-02,"WordPress, Magento and Prestashop Developers",https://www.jobinfocamer.com/job/24165/wordpress-magento-and-prestashop-developers-a-tbg,TBG,Douala,Full-time
2020-02-28,CHARGE MS PROJET,https://www.jobinfocamer.com/job/24141/charge-ms-projet-a-sorepco-sa,SOREPCO SA,Douala,Full-time
2020-02-26,Développeur web senior,https://www.jobinfocamer.com/job/24114/developpeur-web-senior-a-africa-med-cameroun,AFRICA-MED CAMEROUN,Douala,Full-time
2020-02-25,Développeur Full stack Junior,https://www.jobinfocamer.com/job/24098/developpeur-full-stack-junior-a-nzinghaa-lab,NZINGHAA LAB,Douala,Full-time
2020-02-25,Développeur Web,https://www.jobinfocamer.com/job/24087/developpeur-web-a-affaire-media,Affaire Média,Télétravail,Internship
2020-02-24,Software engineer,https://www.jobinfocamer.com/job/24082/software-engineer-a-qui-go,QUI-GO,Douala,Full-time
2020-02-24,Formateur Digital,https://www.jobinfocamer.com/job/24057/formateur-digital-a-dembou-consulting,DEMBOU CONSULTING,Douala,Full-time
2020-02-21,Développeur web Django/Python,https://www.jobinfocamer.com/job/24019/developpeur-web-django-python-a-it-consulting,IT Consulting,Yaoundé,Internship
2020-02-18,COMMERCIAL,https://www.jobinfocamer.com/job/23994/commercial-a-service-technologie,SERVICE TECHNOLOGIE,Douala,Internship
2020-02-18,ANALYSTE BI (Business intelligence),https://www.jobinfocamer.com/job/23993/analyste-bi-business-intelligence--a-sorepco-sa,SOREPCO SA,Douala,Full-time
2020-02-16,DIRECTEUR DES OPÉRATIONS,https://www.jobinfocamer.com/job/23965/directeur-des-operations-a-suitch,SuiTch,Douala,Full-time
2020-02-13,Data Manager,https://www.jobinfocamer.com/job/23957/data-manager-a-la-croix-rouge-camerounaise-et-la-croix-rouge-francaise,La Croix-Rouge camerounaise et la Croix-Rouge française,Kousséri - Extrême-Nord,Part-time
2020-02-07,TECHNICIEN RESEAUX INFORMATIQUE ET SECURITE ELECTRONIQUE,https://www.jobinfocamer.com/job/23895/technicien-reseaux-informatique-et-securite-electronique-a-servitel,SERVITEL,Douala,Full-time
2020-01-30,Développeur Symfony et Ionic,https://www.jobinfocamer.com/job/23813/developpeur-symfony-et-ionic-a-inimov-sas,INIMOV SAS,Douala,Internship
2020-01-22,Développeur Python Full Stack,https://www.jobinfocamer.com/job/23706/developpeur-python-full-stack-a-y-note-sarl,Y-NOTE Sarl,Yaoundé,Full-time
2020-01-22,Développeur PYTHON/DJANGO,https://www.jobinfocamer.com/job/23702/developpeur-python-django-a-h2-altitude,H2 ALTITUDE,Yaoundé,Internship
2020-01-21,Développeur Java WEB Full-Stack,https://www.jobinfocamer.com/job/23697/developpeur-java-web-full-stack-a-advance-it-group,ADVANCE IT GROUP,Yaoundé,Full-time
2020-01-21,Administrateur système et réseau,https://www.jobinfocamer.com/job/23695/administrateur-systeme-et-reseau-a-entreprise-de-la-place,Entreprise de la place,Yaoundé,Full-time
2020-01-21,Programmeur,https://www.jobinfocamer.com/job/23694/programmeur-a-ats,ATS,Douala,Full-time
2020-01-21,Développeurs Web stagiaires,https://www.jobinfocamer.com/job/23693/developpeurs-web-stagiaires-a-cefritech,CEFRITECH,Yaoundé,Internship
2020-01-17,Head of Applications and Data Management,https://www.jobinfocamer.com/job/23650/head-of-applications-and-data-management-a-pan-african-savings-loans-cameroun-s-a,PAN AFRICAN SAVINGS & LOANS CAMEROUN S.A,Douala,Full-time
2020-01-15,IT COORDINATOR,https://www.jobinfocamer.com/job/23629/it-coordinator-a-beetle-heritage-holding-sa,BEETLE HERITAGE HOLDING SA,Douala,Full-time
2020-01-15,INFORMATICIEN,https://www.jobinfocamer.com/job/23619/informaticien-a-sci-sotradic,SCI SOTRADIC,Douala,Full-time
2020-01-15,Intégrateur de solution chargé de la Recherche et Développement.,https://www.jobinfocamer.com/job/23610/integrateur-de-solution-charge-de-la-recherche-et-developpement--a-entreprise-de-la-place,Entreprise de la place,Yaoundé,Full-time
2020-01-14,Développeur Laravel junior,https://www.jobinfocamer.com/job/23587/developpeur-laravel-junior-a-zoom-lab,Zoom Lab,Douala,Internship
2020-01-14,Développeur Python,https://www.jobinfocamer.com/job/23605/developpeur-python-a-wise-consulting-sarl,Wise Consulting SARL,Douala,Full-time
2020-01-11,Développeur confirmé Java/PHP/WordPress,https://www.jobinfocamer.com/job/23567/developpeur-confirme-java-php-wordpress-a-indyli-services,Indyli-Services,Douala,Internship
2020-01-10,Stagiaire en informatique,https://www.jobinfocamer.com/job/23549/stagiaire-en-informatique-a-kt-co-btp-sa,KT&CO BTP SA,Yaoundé,Internship
2020-01-10,Python-Flask Developer,https://www.jobinfocamer.com/job/23558/python-flask-developer-a-mainic-consulting,Mainic Consulting,Douala,Full-time
2020-01-09,Développeur Web,https://www.jobinfocamer.com/job/23541/developpeur-web-a-nano-web-services,Nano Web services,Yaoundé,Full-time
2020-01-08,TECHNICIEN MAINTENANCE INFORMATIQUE,https://www.jobinfocamer.com/job/23529/technicien-maintenance-informatique-a-cabinet-affides,Cabinet AFFIDES,Douala,Full-time
2020-01-08,DÉVELOPPEUR DRUPAL,https://www.jobinfocamer.com/job/23526/developpeur-drupal-a-h2-altitude,H2 ALTITUDE,Yaoundé,Internship
2020-01-08,"Développeur C#, ASP",https://www.jobinfocamer.com/job/23522/developpeur-c-asp-a-isic,ISIC,Douala,Full-time
2020-01-06,Stagiaires de haut niveau en informatique ou en mathématiques,https://www.jobinfocamer.com/job/23506/stagiaires-de-haut-niveau-en-informatique-ou-en-mathematiques-a-megasoft-sarl,MEGASOFT SARL,Yaoundé,Internship
2020-01-06,Développeur Symfony and Ionic (H/F),https://www.jobinfocamer.com/job/23505/developpeur-symfony-and-ionic-h-f--a-inimov-sas,INIMOV SAS,Douala,Internship
2020-01-06,INTEGRATEUR E-LEARNING,https://www.jobinfocamer.com/job/23502/integrateur-e-learning-a-aidrh-consulting,AIDRH CONSULTING,Yaoundé,Full-time
2020-01-06,ADMINISTRATEUR SYSTEME ET RESEAU,https://www.jobinfocamer.com/job/23501/administrateur-systeme-et-reseau-a-aidrh-consulting,AIDRH CONSULTING,Yaoundé,Full-time
2020-01-04,Développeurs Informatiques,https://www.jobinfocamer.com/job/23481/developpeurs-informatiques-a-entreprise-de-la-place,Entreprise de la place,Douala,Full-time
2019-12-30,ENSEIGNANT FORMATEUR EN INFOGRAPHIE 3D,https://www.jobinfocamer.com/job/23419/enseignant-formateur-en-infographie-3d-a-epfa,EPFA,Douala,Part-time
2019-12-30,ENSEIGNANT FORMATEUR EN INFOGRAPHIE 2D,https://www.jobinfocamer.com/job/23418/enseignant-formateur-en-infographie-2d-a-epfa,EPFA,Douala,Part-time
2019-12-30,ENSEIGNANT FORMATEUR EN MONTAGE VIDÉO,https://www.jobinfocamer.com/job/23420/enseignant-formateur-en-montage-video-a-epfa,EPFA,Douala,Part-time
2019-12-30,Android and iOS Developer,https://www.jobinfocamer.com/job/23423/android-and-ios-developer-a-mainic-consulting,Mainic Consulting,Douala,Full-time
2019-12-29,COMMUNITY MANAGER,https://www.jobinfocamer.com/job/23416/community-manager-a-danol-group,DANOL GROUP,Douala,Internship
2019-12-27,Développeur d'application mobile,https://www.jobinfocamer.com/job/23402/developpeur-d-application-mobile-a-brainstern-consulting,BRAINSTERN CONSULTING,Yaoundé,Part-time
2019-12-20,CONSULTANT TECHNICIEN EN INFORMATIQUE,https://www.jobinfocamer.com/job/23351/consultant-technicien-en-informatique-a-2cg-sarl,2CG sarl,Garoua,Part-time
2019-12-19,National Public Management Officer,https://www.jobinfocamer.com/job/23326/national-public-management-officer-a-pnud-cameroun,PNUD Cameroun,Buéa,Part-time
2019-12-17,STAGIAIRE PROFESSIONNEL,https://www.jobinfocamer.com/job/23314/stagiaire-professionnel-a-teletic,TELETIC,Douala,Internship
2019-12-12,Développeur Web/Mobile,https://www.jobinfocamer.com/job/23238/developpeur-web-mobile-a-cameroun-digital,Cameroun Digital,Douala,Internship
2019-12-09,Java WEB Backend Developer,https://www.jobinfocamer.com/job/23188/java-web-backend-developer-a-advance-it-group,ADVANCE IT GROUP,Yaoundé,Full-time
2019-12-09,Développeur Front-End WEB et Mobile Hybride,https://www.jobinfocamer.com/job/23186/developpeur-front-end-web-et-mobile-hybride-a-advance-it-group,ADVANCE IT GROUP,Yaoundé,Full-time
2019-12-06,DÉVELOPPEUR,https://www.jobinfocamer.com/job/23149/developpeur-a-css-engineering,CSS ENGINEERING,Douala,Internship
2019-12-06,Formateur Vacataire en informatique,https://www.jobinfocamer.com/job/23139/formateur-vacataire-en-informatique-a-solidarite-technologique,SOLIDARITÉ TECHNOLOGIQUE,Yaoundé,Part-time
2019-12-05,"Responsable informatique, Administrateur des Systèmes et réseaux informatiques",https://www.jobinfocamer.com/job/23125/responsable-informatique-administrateur-des-systemes-et-reseaux-informatiques-a-centre-pasteur-du-cameroun,Centre Pasteur du Cameroun,Yaoundé,Part-time
2019-12-02,Développeur Java WEB Backend,https://www.jobinfocamer.com/job/23102/developpeur-java-web-backend-a-advance-it-group,ADVANCE IT GROUP,Yaoundé,Full-time
2019-12-01,STAGIAIRES DEVELOPPEURS,https://www.jobinfocamer.com/job/23080/stagiaires-developpeurs-a-societe-generale-cameroun,SOCIETE GENERALE CAMEROUN,Douala,Internship
2019-11-30,Computer Systems Assistant,https://www.jobinfocamer.com/job/23072/computer-systems-assistant-a-u-s-embassy,U.S. Embassy,Yaoundé,Part-time
2019-11-29,Développeur/Opérationnel (DevOps) python / Linux,https://www.jobinfocamer.com/job/23064/developpeur-operationnel-devops-python-linux-a-entreprise-de-la-place,Entreprise de la place,Yaoundé,Full-time
2019-11-28,DÉVELOPPEUR BACK-END JAVA ET TECHNOLOGIES ASSIMILÉES,https://www.jobinfocamer.com/job/23062/developpeur-back-end-java-et-technologies-assimilees-a-ufi-payment-solutions,UFI Payment Solutions,Yaoundé,Part-time
2019-11-28,Développeur Web,https://www.jobinfocamer.com/job/23058/developpeur-web-a-amla-cameroun,AMLA CAMEROUN,Yaoundé,Full-time
2019-11-27,Développeur Mobile IOS / Android,https://www.jobinfocamer.com/job/23033/developpeur-mobile-ios-android-a-binghana-ltd,Binghana Ltd,Yaoundé,Internship
2019-11-26,Technicien Helpdesk,https://www.jobinfocamer.com/job/23020/technicien-helpdesk-a-bap-technologies,BAP Technologies,Yaoundé,Full-time
2019-11-25,Développeur-Testeur,https://www.jobinfocamer.com/job/23012/developpeur-testeur-a-bap-technologies,BAP Technologies,Yaoundé,Full-time
2019-11-20,DÉVELOPPEUR  WEB,https://www.jobinfocamer.com/job/22971/developpeur-web-a-jmj-africa,JMJ AFRICA,Yaoundé,Internship
2019-11-19,Développeur Front-End WEB et Mobile Hybride,https://www.jobinfocamer.com/job/22965/developpeur-front-end-web-et-mobile-hybride-a-advance-it-group,ADVANCE IT GROUP,Yaoundé,Full-time
2019-11-19,Java WEB Backend Developer,https://www.jobinfocamer.com/job/22964/java-web-backend-developer-a-advance-it-group,ADVANCE IT GROUP,Yaoundé,Full-time
2019-11-19,Consultant(e) IT Technico Fonctionnel,https://www.jobinfocamer.com/job/22962/consultant-e-it-technico-fonctionnel-a-ticnov,TICNOV,Douala,Full-time
2019-11-19,Analyste programmeur .NET,https://www.jobinfocamer.com/job/22955/analyste-programmeur-net-a-dev-net,Dev .NET,Yaoundé,Full-time
2019-11-15,Développeur Java WEB Backend,https://www.jobinfocamer.com/job/22933/developpeur-java-web-backend-a-advance-it-group,ADVANCE IT GROUP,Yaoundé,Full-time
2019-11-14,Développeur mobile et web,https://www.jobinfocamer.com/job/22927/developpeur-mobile-et-web-a-ntas-store,NTAS STORE,Douala,Full-time
2019-11-04,Développeur informatique   intégrateur,https://www.jobinfocamer.com/job/22772/developpeur-informatique-integrateur-a-djabbama-dounia-sarl,Djabbama Dounia Sarl,Ngaoundéré,Full-time
2019-11-04,Développeurs Web,https://www.jobinfocamer.com/job/22781/developpeurs-web-a-groupe-markup,Groupe Markup,Douala,Part-time
2019-11-02,Développeur BackEnd,https://www.jobinfocamer.com/job/22758/developpeur-backend-a-pse-consulting-sarl,PSE Consulting Sarl,Yaoundé,Full-time
2019-11-02,Développeur Mobile,https://www.jobinfocamer.com/job/22757/developpeur-mobile-a-pse-consulting-sarl,PSE Consulting Sarl,Yaoundé,Full-time
2019-10-31,Développeur WEB,https://www.jobinfocamer.com/job/22733/developpeur-web-a-multi-tv,MULTI TV,Douala,Full-time
2019-10-30,WEBDESIGNER,https://www.jobinfocamer.com/job/22718/webdesigner-a-afreetech,AFREETECH,Yaoundé,Part-time
2019-10-29,Développeur d application Mobile   Ionic,https://www.jobinfocamer.com/job/22700/developpeur-d-application-mobile-ionic-a-let-s-realize,LET'S REALIZE,Douala,Full-time
2019-10-28,DEVELOPPEURS WEB ET MOBILE,https://www.jobinfocamer.com/job/22682/developpeurs-web-et-mobile-a-skysoft-technology,SKYSOFT TECHNOLOGY,Douala,Internship
2019-10-24,Ingénieur Test et validation,https://www.jobinfocamer.com/job/22642/ingenieur-test-et-validation-a-modafa-sarl,MODAFA SARL,Yaoundé,Full-time
2019-10-24,DÉVELOPPEUR MOBILE,https://www.jobinfocamer.com/job/22640/developpeur-mobile-a-modafa-sarl,MODAFA SARL,Yaoundé,Full-time
2019-10-24,Développeur FULL STACK JAVA,https://www.jobinfocamer.com/job/22639/developpeur-full-stack-java-a-modafa-sarl,MODAFA SARL,Yaoundé,Full-time
2019-10-24,CHEF DE PROJET JAVA,https://www.jobinfocamer.com/job/22638/chef-de-projet-java-a-modafa-sarl,MODAFA SARL,Yaoundé,Full-time
2019-10-24,DÉVELOPPEUR WEB FRONT ET BACK ODOO ET ERP,https://www.jobinfocamer.com/job/22637/developpeur-web-front-et-back-odoo-et-erp-a-success-consults,SUCCESS CONSULTS,Yaoundé,Full-time
2019-10-22,Responsive Website and mobile App developer,https://www.jobinfocamer.com/job/22601/responsive-website-and-mobile-app-developer-a-cediane-sarl,CEDIANE SARL,Douala,Part-time
2019-10-22,DIGITAL and WEB ANALYST,https://www.jobinfocamer.com/job/22604/digital-and-web-analyst-a-djabbama-dounia-sarl,Djabbama Dounia Sarl,Ngaoundéré,Full-time
2019-10-22,Responsive Website and mobile App developer,https://www.jobinfocamer.com/job/22602/responsive-website-and-mobile-app-developer-a-cediane-sarl,CEDIANE SARL,Douala,Part-time
2019-10-17,Développeur WEB et mobile,https://www.jobinfocamer.com/job/22563/developpeur-web-et-mobile-a-entreprise-de-la-place,Entreprise de la place,Douala,Full-time
2019-10-12,Information Technology Administrator,https://www.jobinfocamer.com/job/22504/information-technology-administrator-a-african-wildlife-foundation,AFRICAN WILDLIFE FOUNDATION,Yaoundé,Full-time
2019-10-11,Développeur PYTHON et Formateur,https://www.jobinfocamer.com/job/22490/developpeur-python-et-formateur-a-ktc-center,KTC-CENTER,Yaoundé,Full-time
2019-10-09,Développeurs Mobile,https://www.jobinfocamer.com/job/22466/developpeurs-mobile-a-neg-prod-attitude,NEG'PROD ATTITUDE,Yaoundé,Full-time
2019-10-09,Développeurs FullStack,https://www.jobinfocamer.com/job/22464/developpeurs-fullstack-a-neg-prod-attitude,NEG'PROD ATTITUDE,Yaoundé,Full-time
2019-10-08,Recruitment in ICT Field,https://www.jobinfocamer.com/job/22441/recruitment-in-ict-field-a-ict-university-cameroon,ICT UNIVERSITY CAMEROON,Yaoundé,Full-time
2019-10-07,Développeurs,https://www.jobinfocamer.com/job/22438/developpeurs-a-neg-prod-attitude,NEG'PROD ATTITUDE,Yaoundé,Internship
2019-10-05,ASSISTANT SAV,https://www.jobinfocamer.com/job/22397/assistant-sav-a-upowa,UpOwa,Yaoundé,Full-time
2019-10-04,ASSISTANT CHEF DE PROJET,https://www.jobinfocamer.com/job/22393/assistant-chef-de-projet-a-megasoft-sarl,MEGASOFT SARL,Yaoundé,Part-time
2019-10-04,IT NETWORK MANAGER,https://www.jobinfocamer.com/job/22391/it-network-manager-a-elecit-engineering-sarl,ElecIT ENGINEERING SARL,Douala,Internship
2019-10-04,SOFTWARE DEVELOPPER,https://www.jobinfocamer.com/job/22390/software-developper-a-elecit-engineering-sarl,ElecIT ENGINEERING SARL,Douala,Internship
2019-10-03,Développeur web,https://www.jobinfocamer.com/job/22375/developpeur-web-a-danol-group,DANOL GROUP,Douala,Internship
2019-10-02,Spécialiste ICT (Helpdesk),https://www.jobinfocamer.com/job/22343/specialiste-ict-helpdesk--a-cicr,CICR,Yaoundé,Part-time
2019-10-02,Technico-Commercial(e),https://www.jobinfocamer.com/job/22352/technico-commercial-e--a-entreprise-de-la-place,Entreprise de la place,Douala,Full-time
2019-09-30,Technicien Photocopieurs et Imprimantes,https://www.jobinfocamer.com/job/22305/technicien-photocopieurs-et-imprimantes-a-dexxys-cameroun,Dexxys Cameroun,Douala,Full-time
2019-09-30,Technicien en maintenance informatique,https://www.jobinfocamer.com/job/22303/technicien-en-maintenance-informatique-a-dexxys-cameroun,Dexxys Cameroun,Douala,Full-time
2019-09-30,Développeur Web et Mobile,https://www.jobinfocamer.com/job/22291/developpeur-web-et-mobile-a-perfitcom,PERFITCOM,Douala,Internship
2019-09-28,DIRECTEUR DES OPERATIONS,https://www.jobinfocamer.com/job/22288/directeur-des-operations-a-suitch,SuiTch,Douala,Full-time
2019-09-27,Ingénieur des Systèmes d'Information,https://www.jobinfocamer.com/job/22270/ingenieur-des-systemes-d-information-a-sosucam,SOSUCAM,Nkoteng/Mbandjock,Full-time
2019-09-23,Développeur Odoo,https://www.jobinfocamer.com/job/22208/developpeur-odoo-a-it-services,IT SERVICES,Yaoundé,Full-time
2019-09-23,Stagiaire développeur/euse logiciel,https://www.jobinfocamer.com/job/22207/stagiaire-developpeur-euse-logiciel-a-ebanda-partners,EBANDA & PARTNERS,Douala,Internship
2019-09-19,INFORMATICIEN DÉVELOPPEUR APPLICATION,https://www.jobinfocamer.com/job/22183/informaticien-developpeur-application-a-mbs,MBS,Yaoundé,Full-time
2019-09-17,Recruitment in ICT Field,https://www.jobinfocamer.com/job/22162/recruitment-in-ict-field-a-ict-university-cameroon,ICT UNIVERSITY CAMEROON,Yaoundé,Full-time
2019-09-16,SUPERVISEUR (Chef de Plateau),https://www.jobinfocamer.com/job/22141/superviseur-chef-de-plateau--a-signature-s-a-s,SIGNATURE S.A.S,Douala,Part-time
2019-09-16,Stage Pré-emploi Développeur web,https://www.jobinfocamer.com/job/22135/stage-pre-emploi-developpeur-web-a-ntas-store,NTAS STORE,Douala,Internship
2019-09-13,Administrateur Réseaux système et Helpdesk,https://www.jobinfocamer.com/job/22104/administrateur-reseaux-systeme-et-helpdesk-a-oolu-solar,OOLU SOLAR,Douala,Part-time
2019-09-13,ICT ASSISTANT,https://www.jobinfocamer.com/job/22098/ict-assistant-a-pnud-cameroun,PNUD Cameroun,Yaoundé,Part-time
2019-09-13,"Network, System Administrator and Helpdesk",https://www.jobinfocamer.com/job/22106/network-system-administrator-and-helpdesk-a-oolu-solar,OOLU SOLAR,Douala,Part-time
2019-09-12,DÉVELOPPEUR WEB,https://www.jobinfocamer.com/job/22096/developpeur-web-a-scolaryx,SCOLARYX,Douala,Internship
2019-09-11,Responsable informatique,https://www.jobinfocamer.com/job/22068/responsable-informatique-a-nj-partners-s-a,NJ PARTNERS S.A,Douala,Part-time
2019-09-10,DÉVELOPPEUR WEB,https://www.jobinfocamer.com/job/22048/developpeur-web-a-pntec-ltd,PNTEC Ltd,Yaoundé,Internship
2019-09-09,IT SUPPORT,https://www.jobinfocamer.com/job/22035/it-support-a-kutiwa,KUTIWA,Douala,Full-time
2019-09-09,Informaticien Support,https://www.jobinfocamer.com/job/22034/informaticien-support-a-kutiwa,KUTIWA,Douala,Full-time
2019-09-09,Développeur / Intégrateur Prestashop Qualifié,https://www.jobinfocamer.com/job/22031/developpeur-integrateur-prestashop-qualifie-a-izisolutions,IziSolutions,Yaoundé,Part-time
2019-09-04,Développeur Expert PHP,https://www.jobinfocamer.com/job/21983/developpeur-expert-php-a-foti-sarl,FOTI SARL,Douala,Part-time
2019-09-04,Développeurs Web (Stage Professionnel),https://www.jobinfocamer.com/job/21974/developpeurs-web-stage-professionnel--a-ktc-center,KTC-CENTER,Yaoundé,Internship
2019-09-02,Stage professionnel programmeur,https://www.jobinfocamer.com/job/21946/stage-professionnel-programmeur-a-ats,ATS,Douala,Internship
2019-08-31,Artist Designer Technique En 3D,https://www.jobinfocamer.com/job/21930/artist-designer-technique-en-3d-a-blackhole-media-tech,Blackhole Media&Tech,Douala,Full-time
2019-08-29,Stage professionnel Développeur Web,https://www.jobinfocamer.com/job/21900/stage-professionnel-developpeur-web-a-ats,ATS,Douala,Part-time
2019-08-29,Data Manager,https://www.jobinfocamer.com/job/21897/data-manager-a-la-croix-rouge-camerounaise-et-la-croix-rouge-francaise,La Croix-Rouge camerounaise et la Croix-Rouge française,Maroua,Part-time
2019-08-27,DÉVELOPPEUR WEB,https://www.jobinfocamer.com/job/21859/developpeur-web-a-upowa,UpOwa,Yaoundé,Full-time
2019-08-26,Java DevOps testeur-validateur,https://www.jobinfocamer.com/job/21844/java-devops-testeur-validateur-a-advance-it-group,ADVANCE IT GROUP,Yaoundé,Full-time
2019-08-26,Développeur JavaWeb,https://www.jobinfocamer.com/job/21842/developpeur-javaweb-a-advance-it-group,ADVANCE IT GROUP,Yaoundé,Full-time
2019-08-26,Développeur d'application mobile,https://www.jobinfocamer.com/job/21845/developpeur-d-application-mobile-a-advance-it-group,ADVANCE IT GROUP,Yaoundé,Full-time
2019-08-26,Développeur Web,https://www.jobinfocamer.com/job/21852/developpeur-web-a-mainic-sas,Mainic SAS,Douala,Full-time
2019-08-25,DÉVELOPPEUR WEB,https://www.jobinfocamer.com/job/21840/developpeur-web-a-pheonix-lab,PHEONIX LAB,Douala,Internship
2019-08-25,RESPONSABLE SECURITE DES SYSTEMES D INFORMATION,https://www.jobinfocamer.com/job/21833/responsable-securite-des-systemes-d-information-a-tradex-sa,TRADEX SA,Douala,Full-time
2019-08-21,INFORMATICIEN(NE),https://www.jobinfocamer.com/job/21801/informaticien-ne--a-autohaus-s-a-,AUTOHAUS S.A.,Yaoundé / Douala,Full-time
2019-08-19,Développeur Web,https://www.jobinfocamer.com/job/21776/developpeur-web-a-shlife-sas,Shlife SAS,Douala,Full-time
2019-08-18,Agent IT,https://www.jobinfocamer.com/job/21766/agent-it-a-isas-sarl,ISAS SARL,Douala,Full-time
2019-08-15,Web DESIGNER / INFOGRAPHE,https://www.jobinfocamer.com/job/21738/web-designer-infographe-a-wely-market,Wely Market,Douala,Part-time
2019-08-15,DÉVELOPPEUR WEB,https://www.jobinfocamer.com/job/21732/developpeur-web-a-tagus-drone,TAGUS DRONE,Yaoundé,Internship
2019-08-13,Développeur Intégrateur Web,https://www.jobinfocamer.com/job/21709/developpeur-integrateur-web-a-mard,MARD,Douala,Internship
2019-08-10,WORDPRESS DEVELOPER,https://www.jobinfocamer.com/job/21675/wordpress-developer-a-mano-sarl,MANO SARL,Douala,Full-time
2019-08-08,Associate Data Officer,https://www.jobinfocamer.com/job/21664/associate-data-officer-a-elizabeth-glaser-pediatric-aids-foundation,Elizabeth Glaser Pediatric AIDS Foundation,Douala,Part-time
2019-08-08,Adjoint au Gestionnaire des bases de données,https://www.jobinfocamer.com/job/21663/adjoint-au-gestionnaire-des-bases-de-donnees-a-elizabeth-glaser-pediatric-aids-foundation,Elizabeth Glaser Pediatric AIDS Foundation,"Region du Littoral, Cameroon",Part-time
2019-08-06,Développeur web et mobile,https://www.jobinfocamer.com/job/21613/developpeur-web-et-mobile-a-nexah-sarl,NEXAH SARL,Douala,Internship
2019-08-06,Développeur Mobile,https://www.jobinfocamer.com/job/21615/developpeur-mobile-a-universal-software,UNIVERSAL SOFTWARE,Douala,Part-time
2019-08-05,RESPONSABLE INFORMATIQUE ET TELECOMMUNICATIONS,https://www.jobinfocamer.com/job/21601/responsable-informatique-et-telecommunications-a-nachtigal-hydro-power-company-nhpc-,Nachtigal Hydro Power Company(NHPC),Yaoundé,Full-time
2019-08-05,IT Support manager,https://www.jobinfocamer.com/job/21608/it-support-manager-a-entreprise-de-la-place,Entreprise de la place,Douala,Full-time
2019-08-04,Développeurs Web (Stage Professionnel),https://www.jobinfocamer.com/job/21591/developpeurs-web-stage-professionnel--a-ktc-center,KTC-CENTER,Yaoundé,Internship
2019-08-03,Dévelopeur web,https://www.jobinfocamer.com/job/21586/developeur-web-a-danol-group,DANOL GROUP,Douala,Full-time
2019-07-31,Développeur web et mobile,https://www.jobinfocamer.com/job/21543/developpeur-web-et-mobile-a-big-data-solution,Big Data Solution,Yaoundé,Internship
2019-07-30,Développeur Web et Android,https://www.jobinfocamer.com/job/21524/developpeur-web-et-android-a-mta-cameroun-sa,MTA CAMEROUN SA,Douala,Internship
2019-07-30,Développeur Web Laravel,https://www.jobinfocamer.com/job/21522/developpeur-web-laravel-a-paykap-mobile-money,PayKap Mobile Money,Douala,Part-time
2019-07-30,DevOps,https://www.jobinfocamer.com/job/21520/devops-a-advance-it-group,ADVANCE IT GROUP,Yaoundé,Full-time
2019-07-30,JAVAWeb Developer,https://www.jobinfocamer.com/job/21519/javaweb-developer-a-advance-it-group,ADVANCE IT GROUP,Yaoundé,Full-time
2019-07-30,Développeur Flutter,https://www.jobinfocamer.com/job/21512/developpeur-flutter-a-it-services,IT SERVICES,Yaoundé,Full-time
2019-07-30,RESPONSABLE INFORMATIQUE,https://www.jobinfocamer.com/job/21509/responsable-informatique-a-sorepco-sa,SOREPCO SA,Douala,Full-time
2019-07-30,Mobile App Developer,https://www.jobinfocamer.com/job/21505/mobile-app-developer-a-advance-it-group,ADVANCE IT GROUP,Yaoundé,Full-time
2019-07-28,Consultant Junior,https://www.jobinfocamer.com/job/21476/consultant-junior-a-signature-s-a-s,SIGNATURE S.A.S,Douala,Part-time
2019-07-25,Développeur Mobile,https://www.jobinfocamer.com/job/21437/developpeur-mobile-a-amla-cameroun,AMLA CAMEROUN,Yaoundé,Full-time
2019-07-25,Développeurs d'applications,https://www.jobinfocamer.com/job/21443/developpeurs-d-applications-a-smopaye-sarl,SMOPAYE SARL,Yaoundé,Internship
2019-07-25,Développeur Web,https://www.jobinfocamer.com/job/21439/developpeur-web-a-amla-cameroun,AMLA CAMEROUN,Yaoundé,Full-time
2019-07-24,Designer UX/UI,https://www.jobinfocamer.com/job/21430/designer-ux-ui-a-softconfig,SoftConfig,Douala,Part-time
2019-07-24,Assistants Commerciaux Informatique,https://www.jobinfocamer.com/job/21427/assistants-commerciaux-informatique-a-paness,PANESS,Douala,Full-time
2019-07-24,Développeur WEB JAVA J2EE,https://www.jobinfocamer.com/job/21411/developpeur-web-java-j2ee-a-cabinet-innov-for-you-dohone,Cabinet INNOV FOR YOU | DOHONE,Yaoundé,Part-time
2019-07-23,Développeur d'Applications Mobiles,https://www.jobinfocamer.com/job/21402/developpeur-d-applications-mobiles-a-advance-it-group,ADVANCE IT GROUP,Yaoundé,Full-time
2019-07-23,Java DevOps,https://www.jobinfocamer.com/job/21396/java-devops-a-advance-it-group,ADVANCE IT GROUP,Yaoundé,Full-time
2019-07-23,Développeur Java Web,https://www.jobinfocamer.com/job/21391/developpeur-java-web-a-advance-it-group,ADVANCE IT GROUP,Yaoundé,Full-time
2019-07-23,Développeur Java EE,https://www.jobinfocamer.com/job/21389/developpeur-java-ee-a-advance-it-group,ADVANCE IT GROUP,Yaoundé,Full-time
2019-07-22,Développeur Android,https://www.jobinfocamer.com/job/21379/developpeur-android-a-it-services,IT SERVICES,Yaoundé,Full-time
2019-07-21,INTERN - ICT Support,https://www.jobinfocamer.com/job/21373/intern-ict-support-a-pnud-cameroun,PNUD Cameroun,Yaoundé,Internship
2019-07-21,Contrôleur Sécurité informatique,https://www.jobinfocamer.com/job/21372/controleur-securite-informatique-a-banque-atlantique,BANQUE ATLANTIQUE,Douala,Full-time
2019-07-18,Développeur Full Stack,https://www.jobinfocamer.com/job/21355/developpeur-full-stack-a-dino-fils-sa,DINO & FILS SA,Yaoundé,Internship
2019-07-18,Administrateur système et réseau,https://www.jobinfocamer.com/job/21356/administrateur-systeme-et-reseau-a-dino-fils-sa,DINO & FILS SA,Yaoundé,Internship
2019-07-17,DÉVELOPPEUR WEB,https://www.jobinfocamer.com/job/21342/developpeur-web-a-churchill-training-institute,CHURCHILL TRAINING INSTITUTE,Douala,Part-time
2019-07-16,Test Engineer,https://www.jobinfocamer.com/job/21303/test-engineer-a-transsion-holdings,Transsion Holdings,Douala,Full-time
2019-07-15,Développeur Android,https://www.jobinfocamer.com/job/21290/developpeur-android-a-heyl-o,Heyl'O,Douala,Full-time
2019-07-11,Développeur Symphony,https://www.jobinfocamer.com/job/21222/developpeur-symphony-a-zoom-lab,Zoom Lab,Douala,Full-time
2019-07-10,DevOps,https://www.jobinfocamer.com/job/21216/devops-a-advance-it-group,ADVANCE IT GROUP,Yaoundé,Full-time
2019-07-10,JAVA Web Developer,https://www.jobinfocamer.com/job/21213/java-web-developer-a-advance-it-group,ADVANCE IT GROUP,Yaoundé,Full-time
2019-07-10,IT Informaticien,https://www.jobinfocamer.com/job/21193/it-informaticien-a-entreprise-de-la-place,Entreprise de la place,Douala,Part-time
2019-07-09,Mobile App Developer,https://www.jobinfocamer.com/job/21187/mobile-app-developer-a-advance-it-group,ADVANCE IT GROUP,Yaoundé,Full-time
2019-07-09,Technicien réseaux et Telecom,https://www.jobinfocamer.com/job/21185/technicien-reseaux-et-telecom-a-it-solutions-services-sarl,IT SOLUTIONS & SERVICES SARL,Douala,Full-time
2019-07-08,STAGIAIRE EN INFORMATIQUE ET DESIGN,https://www.jobinfocamer.com/job/21158/stagiaire-en-informatique-et-design-a-afrikanet-gosat,AFRIKANET-GoSat,Douala,Internship
2019-07-05,Stage professionnel,https://www.jobinfocamer.com/job/21135/stage-professionnel-a-memphis-consulting-sarl,MEMPHIS CONSULTING Sarl,Douala,Internship
2019-07-03,Testeur Validateur d'Applications Java WEB et Mobiles,https://www.jobinfocamer.com/job/21107/testeur-validateur-d-applications-java-web-et-mobiles-a-advance-it-group,ADVANCE IT GROUP,Yaoundé,Full-time
2019-07-03,Développeur de gestion/Développeur de web,https://www.jobinfocamer.com/job/21111/developpeur-de-gestion-developpeur-de-web-a-ong-japsso,ONG JAPSSO,Yaoundé,Internship
2019-07-03,Informaticien stagiaire,https://www.jobinfocamer.com/job/21113/informaticien-stagiaire-a-kamerun-it,Kamerun IT,Yaoundé,Internship
2019-07-03,Graphiste,https://www.jobinfocamer.com/job/21115/graphiste-a-kamerun-it,Kamerun IT,Yaoundé,Part-time
2019-07-03,Développeur(euse) Angular / Ionic,https://www.jobinfocamer.com/job/21116/developpeur-euse-angular-ionic-a-kamerun-it,Kamerun IT,Yaoundé,Part-time
2019-07-02,Développeur Java WEB,https://www.jobinfocamer.com/job/21100/developpeur-java-web-a-advance-it-group,ADVANCE IT GROUP,Yaoundé,Full-time
2019-06-28,Rédacteurs de tutoriels (travail à distance),https://www.jobinfocamer.com/job/21060/redacteurs-de-tutoriels-travail-a-distance--a-tech-insights-ltd,Tech Insights Ltd,Douala,Part-time
2019-06-19,Développeur Mobile Android/IOS,https://www.jobinfocamer.com/job/20947/developpeur-mobile-android-ios-a-advance-it-group,ADVANCE IT GROUP,Yaoundé,Full-time
2019-06-19,DÉVELOPPEUR WEB,https://www.jobinfocamer.com/job/20945/developpeur-web-a-mainic-sas,Mainic SAS,Douala,Internship
2019-06-18,Développeur web junior,https://www.jobinfocamer.com/job/20934/developpeur-web-junior-a-ets-nobisoft,ETS NOBISOFT,Douala,Internship
2019-06-18,Gestionnaire des données et de la cartographie,https://www.jobinfocamer.com/job/20931/gestionnaire-des-donnees-et-de-la-cartographie-a-action-contre-la-faim-acf-,Action Contre la Faim(ACF),Maroua,Part-time
2019-06-15,INGENIEUR RESEAUX TELECOM,https://www.jobinfocamer.com/job/20901/ingenieur-reseaux-telecom-a-societe-generale-cameroun,SOCIETE GENERALE CAMEROUN,Douala,Full-time
2019-06-15,RESPONSABLE QUALITE et MAITRISE D OUVRAGE DSI,https://www.jobinfocamer.com/job/20896/responsable-qualite-et-maitrise-d-ouvrage-dsi-a-bollore-transport-logistics,BOLLORE TRANSPORT & LOGISTICS,Douala,Full-time
2019-06-15,"CHARGE DE SUPPORT, TRANSITION APPLICATIFS ET GESTIONNAIRE DE DONNÉES DE RÉFÉRENCE",https://www.jobinfocamer.com/job/20895/charge-de-support-transition-applicatifs-et-gestionnaire-de-donnees-de-reference-a-bollore-transport-logistics,BOLLORE TRANSPORT & LOGISTICS,Douala,Full-time
2019-06-14,Stagiaires Développeurs,https://www.jobinfocamer.com/job/20892/stagiaires-developpeurs-a-h2-altitude,H2 Altitude,Yaoundé,Internship
2019-06-12,DÉVELOPPEUR LOGICIEL/SOFTWARE DEVELOPER,https://www.jobinfocamer.com/job/20855/developpeur-logiciel-software-developer-a-gtic,GTIC,Douala,Part-time
2019-06-11,IT Intern,https://www.jobinfocamer.com/job/20845/it-intern-a-world-wilde-fund-for-nature-wwf-,World Wilde Fund for Nature(WWF),Yaoundé,Internship
2019-06-10,Développeur Full Stack Java EE / Angular,https://www.jobinfocamer.com/job/20831/developpeur-full-stack-java-ee-angular-a-softconfig,SoftConfig,Douala,Part-time
2019-06-07,Responsables formations pour entreprises,https://www.jobinfocamer.com/job/20783/responsables-formations-pour-entreprises-a-polytech-valor,POLYTECH VALOR,Yaoundé,Full-time
2019-06-07,Contrôleurs,https://www.jobinfocamer.com/job/20786/controleurs-a-megasoft-sarl,MEGASOFT SARL,Yaoundé,Internship
2019-06-05,Stage Ingénieur Système / Administrateur Réseau,https://www.jobinfocamer.com/job/20748/stage-ingenieur-systeme-administrateur-reseau-a-mard-ets,Mard Ets,Douala,Internship
2019-06-05,Stage développement web,https://www.jobinfocamer.com/job/20747/stage-developpement-web-a-mard-ets,Mard Ets,Douala,Internship
2019-06-05,Stage développeur Front End - Angular/Vuejs/React,https://www.jobinfocamer.com/job/20746/stage-developpeur-front-end-angular-vuejs-react-a-mard-ets,Mard Ets,Douala,Internship
2019-06-05,Stage Objet connecté - Electronicien Programmeur,https://www.jobinfocamer.com/job/20745/stage-objet-connecte-electronicien-programmeur-a-mard-ets,Mard Ets,Douala,Internship
2019-06-01,Webdesigner,https://www.jobinfocamer.com/job/20721/webdesigner-a-particulier,Particulier,Douala,Part-time
2019-05-29,Secrétaire de projet,https://www.jobinfocamer.com/job/20697/secretaire-de-projet-a-megasoft-sarl,MEGASOFT SARL,Yaoundé,Part-time
2019-05-29,Assistant Chef de Projet,https://www.jobinfocamer.com/job/20696/assistant-chef-de-projet-a-megasoft-sarl,MEGASOFT SARL,Yaoundé,Part-time
2019-05-29,STAGE PROFESSIONNEL,https://www.jobinfocamer.com/job/20694/stage-professionnel-a-axxentis,Axxentis,Yaoundé,Internship
2019-05-28,Stagiaires de haut niveau en informatique ou en mathématiques,https://www.jobinfocamer.com/job/20690/stagiaires-de-haut-niveau-en-informatique-ou-en-mathematiques-a-megasoft-sarl,MEGASOFT SARL,Yaoundé,Internship
2019-05-28,IT MANAGER,https://www.jobinfocamer.com/job/20684/it-manager-a-african-institute-for-mathematical-sciences,African Institute for Mathematical Sciences,Limbe,Part-time
2019-05-28,Ingénieur des travaux informatique ou DUT en informatique,https://www.jobinfocamer.com/job/20692/ingenieur-des-travaux-informatique-ou-dut-en-informatique-a-megasoft-sarl,MEGASOFT SARL,Yaoundé,Part-time
2019-05-25,Animateur des Ateliers Informatiques,https://www.jobinfocamer.com/job/20668/animateur-des-ateliers-informatiques-a-genius-center,GENIUS CENTER,Kribi,Internship
2019-05-24,INFORMATICIENS SPECIALISTES DE BASES DE DONNEES,https://www.jobinfocamer.com/job/20660/informaticiens-specialistes-de-bases-de-donnees-a-entreprise-de-la-place,Entreprise de la place,Yaoundé,Part-time
2019-05-20,Ingénieur développement Web,https://www.jobinfocamer.com/job/20601/ingenieur-developpement-web-a-themis-technologies,Thémis technologies,Yaoundé,Internship
2019-05-17,Stagiaire developpeur,https://www.jobinfocamer.com/job/20579/stagiaire-developpeur-a-themis-technologies,Thémis technologies,Yaoundé,Internship
2019-05-17,Développeur frontend and UX designer,https://www.jobinfocamer.com/job/20577/developpeur-frontend-and-ux-designer-a-agtx,AGTX,Yaoundé,Full-time
2019-05-17,Gestionnaire Système d Informations et Gestion Sénior,https://www.jobinfocamer.com/job/20575/gestionnaire-systeme-d-informations-et-gestion-senior-a-advans-cameroun,ADVANS CAMEROUN,Douala,Full-time
2019-05-15,Développeur Javascript Front-End,https://www.jobinfocamer.com/job/20548/developpeur-javascript-front-end-a-binghana-ltd,Binghana Ltd,Yaoundé,Internship
2019-05-15,Développeur Mobile IOS / Android,https://www.jobinfocamer.com/job/20547/developpeur-mobile-ios-android-a-binghana-ltd,Binghana Ltd,Yaoundé,Internship
2019-05-15,Web Designer (Intern),https://www.jobinfocamer.com/job/20543/web-designer-intern--a-expert-versions,Expert Versions,Douala,Internship
2019-05-14,DEVELOPPEUR FRONT-END,https://www.jobinfocamer.com/job/20522/developpeur-front-end-a-cotafric,COTAFRIC,Douala,Full-time
2019-05-09,BUSINESS SOLUTION ENGINEER,https://www.jobinfocamer.com/job/20466/business-solution-engineer-a-entreprise-de-ntic,ENTREPRISE DE NTIC,Yaoundé,Full-time
2019-05-08,Web Developer,https://www.jobinfocamer.com/job/20446/web-developer-a-peers-exchange-cameroon,Peers Exchange Cameroon,Douala,Full-time
2019-05-08,DÉVELOPPEUR/CONCEPTEUR/ANALYSTE,https://www.jobinfocamer.com/job/20448/developpeur-concepteur-analyste-a-cediane-sarl,CEDIANE SARL,Douala,Internship
2019-05-08,PROGRAMMEUR WEB ET MOBILE,https://www.jobinfocamer.com/job/20452/programmeur-web-et-mobile-a-gtic,GTIC,Douala,Part-time
2019-05-08,Ingénieur Support,https://www.jobinfocamer.com/job/20453/ingenieur-support-a-itgstore-consulting,ITGSTORE Consulting,Douala,Full-time
2019-05-08,DEVELOPPEUR LOGICIEL/SOFTWARE DEVELOPPER,https://www.jobinfocamer.com/job/20457/developpeur-logiciel-software-developper-a-gtic,GTIC,Douala,Part-time
2019-05-08,WEB DESIGNER,https://www.jobinfocamer.com/job/20455/web-designer-a-ewonga-sarl,EWONGA SARL,Douala,Part-time
2019-05-07,Chargé de suivi-évaluation,https://www.jobinfocamer.com/job/20441/charge-de-suivi-evaluation-a-la-croix-rouge-camerounaise-et-la-croix-rouge-francaise,La Croix-Rouge camerounaise et la Croix-Rouge française,Batouri - Est-Cameroun,Part-time
2019-05-06,Développeur web Senior,https://www.jobinfocamer.com/job/20419/developpeur-web-senior-a-universal-software,UNIVERSAL SOFTWARE,Douala,Part-time
2019-05-03,Webmaster,https://www.jobinfocamer.com/job/20401/webmaster-a-denis-and-lenora-foretia-foundation,Denis and Lenora Foretia Foundation,Yaoundé,Full-time
2019-05-03,Administrateur base de données MS SQL Server confirmé(e),https://www.jobinfocamer.com/job/20400/administrateur-base-de-donnees-ms-sql-server-confirme-e--a-entreprise-de-la-place,Entreprise de la place,Douala,Full-time
2019-05-02,Stage Académique en Analyse de Données,https://www.jobinfocamer.com/job/20389/stage-academique-en-analyse-de-donnees-a-shlife-sas,SHLIFE SAS,Douala,Internship
2019-04-30,Développeur Mobile,https://www.jobinfocamer.com/job/20362/developpeur-mobile-a-it-services,IT SERVICES,Yaoundé,Full-time
2019-04-26,Développeur Odoo,https://www.jobinfocamer.com/job/20339/developpeur-odoo-a-it-services,IT SERVICES,Yaoundé,Full-time
2019-04-25,Java Engineer,https://www.jobinfocamer.com/job/20321/java-engineer-a-rfo-consulting,RFO CONSULTING,Douala,Part-time
2019-04-24,"Freelancer WEB (Django, React JS)",https://www.jobinfocamer.com/job/20286/freelancer-web-django-react-js--a-ewonga-sarl,EWONGA SARL,Douala,Part-time
2019-04-18,Animateur des Ateliers Informatiques,https://www.jobinfocamer.com/job/20207/animateur-des-ateliers-informatiques-a-genius-center,Genius Center,Douala,Internship
2019-04-17,Développeur Web PRESTASHOP,https://www.jobinfocamer.com/job/20192/developpeur-web-prestashop-a-binghana-ltd,Binghana Ltd,Yaoundé,Full-time
2019-04-17,Intégrateur Web,https://www.jobinfocamer.com/job/20191/integrateur-web-a-binghana-ltd,Binghana Ltd,Yaoundé,Full-time
2019-04-17,Développeur BI,https://www.jobinfocamer.com/job/20193/developpeur-bi-a-it-services,IT SERVICES,Yaoundé,Full-time
2019-04-17,Développeur Mobile Flutter,https://www.jobinfocamer.com/job/20194/developpeur-mobile-flutter-a-it-services,IT SERVICES,Yaoundé,Full-time
2019-04-16,DÉVELOPPEUR D'APPLICATIONS MOBILES,https://www.jobinfocamer.com/job/20187/developpeur-d-applications-mobiles-a-ufi-payment-solutions,UFI PAYMENT SOLUTIONS,Yaoundé,Part-time
2019-04-15,FROND END( UI/UX) DEVELOPER AND WEB and GRAPHIC DESIGNER AT VTC,https://www.jobinfocamer.com/job/20165/frond-end-ui-ux-developer-and-web-and-graphic-designer-at-vtc-a-vtc,VTC,Douala,Full-time
2019-04-14,Database Administrator,https://www.jobinfocamer.com/job/20147/database-administrator-a-cidc-s-a-,CIDC S.A.,Yaoundé,Full-time
2019-04-12,Chef d'équipe de développement JAVA JEE SPRING,https://www.jobinfocamer.com/job/20129/chef-d-equipe-de-developpement-java-jee-spring-a-it-services,IT SERVICES,Yaoundé,Full-time
2019-04-11,Développeur Web,https://www.jobinfocamer.com/job/20118/developpeur-web-a-paykap-mobile-money,PayKap Mobile Money,Douala,Full-time
2019-04-10,RESPONSABLE INFORMATIQUE,https://www.jobinfocamer.com/job/20111/responsable-informatique-a-auto-22-industry-sarl,AUTO 22 INDUSTRY SARL,Douala,Full-time
2019-04-08,DÉVELOPPEUR JAVA JEE SPRING,https://www.jobinfocamer.com/job/20079/developpeur-java-jee-spring-a-it-services,IT SERVICES,Yaoundé,Full-time
2019-04-06,Développeur Web,https://www.jobinfocamer.com/job/20069/developpeur-web-a-donsyl,DONSYL,Yaoundé,Internship
2019-04-06,ICT Focal Point,https://www.jobinfocamer.com/job/20066/ict-focal-point-a-organisation-mondiale-de-la-sante,ORGANISATION MONDIALE DE LA SANTE,Yaoundé,Part-time
2019-04-04,Développeur d'applications,https://www.jobinfocamer.com/job/20044/developpeur-d-applications-a-smopaye-sarl,SMOPAYE SARL,Yaoundé,Full-time
2019-04-03,Stagiaire développeur Web,https://www.jobinfocamer.com/job/20032/stagiaire-developpeur-web-a-betuulabs,Betuulabs,Douala,Internship
2019-04-02,Développeur(s) stagiaire(s),https://www.jobinfocamer.com/job/20018/developpeur-s-stagiaire-s--a-mainic-sas,Mainic SAS,Douala,Internship
2019-03-29,Développeur  Web programmation orientée objet (POO),https://www.jobinfocamer.com/job/19972/developpeur-web-programmation-orientee-objet-poo--a-paykap-mobile-money,PayKap Mobile Money,Douala,Full-time
2019-03-29,"Designers, Developers and Robotics engineers wanted",https://www.jobinfocamer.com/job/19970/designers-developers-and-robotics-engineers-wanted-a-genius-center,Genius Center,Douala,Full-time
2019-03-27,Stage préemploi Ingénieur système embarqué,https://www.jobinfocamer.com/job/19953/stage-preemploi-ingenieur-systeme-embarque-a-bao-sarl,BAO SARL,Douala,Internship
2019-03-26,Développeur Web JEE,https://www.jobinfocamer.com/job/19933/developpeur-web-jee-a-it-services,IT SERVICES,Yaoundé,Full-time
2019-03-22,Formateur expérimenté en pack office,https://www.jobinfocamer.com/job/19898/formateur-experimente-en-pack-office-a-archipel,ARCHIPEL,Douala,Full-time
2019-03-21,QUALITY ASSURANCE ENGINEER (MOBILE AND WEB APPS),https://www.jobinfocamer.com/job/19876/quality-assurance-engineer-mobile-and-web-apps--a-maviance-cameroon-plc,Maviance Cameroon PLC,Douala,Full-time
2019-03-21,Infrastructure Server and Desktop Support Services Officer,https://www.jobinfocamer.com/job/19868/infrastructure-server-and-desktop-support-services-officer-a-ecobank-cameroun,ECOBANK CAMEROUN,Douala,Full-time
2019-03-20,Technicien en télécommunication,https://www.jobinfocamer.com/job/19859/technicien-en-telecommunication-a-telecom-upgrade,TELECOM UPGRADE,Douala et Yaoundé,Internship
2019-03-19,ICT Supervisor,https://www.jobinfocamer.com/job/19840/ict-supervisor-a-doctors-without-borders,Doctors Without Borders,Buéa,Part-time
2019-03-17,Développeur d applications web Java EE et mobile hybride avec IONIC,https://www.jobinfocamer.com/job/19813/developpeur-d-applications-web-java-ee-et-mobile-hybride-avec-ionic-a-jas-sarl,JAS sarl,Yaoundé,Part-time
2019-03-15,Stagiaires développeurs,https://www.jobinfocamer.com/job/19794/stagiaires-developpeurs-a-h2-altitude,H2 Altitude,Yaoundé,Internship
2019-03-15,COMMUNITY MANAGER,https://www.jobinfocamer.com/job/19792/community-manager-a-css-engineering,CSS ENGINEERING,Douala,Internship
2019-03-12,Développeur Web (Télétravail),https://www.jobinfocamer.com/job/19744/developpeur-web-teletravail--a-it-services,IT SERVICES,Yaoundé,Internship
2019-03-10,Développeur Web J2E,https://www.jobinfocamer.com/job/19724/developpeur-web-j2e-a-it-services,IT SERVICES,Yaoundé,Full-time
2019-03-09,Stage Académique Développeur logiciel,https://www.jobinfocamer.com/job/19716/stage-academique-developpeur-logiciel-a-bao-sarl,BAO SARL,Douala,Internship
2019-03-05,CADRE DÉVELOPPEUR,https://www.jobinfocamer.com/job/19647/cadre-developpeur-a-tradex-sa,TRADEX SA,Douala,Full-time
2019-03-04,DATA ANALYST,https://www.jobinfocamer.com/job/19639/data-analyst-a-africa-food-distribution-sa,AFRICA FOOD DISTRIBUTION SA,Douala,Full-time
2019-03-02,Développeur,https://www.jobinfocamer.com/job/19619/developpeur-a-cediane-sarl,CEDIANE SARL,Douala,Part-time
2019-03-01,Développeur Web,https://www.jobinfocamer.com/job/19616/developpeur-web-a-cameroun-digital,Cameroun Digital,Douala,Internship
2019-02-26,DEVELOPPEUR FULL STACK,https://www.jobinfocamer.com/job/19565/developpeur-full-stack-a-artitalent,ARTITALENT,Yaoundé,Internship
2019-02-22,Webdesigner,https://www.jobinfocamer.com/job/19523/webdesigner-a-engie-soft-sarl,Engie Soft Sarl,Douala,Part-time
2019-02-18,Technico-commercial,https://www.jobinfocamer.com/job/19479/technico-commercial-a-mobility-cloud,Mobility Cloud,Yaoundé,Full-time
2019-02-16,Electronicien,https://www.jobinfocamer.com/job/19454/electronicien-a-sbc-sarl,SBC SARL,Douala,Internship
2019-02-16,Analyste-programmeur,https://www.jobinfocamer.com/job/19453/analyste-programmeur-a-sbc-sarl,SBC SARL,Douala,Internship
2019-02-15,DÉVELOPPEURS FREELANCE,https://www.jobinfocamer.com/job/19448/developpeurs-freelance-a-cabinet-affides,Cabinet AFFIDES,Douala et Yaoundé,Full-time
2019-02-15,Web design,https://www.jobinfocamer.com/job/19445/web-design-a-mobility-cloud,Mobility Cloud,Yaoundé,Internship
2019-02-15,Gestionnaire site internet,https://www.jobinfocamer.com/job/19443/gestionnaire-site-internet-a-h-market-center,H-Market Center,Douala,Part-time
2019-02-15,Développeurs Web (Stage Pré-emploi),https://www.jobinfocamer.com/job/19441/developpeurs-web-stage-pre-emploi--a-ktc-center,KTC-CENTER,Yaoundé,Internship
2019-02-14,Développeur  Web C# ou ASP.NET,https://www.jobinfocamer.com/job/19421/developpeur-web-c-ou-asp-net-a-paykap-mobile-money,PayKap Mobile Money,Douala,Full-time
2019-02-14,DÉVELOPPEUR BACK-END ET FRONT-END,https://www.jobinfocamer.com/job/19428/developpeur-back-end-et-front-end-a-cabinet-affides,Cabinet AFFIDES,Yaoundé,Full-time
2019-02-12,DEVELOPPEUR BACKEND SYMFONY   FOU DE CODE ET FUN,https://www.jobinfocamer.com/job/19398/developpeur-backend-symfony-fou-de-code-et-fun-a-gibraltech,GIBRALTECH,Douala,Internship
2019-02-12,DEVELOPPEUR MOBILE FRONTEND(IONIC 3+)   FOU DE CODE ET FUN,https://www.jobinfocamer.com/job/19400/developpeur-mobile-frontend-ionic-3-fou-de-code-et-fun-a-gibraltech,GIBRALTECH,Douala,Internship
2019-02-11,Chef de projet Web/ Développement Digital,https://www.jobinfocamer.com/job/19383/chef-de-projet-web-developpement-digital-a-easy-group,EASY GROUP,Douala,Part-time
2019-02-09,CONTENT MANAGER,https://www.jobinfocamer.com/job/19368/content-manager-a-h-market-center,H-Market Center,Douala,Part-time
2019-02-08,Informaticien en maintenance informatique et réseau,https://www.jobinfocamer.com/job/19352/informaticien-en-maintenance-informatique-et-reseau-a-sodecoton,SODECOTON,Garoua,Full-time
2019-02-08,Webmaster,https://www.jobinfocamer.com/job/19351/webmaster-a-sodecoton,SODECOTON,Garoua,Full-time
2019-02-08,Développeur,https://www.jobinfocamer.com/job/19350/developpeur-a-sodecoton,SODECOTON,Garoua,Full-time
2019-02-08,Responsable de la Sécurité SI,https://www.jobinfocamer.com/job/19349/responsable-de-la-securite-si-a-sodecoton,SODECOTON,Garoua,Full-time
2019-02-05,STAGIAIRE RESPONSABLE SYSTÈME D INFORMATION,https://www.jobinfocamer.com/job/19323/stagiaire-responsable-systeme-d-information-a-entreprise-de-ntic,ENTREPRISE DE NTIC,Yaoundé,Internship
2019-01-31,Stagiaire assistant(e) au Laboratoire de fabrication numérique Ongola Fablab,https://www.jobinfocamer.com/job/19281/stagiaire-assistant-e-au-laboratoire-de-fabrication-numerique-ongola-fablab-a-agence-universitaire-de-la-francophonie-auf-,Agence universitaire de la Francophonie(AUF),Yaoundé,Internship
2019-01-31,Dévelopeur Wordpress/Prestashop,https://www.jobinfocamer.com/job/19266/developeur-wordpress-prestashop-a-soft-energy,Soft-Energy,Douala,Part-time
2019-01-30,DEVELOPPEUR WEB BACKEND (NODE JS)   FOU DE CODE ET FUN,https://www.jobinfocamer.com/job/19260/developpeur-web-backend-node-js-fou-de-code-et-fun-a-gibraltech,GIBRALTECH,Douala,Internship
2019-01-30,DEVELOPPEUR MOBILE FRONTEND(IONIC 3+)   FOU DE CODE ET FUN,https://www.jobinfocamer.com/job/19259/developpeur-mobile-frontend-ionic-3-fou-de-code-et-fun-a-gibraltech,GIBRALTECH,Douala,Internship
2019-01-30,DEVELOPPEUR WEB BACKEND   FOU DE CODE ET FUN,https://www.jobinfocamer.com/job/19261/developpeur-web-backend-fou-de-code-et-fun-a-gibraltech,GIBRALTECH,Douala,Internship
2019-01-29,Développeur informatique,https://www.jobinfocamer.com/job/19253/developpeur-informatique-a-cenkyah,CENKYAH,Douala,Internship
2019-01-28,"Développeur Java ERP Idempiere, Adempiere",https://www.jobinfocamer.com/job/19244/developpeur-java-erp-idempiere-adempiere-a-advance-it-group,ADVANCE IT GROUP,Yaoundé,Full-time
2019-01-28,Développeur Java WEB,https://www.jobinfocamer.com/job/19243/developpeur-java-web-a-advance-it-group,ADVANCE IT GROUP,Yaoundé,Full-time
2019-01-28,INGÉNIEUR(E) D'AFFAIRES,https://www.jobinfocamer.com/job/19232/ingenieur-e-d-affaires-a-entreprise-de-ntic,ENTREPRISE DE NTIC,Yaoundé,Full-time
2019-01-27,GESTIONNAIRE DE CONTENU WEB,https://www.jobinfocamer.com/job/19228/gestionnaire-de-contenu-web-a-sharepoint-logistics-and-services,SharePoint Logistics and Services,Maroua,Part-time
2019-01-27,Dévéloppeur Intégrateur Web/Mobile,https://www.jobinfocamer.com/job/19218/developpeur-integrateur-web-mobile-a-smart-tech-sarl,SMART TECH SARL,Douala,Full-time
2019-01-21,TECHNICIENS DE MAINTENANCE ORDINATEURS ET IMPRIMANTES,https://www.jobinfocamer.com/job/19117/techniciens-de-maintenance-ordinateurs-et-imprimantes-a-palais-de-la-micro,PALAIS DE LA MICRO,Yaoundé,Full-time
2019-01-20,Computer Scientists,https://www.jobinfocamer.com/job/19109/computer-scientists-a-yfa-group,YFA GROUP,Douala,Full-time
2019-01-20,INFORMATICIENS,https://www.jobinfocamer.com/job/19108/informaticiens-a-yfa-group,YFA GROUP,Douala,Full-time
2019-01-19,Technicien systèmes et reseaux,https://www.jobinfocamer.com/job/19093/technicien-systemes-et-reseaux-a-grow-services-nos-sarl,Grow Services Nos Sarl,Douala,Full-time
2019-01-14,Head of IT Support et Maintenance Service,https://www.jobinfocamer.com/job/19048/head-of-it-support-et-maintenance-service-a-pan-african-savings-loans-cameroun-s-a,PAN AFRICAN SAVINGS & LOANS CAMEROUN S.A,Douala,Full-time
2019-01-11,INFORMATICIEN,https://www.jobinfocamer.com/job/19019/informaticien-a-abs-holding,ABS HOLDING,Yaoundé,Part-time
2019-01-11,"Développeur Web, Liferay",https://www.jobinfocamer.com/job/19009/developpeur-web-liferay-a-ewonga-sarl,EWONGA Sarl,Douala,Full-time
2019-01-10,Administrateur du système d'information,https://www.jobinfocamer.com/job/18989/administrateur-du-systeme-d-information-a-hightechtelecoms,HighTechTelecoms,Douala,Full-time
2019-01-09,TECHNICIEN SUPERIEUR EN E-COMMERCE ET RESEAU,https://www.jobinfocamer.com/job/18971/technicien-superieur-en-e-commerce-et-reseau-a-finex,FINEX,Yaoundé,Full-time
2019-01-08,DEVELOPPEUR JAVA,https://www.jobinfocamer.com/job/18965/developpeur-java-a-afrologix,AFROLOGIX,Yaoundé,Full-time
2019-01-07,TECHNICIEN SYSTEMES ET RESEAUX,https://www.jobinfocamer.com/job/18957/technicien-systemes-et-reseaux-a-twingo-sarl,Twingo SARL,Yaoundé,Internship
2019-01-03,Ingénieur Génie Logiciel,https://www.jobinfocamer.com/job/18888/ingenieur-genie-logiciel-a-finex,FINEX,Yaoundé,Full-time
2019-01-02,Charge de Projet Digital,https://www.jobinfocamer.com/job/18874/charge-de-projet-digital-a-vendor-marketing,VENDOR & MARKETING,Yaoundé,Internship
2019-01-02,Développeur Web et Mobile,https://www.jobinfocamer.com/job/18872/developpeur-web-et-mobile-a-mainic-sas,Mainic SAS,Douala,Internship
2019-01-02,Développeur web,https://www.jobinfocamer.com/job/18869/developpeur-web-a-betuulabs,Betuulabs,Douala,Internship
2019-01-02,Développeur Web,https://www.jobinfocamer.com/job/18867/developpeur-web-a-foza-services,FOZA SERVICES,Douala,Internship
2018-12-31,IT Assistant,https://www.jobinfocamer.com/job/18864/it-assistant-a-pnud-cameroun,PNUD Cameroun,Yaoundé,Part-time
2018-12-27,Développeur Android Senior,https://www.jobinfocamer.com/job/18835/developpeur-android-senior-a-stillforce-ltd,STILLFORCE LTD,Douala,Part-time
2018-12-27,INTÉGRATEUR WEB/MOBILE,https://www.jobinfocamer.com/job/18834/integrateur-web-mobile-a-stillforce-ltd,STILLFORCE LTD,Douala,Part-time
2018-12-25,Développeur Android,https://www.jobinfocamer.com/job/18810/developpeur-android-a-digital-academy,Digital Academy,Yaoundé,Full-time
2018-12-21,Information Management Assistant,https://www.jobinfocamer.com/job/18786/information-management-assistant-a-pnud-cameroun,PNUD Cameroun,Kousseri,Part-time
2018-12-20,Assistant au département de la logistique,https://www.jobinfocamer.com/job/18776/assistant-au-departement-de-la-logistique-a-cediane-sarl,CEDIANE SARL,Douala,Part-time
2018-12-20,Infrastructure and Solution Specialist,https://www.jobinfocamer.com/job/18770/infrastructure-and-solution-specialist-a-cotco,COTCO,Douala,Full-time
2018-12-17,Technicien de maintenace de réseaux et système informatique,https://www.jobinfocamer.com/job/18747/technicien-de-maintenace-de-reseaux-et-systeme-informatique-a-scimpos,SCIMPOS,Douala,Full-time
2018-12-13,Designer et Developpeur web,https://www.jobinfocamer.com/job/18714/designer-et-developpeur-web-a-betuulabs,Betuulabs,Douala,Internship
2018-12-12,Programmeur,https://www.jobinfocamer.com/job/18707/programmeur-a-noobysee,NOOBYSEE,Douala,Part-time
2018-12-12,Développeur Web,https://www.jobinfocamer.com/job/18705/developpeur-web-a-yoomee-cameroun,YooMee Cameroun,Douala,Full-time
2018-12-12,Enseignant d Informatique et Développeur Web,https://www.jobinfocamer.com/job/18699/enseignant-d-informatique-et-developpeur-web-a-camerweb,CamerWeb,Yaoundé,Full-time
2018-12-11,Commerciaux Freelance B2B,https://www.jobinfocamer.com/job/18696/commerciaux-freelance-b2b-a-techsoft-web-agency,TechSoft Web Agency,Douala,Full-time
2018-12-09,DEVELOPPEUR WEB   FRONT et BACK,https://www.jobinfocamer.com/job/18680/developpeur-web-front-et-back-a-techno-dev,TECHNO DEV,Yaoundé,Full-time
2018-12-05,ICT Officer,https://www.jobinfocamer.com/job/18654/ict-officer-a-nascent-solutions-inc-,"Nascent Solutions, Inc.",Kumbo,Part-time
2018-12-05,Technicien de réseau informatique,https://www.jobinfocamer.com/job/18651/technicien-de-reseau-informatique-a-incc,INCC,Yaoundé,Full-time
2018-12-04,JUNIOR ASSISTANTS DÉVELOPPEURS WEB ET MOBILE,https://www.jobinfocamer.com/job/18641/junior-assistants-developpeurs-web-et-mobile-a-attractive-corp-associates,Attractive Corp & Associates,Douala,Part-time
2018-12-04,DEVELOPPEURS WEB ET MOBILE FULL STACK H/F,https://www.jobinfocamer.com/job/18637/developpeurs-web-et-mobile-full-stack-h-f-a-attractive-corp-associates,Attractive Corp & Associates,Douala,Full-time
2018-11-30,Développeur Web,https://www.jobinfocamer.com/job/18596/developpeur-web-a-smartworld,SMARTWORLD,Douala,Full-time
2018-11-29,TECHNICO-COMMERCIAL IT EXPERT,https://www.jobinfocamer.com/job/18583/technico-commercial-it-expert-a-entreprise-de-la-place,Entreprise de la place,Douala,Full-time
2018-11-29,INGENIEUR RESEAU ET SYSTEME INFORMATIQUE,https://www.jobinfocamer.com/job/18581/ingenieur-reseau-et-systeme-informatique-a-entreprise-de-la-place,Entreprise de la place,Douala,Full-time
2018-11-26,Responsable commercial(e),https://www.jobinfocamer.com/job/18566/responsable-commercial-e--a-ticnov,TICNOV,Douala,Full-time
2018-11-25,IT Assistant Maroua,https://www.jobinfocamer.com/job/18543/it-assistant-maroua-a-plan-cameroon,Plan Cameroon,Maroua,Part-time
2018-11-22,CONSULTANT BI et BIG DATA,https://www.jobinfocamer.com/job/18511/consultant-bi-et-big-data-a-philjohn-technologies,PHILJOHN TECHNOLOGIES,Douala,Part-time
2018-11-22,STAGIAIRE BI et BIG DATA,https://www.jobinfocamer.com/job/18512/stagiaire-bi-et-big-data-a-philjohn-technologies,PHILJOHN TECHNOLOGIES,Douala,Internship
2018-11-21,Développeur,https://www.jobinfocamer.com/job/18500/developpeur-a-thelema-group,Thélema GROUP,Douala,Internship
2018-11-21,Développement web,https://www.jobinfocamer.com/job/18496/developpement-web-a-normalis-consulting,Normalis Consulting,Douala,Internship
2018-11-19,Intern IT Assistant,https://www.jobinfocamer.com/job/18463/intern-it-assistant-a-plan-cameroon,Plan Cameroon,Yaoundé,Internship
2018-11-17,Développeur Web/mobile,https://www.jobinfocamer.com/job/18460/developpeur-web-mobile-a-universal-software,UNIVERSAL SOFTWARE,Douala,Part-time
2018-11-15,Développeur Web/mobile,https://www.jobinfocamer.com/job/18444/developpeur-web-mobile-a-e-afrika,e-Afrika,Yaoundé,Full-time
2018-11-15,Data Management Assistant-SIDA Project,https://www.jobinfocamer.com/job/18440/data-management-assistant-sida-project-a-plan-cameroon,Plan Cameroon,Bamenda,Part-time
2018-11-15,DÉVELOPPEUR (POSSIBILITÉ D EMPLOI),https://www.jobinfocamer.com/job/18434/developpeur-possibilite-d-emploi--a-css-engineering,CSS ENGINEERING,Douala,Internship
2018-11-12,Ingénieur de Travaux (Informaticien),https://www.jobinfocamer.com/job/18385/ingenieur-de-travaux-informaticien--a-oapi,OAPI,Yaoundé,Full-time
2018-11-11,Développeur web et mobile,https://www.jobinfocamer.com/job/18370/developpeur-web-et-mobile-a-sclwebmaker,SclWebMaker,Yaoundé,Full-time
2018-11-09,Hackeur,https://www.jobinfocamer.com/job/18364/hackeur-a-enix-computer-sarl,Enix Computer Sarl,Douala,Internship
2018-11-06,Technicien Réseau,https://www.jobinfocamer.com/job/18333/technicien-reseau-a-institut-ucac-icam,Institut UCAC-ICAM,Douala,Full-time
2018-10-31,Développeur Web,https://www.jobinfocamer.com/job/18277/developpeur-web-a-sharepoint-sarl,SharePoint Sarl,Maroua,Part-time
2018-10-30,Développeur .NET,https://www.jobinfocamer.com/job/18261/developpeur-net-a-global-it,Global IT,Douala,Full-time
2018-10-24,Data Analyst,https://www.jobinfocamer.com/job/18200/data-analyst-a-ste-activator-sarl,STE ACTIVATOR SARL,Douala,Full-time
2018-10-23,STAGIAIRE EN administration de réseaux,https://www.jobinfocamer.com/job/18189/stagiaire-en-administration-de-reseaux-a-jired-international,Jired International,Yaoundé,Internship
2018-10-20,Développeur,https://www.jobinfocamer.com/job/18158/developpeur-a-kola-group,KOLA GROUP,Douala,Internship
2018-10-18,Administrateur Système et Réseau,https://www.jobinfocamer.com/job/18137/administrateur-systeme-et-reseau-a-advance-it-group,ADVANCE IT GROUP,Douala,Full-time
2018-10-17,IT Technician,https://www.jobinfocamer.com/job/18119/it-technician-a-helen-keller-international,Helen Keller International,Yaoundé,Part-time
2018-10-11,Développeur  Web C# ou ASP.NET,https://www.jobinfocamer.com/job/18077/developpeur-web-c-ou-asp-net-a-paykap-mobile-money,PayKap Mobile Money,Douala,Full-time
2018-10-11,Support Client,https://www.jobinfocamer.com/job/18073/support-client-a-digital-academy,Digital Academy,Yaoundé,Full-time
2018-10-10,CTO,https://www.jobinfocamer.com/job/18061/cto-a-it-services,IT SERVICES,Yaoundé,Full-time
2018-10-01,"Développeur Angular JS, CSS",https://www.jobinfocamer.com/job/18013/developpeur-angular-js-css-a-entreprise-de-la-place,Entreprise de la place,Yaoundé,Full-time
2018-10-01,Software engineer,https://www.jobinfocamer.com/job/18010/software-engineer-a-let-s-realize,LET'S REALIZE,Douala,Full-time
2018-09-26,CTO,https://www.jobinfocamer.com/job/17982/cto-a-it-services,IT SERVICES,Yaoundé,Full-time
2018-09-25,Développeur web et mobile,https://www.jobinfocamer.com/job/17976/developpeur-web-et-mobile-a-amla-cameroun,AMLA CAMEROUN,Yaoundé,Full-time
2018-09-24,Développeur,https://www.jobinfocamer.com/job/17968/developpeur-a-kola-group,KOLA GROUP,Douala,Internship
2018-09-21,Informaticiens développeurs de logiciels,https://www.jobinfocamer.com/job/17952/informaticiens-developpeurs-de-logiciels-a-palais-de-la-micro,PALAIS DE LA MICRO,Yaoundé,Full-time
2018-09-17,Développeur Python Full Stack,https://www.jobinfocamer.com/job/17907/developpeur-python-full-stack-a-y-note-sarl,Y-NOTE Sarl,Yaoundé,Full-time
2018-09-17,Développeur Android Senior,https://www.jobinfocamer.com/job/17913/developpeur-android-senior-a-stillforce-ltd,STILLFORCE LTD,Douala,Part-time
2018-09-16,Développeur web,https://www.jobinfocamer.com/job/17899/developpeur-web-a-lamda-technologies-sarl,LAMDA TECHNOLOGIES SARL,Douala,Part-time
2018-09-16,Développeur mobile,https://www.jobinfocamer.com/job/17898/developpeur-mobile-a-lamda-technologies-sarl,LAMDA TECHNOLOGIES SARL,Douala,Part-time
2018-09-14,Développeur web PHP Laravel,https://www.jobinfocamer.com/job/17892/developpeur-web-php-laravel-a-it-services,IT SERVICES,Yaoundé,Full-time
2018-09-11,Enseignant Permanent en Informatique,https://www.jobinfocamer.com/job/17869/enseignant-permanent-en-informatique-a-epfa,EPFA,Douala,Full-time
2018-09-11,Développeur Web,https://www.jobinfocamer.com/job/17864/developpeur-web-a-particulier,Particulier,Douala,Internship
2018-09-10,Conseil Technique à Distance,https://www.jobinfocamer.com/job/17862/conseil-technique-a-distance-a-entreprise-de-la-place,Entreprise de la place,Douala,Full-time
2018-09-10,Gestionnaire de bases de données,https://www.jobinfocamer.com/job/17850/gestionnaire-de-bases-de-donnees-a-ets-p-r-o-s,Ets P.R.O.S,Douala,Part-time
2018-09-05,Développeur Mobile Android / iOS,https://www.jobinfocamer.com/job/17808/developpeur-mobile-android-ios-a-cash-xpress,CASH XPRESS,Douala,Part-time
2018-09-04,Technicien photocopieur et imprimante,https://www.jobinfocamer.com/job/17794/technicien-photocopieur-et-imprimante-a-dexxys-cameroun,Dexxys Cameroun,Douala,Full-time
2018-09-03,Ingénieur de Travaux (Informaticien),https://www.jobinfocamer.com/job/17773/ingenieur-de-travaux-informaticien--a-oapi,OAPI,Yaoundé,Full-time
2018-09-03,OFFRE DE STAGE DÉVELOPPEUR (POSSIBILITÉ D EMPLOI),https://www.jobinfocamer.com/job/17767/offre-de-stage-developpeur-possibilite-d-emploi--a-css-engineering,CSS ENGINEERING,Douala,Internship
2018-08-29,Ingénieur Informaticien-programmeur,https://www.jobinfocamer.com/job/17750/ingenieur-informaticien-programmeur-a-entreprise-de-la-place,Entreprise de la place,Douala,Internship
2018-08-27,TELECONSULTANT,https://www.jobinfocamer.com/job/17718/teleconsultant-a-insystem,INSYSTEM,Yaoundé,Full-time
2018-08-24,DEVELOPPEUR FRONT-END,https://www.jobinfocamer.com/job/17696/developpeur-front-end-a-ufi-payment-solutions,UFI PAYMENT SOLUTIONS,Yaoundé,Part-time
2018-08-24,SUPPORT FONCTIONNEL NIVEAU1,https://www.jobinfocamer.com/job/17695/support-fonctionnel-niveau1-a-ufi-payment-solutions,UFI PAYMENT SOLUTIONS,Yaoundé,Part-time
2018-08-23,Formateur Informatique,https://www.jobinfocamer.com/job/17689/formateur-informatique-a-solidarite-technologique,SOLIDARITE TECHNOLOGIQUE,Yaoundé,Part-time
2018-08-22,INGENIEUR WEB DESIGN,https://www.jobinfocamer.com/job/17674/ingenieur-web-design-a-iplans-sa,IPLANS SA,Douala,Part-time
2018-08-21,Administrateur Système et réseau,https://www.jobinfocamer.com/job/17661/administrateur-systeme-et-reseau-a-presprint-plc,PRESPRINT Plc,Limbe,Full-time
2018-08-20,Stage professionnel Développeur JAVA full stack,https://www.jobinfocamer.com/job/17659/stage-professionnel-developpeur-java-full-stack-a-sprint-pay,SPRINT-PAY,Yaoundé,Internship
2018-08-20,Concepteur-Développeur JAVA JEE Fullstack Confirmé (H/F) (Visa sponsor),https://www.jobinfocamer.com/job/17657/concepteur-developpeur-java-jee-fullstack-confirme-h-f-visa-sponsor--a-trans-engine,TRANS-ENGINE,Yaoundé,Full-time
2018-08-20,LEAD WEB ARCHITECT / CHUCK NORRIS DIGITAL H/F (Visa sponsor),https://www.jobinfocamer.com/job/17655/lead-web-architect-chuck-norris-digital-h-f-visa-sponsor--a-trans-engine,TRANS-ENGINE,Yaoundé,Full-time
2018-08-16,INGENIEUR RESEAU ET SYSTEME INFORMATIQUE,https://www.jobinfocamer.com/job/17626/ingenieur-reseau-et-systeme-informatique-a-multiplex-sarl,MULTIPLEX SARL,Douala,Full-time
2018-08-16,TECHNICO-COMMERCIAL IT EXPERT,https://www.jobinfocamer.com/job/17625/technico-commercial-it-expert-a-multiplex-sarl,MULTIPLEX SARL,Douala,Full-time
2018-08-11,TECHNICO-COMMERCIAUX POUR VENTE DE SERVICES INFORMATIQUES,https://www.jobinfocamer.com/job/17586/technico-commerciaux-pour-vente-de-services-informatiques-a-glob-informatik,GLOB INFORMATIK,Douala,Full-time
2018-08-07,Développeur/Intégrateur Web Prestashop,https://www.jobinfocamer.com/job/17533/developpeur-integrateur-web-prestashop-a-izisolutions,IziSolutions,Yaoundé,Part-time
2018-07-09,SOUS-DIRECTEUR DES S.I.,https://www.jobinfocamer.com/job/17430/sous-directeur-des-s-i--a-mnt-consulting,MNT Consulting,Douala,Full-time
2018-06-24,Développeur Web,https://www.jobinfocamer.com/job/17420/developpeur-web-a-sense-sarl,SENSE SARL,Yaoundé,Full-time
2018-06-23,Informaticien niveau BTS,https://www.jobinfocamer.com/job/17418/informaticien-niveau-bts-a-college-libermann,Collège LIBERMANN,Douala,Full-time
2018-06-08,Programmeur et Gestionnaire des bases de données,https://www.jobinfocamer.com/job/17389/programmeur-et-gestionnaire-des-bases-de-donnees-a-centre-pasteur-du-cameroun,Centre Pasteur du Cameroun,Yaoundé,Part-time
2018-06-05,Assistant(e) Développeur IT,https://www.jobinfocamer.com/job/17374/assistant-e-developpeur-it-a-paness,PANESS,Douala,Full-time
2018-05-29,Analyste programmeur,https://www.jobinfocamer.com/job/17338/analyste-programmeur-a-mako-industries,MaKo industries,Yaoundé,Full-time
2018-05-25,Ingénieur Informatique,https://www.jobinfocamer.com/job/17325/ingenieur-informatique-a-digit,DIGIT,Douala,Internship
2018-05-21,Administrateur (trice) de Base de Données (DBA) Oracle,https://www.jobinfocamer.com/job/17294/administrateur-trice-de-base-de-donnees-dba-oracle-a-deloitte,DELOITTE,Yaoundé,Full-time
2018-05-09,TECHNICO-COMMERCIAL IT,https://www.jobinfocamer.com/job/17221/technico-commercial-it-a-paness,PANESS,Douala,Full-time
2018-05-03,Business Analyst,https://www.jobinfocamer.com/job/17188/business-analyst-a-secteur-telecom,Secteur Telecom,Douala,Full-time
2018-04-30,ANDROID DEVELOPER,https://www.jobinfocamer.com/job/17173/android-developer-a-societe-tesco,Societe TESCO,International,Full-time
2018-04-30,GAME DEVELOPER,https://www.jobinfocamer.com/job/17170/game-developer-a-societe-tesco,Societe TESCO,International,Full-time
2018-04-30,IOS Developer,https://www.jobinfocamer.com/job/17168/ios-developer-a-societe-tesco,Societe TESCO,International,Full-time
2018-04-28,Ingénieur Développeur,https://www.jobinfocamer.com/job/17155/ingenieur-developpeur-a-megasoft-sarl,MEGASOFT SARL,Yaoundé,Part-time
2018-04-27,Développeur Python / Data scientist,https://www.jobinfocamer.com/job/17152/developpeur-python-data-scientist-a-ews-techs,EWS TECHS,Douala,Full-time
2018-04-25,Designer/Intégrateur Web,https://www.jobinfocamer.com/job/17139/designer-integrateur-web-a-abyster,AByster,Yaoundé,Full-time
2018-04-25,IT Support Assistant,https://www.jobinfocamer.com/job/17140/it-support-assistant-a-world-bank-group,World Bank Group,Yaoundé,Full-time
2018-04-23,INGÉNIEUR TECHNICIEN EN INFORMATIQUE,https://www.jobinfocamer.com/job/17125/ingenieur-technicien-en-informatique-a-philjohn-technologies,PHILJOHN TECHNOLOGIES,Douala,Part-time
2018-04-20,Data management consultant,https://www.jobinfocamer.com/job/17100/data-management-consultant-a-philjohn-technologies,PHILJOHN TECHNOLOGIES,Douala,Full-time
2018-04-20,Consultant BDD,https://www.jobinfocamer.com/job/17096/consultant-bdd-a-philjohn-technologies,PHILJOHN TECHNOLOGIES,Douala,Internship
2018-04-20,Consultant reporting,https://www.jobinfocamer.com/job/17095/consultant-reporting-a-philjohn-technologies,PHILJOHN TECHNOLOGIES,Douala,Internship
2018-04-18,IT MANAGER,https://www.jobinfocamer.com/job/17070/it-manager-a-win-win-sarl,WIN-WIN SARL,Yaoundé,Full-time
2018-04-17,INTÉGRATEUR ERP ODOO (H/F),https://www.jobinfocamer.com/job/17056/integrateur-erp-odoo-h-f--a-camtrack,CAMTRACK,Douala,Full-time
2018-04-17,DÉVELOPPEUR MOBILE (ANDROID ET IOS),https://www.jobinfocamer.com/job/17055/developpeur-mobile-android-et-ios--a-camtrack,CAMTRACK,Douala,Full-time
2018-04-16,AGENT MONETIQUE,https://www.jobinfocamer.com/job/17042/agent-monetique-a-ufi-payment-solutions,UFI PAYMENT SOLUTIONS,Yaoundé,Part-time
2018-04-15,Développeur web,https://www.jobinfocamer.com/job/17039/developpeur-web-a-paykap-mobile-money,PayKap Mobile Money,Douala,Full-time
2018-04-14,Ingénieur Developpeur et Chef de Projet,https://www.jobinfocamer.com/job/17035/ingenieur-developpeur-et-chef-de-projet-a-greensoft-engineering,GreenSoft Engineering,Douala,Full-time
2018-04-12,Développeur mobile,https://www.jobinfocamer.com/job/17014/developpeur-mobile-a-amla-cameroun,AMLA CAMEROUN,Yaoundé,Full-time
2018-04-12,INGÉNIEUR TECHNICO-COMMERCIAL,https://www.jobinfocamer.com/job/17003/ingenieur-technico-commercial-a-resytal-sa,RESYTAL SA,Yaoundé,Full-time
2018-04-12,ADMINISTRATEUR RESEAU ET SYSTEME,https://www.jobinfocamer.com/job/17017/administrateur-reseau-et-systeme-a-amla-cameroun,AMLA CAMEROUN,Yaoundé,Full-time
2018-04-11,"Ingénieur Informaticien, Réseaux et Télécoms, Systèmes et Sécurité, Génie Logiciel",https://www.jobinfocamer.com/job/16984/ingenieur-informaticien-reseaux-et-telecoms-systemes-et-securite-genie-logiciel-a-resytal-sa,RESYTAL SA,Yaoundé,Full-time
2018-04-10,INGENIEUR INTEGRATEUR,https://www.jobinfocamer.com/job/16981/ingenieur-integrateur-a-iplans-sa,IPLANS SA,Douala,Full-time
2018-04-07,GESTIONNAIRE RESEAUX ET SYSTEMES INFORMATIQUES,https://www.jobinfocamer.com/job/16960/gestionnaire-reseaux-et-systemes-informatiques-a-distribut,DISTRIBUT,Douala,Full-time
2018-04-05,Développeurs ANDROID,https://www.jobinfocamer.com/job/16936/developpeurs-android-a-oryx-consulting-finance-engineering-,Oryx Consulting (Finance & Engineering),Douala,Full-time
2018-04-05,INGÉNIEUR INFORMATICIEN,https://www.jobinfocamer.com/job/16935/ingenieur-informaticien-a-matrix-telecoms,MATRIX TELECOMS,Yaoundé,Full-time
2018-04-04,GESTIONNAIRE DES DONNÉES ET DE LA CARTOGRAPHIE,https://www.jobinfocamer.com/job/16930/gestionnaire-des-donnees-et-de-la-cartographie-a-action-contre-la-faim-acf-,Action Contre la Faim(ACF),Yaoundé,Part-time
2018-04-04,Administration système Linux Devops,https://www.jobinfocamer.com/job/16928/administration-systeme-linux-devops-a-bara-technologies,Bara Technologies,Yaoundé,Full-time
2018-04-04,Web designer avec expérience,https://www.jobinfocamer.com/job/16919/web-designer-avec-experience-a-paykap-mobile-money,PayKap Mobile Money,Douala,Full-time
2018-04-03,Développeur Web,https://www.jobinfocamer.com/job/16911/developpeur-web-a-entreprise-de-la-place,Entreprise de la place,Douala,Internship
2018-04-01,Stagiaire ICT,https://www.jobinfocamer.com/job/16902/stagiaire-ict-a-pnud-cameroun,PNUD Cameroun,Yaoundé,Internship
2018-03-30,Développeur Android,https://www.jobinfocamer.com/job/16883/developpeur-android-a-africashine-systems,Africashine-Systems,Yaoundé,Internship
2018-03-27,STAGE PROFESSIONNEL EN DEVELOPPEMENT WEB,https://www.jobinfocamer.com/job/16849/stage-professionnel-en-developpement-web--a-dkt-group-sarl,DKT Group SARL,Yaoundé,Internship
2018-03-27,DEVELOPPEUR LOGICIEL,https://www.jobinfocamer.com/job/16848/developpeur-logiciel-a-agribizz,AgriBizz,Douala,Internship
2018-03-26,Stage développeur Web,https://www.jobinfocamer.com/job/16836/stage-developpeur-web-a-omnifreight,OMNIFREIGHT,Douala,Internship
2018-03-26,DEVELOPPEUR JAVA JEE/WEB/AGILE,https://www.jobinfocamer.com/job/16839/developpeur-java-jee-web-agile-a-afrologix,AFROLOGIX,Yaoundé,Full-time
2018-03-26,Web designer/Web master,https://www.jobinfocamer.com/job/16837/web-designer-web-master-a-afrologix,AFROLOGIX,Yaoundé,Full-time
2018-03-23,Développeurs WINDEV et ANDROID,https://www.jobinfocamer.com/job/16806/developpeurs-windev-et-android-a-oryx-consulting-finance-engineering-,Oryx Consulting (Finance & Engineering),Douala,Full-time
2018-03-23,Technicien Support Technique (H/F) pour FAI VSAT,https://www.jobinfocamer.com/job/16796/technicien-support-technique-h-f-pour-fai-vsat-a-secteur-telecommunication,Secteur Telecommunication,Douala,Full-time
2018-03-20,TECHNICO COMMERCIAUX POUR SERVICES INFORMATIQUES,https://www.jobinfocamer.com/job/16758/technico-commerciaux-pour-services-informatiques-a-entreprise-de-la-place,Entreprise de la place,Douala,Full-time
2018-03-20,Data Manager,https://www.jobinfocamer.com/job/16755/data-manager-a-la-croix-rouge-camerounaise-et-la-croix-rouge-francaise,La Croix-Rouge camerounaise et la Croix-Rouge française,KOUSSERI,Part-time
2018-03-18,Stagiaires en informatique,https://www.jobinfocamer.com/job/16731/stagiaires-en-informatique-a-crystal-financial-club,Crystal Financial Club,Yaoundé,Full-time
2018-03-17,ICT Manager,https://www.jobinfocamer.com/job/16712/ict-manager--a-elizabeth-glaser-pediatric-aids-foundation,Elizabeth Glaser Pediatric AIDS Foundation,Yaoundé,Part-time
2018-03-17,ICT Officer,https://www.jobinfocamer.com/job/16711/ict-officer-a-elizabeth-glaser-pediatric-aids-foundation,Elizabeth Glaser Pediatric AIDS Foundation,Yaoundé and Douala,Part-time
2018-03-12,Backend Web Application Developer (PHP),https://www.jobinfocamer.com/job/16623/backend-web-application-developer-php--a-maviance-cameroon-plc,Maviance Cameroon PLC,Douala,Full-time
2018-03-04,Développeur Web fullstack PHP Laravel/Yii2,https://www.jobinfocamer.com/job/16523/developpeur-web-fullstack-php-laravel-yii2-a-qube,QUBE,Yaoundé,Part-time
2018-03-04,Développeur C# Desktop,https://www.jobinfocamer.com/job/16522/developpeur-c-desktop-a-qube,QUBE,Yaoundé,Part-time
2018-03-02,Maintenance informatique et réseaux,https://www.jobinfocamer.com/job/16492/maintenance-informatique-et-reseaux-a-nae-services,NAE-SERVICES,Bertoua,Part-time
2018-03-02,Développeur(e) C# MVC EF expérimenté,https://www.jobinfocamer.com/job/16491/developpeur-e-c-mvc-ef-experimente-a-paykap-mobile-money,PayKap Mobile Money,Douala,Full-time
2018-03-02,Développeur web PHP,https://www.jobinfocamer.com/job/16499/developpeur-web-php-a-afro-petro-business-solutions,Afro Petro & Business Solutions,Douala,Full-time
2018-03-01,Développeur JAVA/J2EE,https://www.jobinfocamer.com/job/16482/developpeur-java-j2ee-a-afro-petro-business-solutions,Afro Petro & Business Solutions,Douala,Full-time
2018-02-26,Développeur Front-End,https://www.jobinfocamer.com/job/16440/developpeur-front-end-a-advance-it-group,ADVANCE IT GROUP,Yaoundé,Full-time
2018-02-21,Stage - Administrateur Système - Réseaux-(H/F),https://www.jobinfocamer.com/job/16367/stage-administrateur-systeme-reseaux-h-f--a-toltec-consulting,Toltec Consulting,Douala,Internship
2018-02-18,Computer Management Assistant Intern (non-paid),https://www.jobinfocamer.com/job/16321/computer-management-assistant-intern-non-paid--a-u-s-embassy,U.S. Embassy,Yaoundé,Internship
2018-02-16,Expert en Sécurité Informatique certifié,https://www.jobinfocamer.com/job/16305/expert-en-securite-informatique-certifie-a-madia-sarl,MADIA SARL,Yaoundé,Part-time
2018-02-14,Développeur Python/Odoo,https://www.jobinfocamer.com/job/16266/developpeur-python-odoo-a-corpecca,Corpecca,Douala,Full-time
2018-02-14,Data Manager,https://www.jobinfocamer.com/job/16259/data-manager-a-cabinet-entreprises-solutions,Cabinet Entreprises Solutions,Yaoundé,Full-time
2018-02-13,TECHNICO-COMMERCIAL,https://www.jobinfocamer.com/job/16254/technico-commercial-a-adac-africa-data-center-,ADAC (AFRICA DATA CENTER),Yaoundé,Full-time
2018-02-11,Web developer needed,https://www.jobinfocamer.com/job/16223/web-developer-needed-a-particulier,Particulier,Douala,Full-time
2018-02-11,BI (Business Intelligence) Developer needed,https://www.jobinfocamer.com/job/16220/bi-business-intelligence-developer-needed-a-particulier,Particulier,Douala,Full-time
2018-02-06,Informaticien(e),https://www.jobinfocamer.com/job/16147/informaticien-e--a-hotel-merina,HOTEL MERINA,Yaoundé,Part-time
2018-02-05,Développeur mobile,https://www.jobinfocamer.com/job/16128/developpeur-mobile-a-africashine-systems,Africashine-Systems,Yaoundé,Internship
2018-02-05,Développeur Python,https://www.jobinfocamer.com/job/16121/developpeur-python-a-africashine-systems,Africashine-Systems,Yaoundé,Part-time
2018-02-02,Développeur d'applications Web,https://www.jobinfocamer.com/job/16088/developpeur-d-applications-web-a-churchill-training-institute,Churchill Training Institute,Douala,Full-time
2018-02-02,Designer Web/Mobile,https://www.jobinfocamer.com/job/16089/designer-web-mobile-a-stillforce-ltd,STILLFORCE LTD,Douala,Part-time
2018-02-02,Stagiaire informatique,https://www.jobinfocamer.com/job/16096/stagiaire-informatique--a-ring-corporation-ltd,Ring Corporation Ltd,Douala,Internship
2018-01-30,Infrastructure Desktop Support & Services Officer,https://www.jobinfocamer.com/job/16044/infrastructure-desktop-support-services-officer-a-ecobank-cameroun,ECOBANK CAMEROUN,Douala,Full-time
2018-01-26,Stage professionnel web design/intégration/développeur web/communication digitale,https://www.jobinfocamer.com/job/15995/stage-professionnel-web-design-integration-developpeur-web-communication-digitale-a-m2b-energy-sarl,M2B ENERGY SARL,Douala,Internship
2018-01-20,DEVELOPPEURS WEB/MOBILE,https://www.jobinfocamer.com/job/15907/developpeurs-web-mobile-a-entreprise-de-la-place,Entreprise de la place,Douala,Full-time
2018-01-17,Business Process Analyst / Analyste de Processus Métier,https://www.jobinfocamer.com/job/15879/business-process-analyst-analyste-de-processus-metier-a-acep-management,ACEP Management,Yaoundé,Full-time
2018-01-15,Développeur JAVA,https://www.jobinfocamer.com/job/15843/developpeur-java-a-archipel,Archipel,Yaoundé,Full-time
2018-01-11,recherche des stagiaires étudiants,https://www.jobinfocamer.com/job/15810/recherche-des-stagiaires-etudiants-a-megasoft-sarl,MEGASOFT SARL,Yaoundé,Internship
2018-01-11,CONSULTANT JUNIOR DES ERP,https://www.jobinfocamer.com/job/15808/consultant-junior-des-erp--a-mosirex-sarl,MOSIREX SARL,Yaoundé,Full-time
2018-01-10,Développeur Android,https://www.jobinfocamer.com/job/15794/developpeur-android-a-africa-med-cameroun,AFRICA-MED CAMEROUN,Douala,Full-time
2018-01-09,Project Manager,https://www.jobinfocamer.com/job/15786/project-manager--a-entreprise-de-la-place,Entreprise de la place,Douala,Full-time
2018-01-09,Consultant technique SAP ABAP H/F,https://www.jobinfocamer.com/job/15779/consultant-technique-sap-abap-h-f-a-veotys-sarl,VEOTYS SARL,Douala,Full-time
2018-01-08,Développeur JAVA,https://www.jobinfocamer.com/job/15771/developpeur-java-a-archipel,Archipel,Douala,Full-time
2018-01-07,COMPUTER OPERATOR,https://www.jobinfocamer.com/job/15757/computer-operator--a-entreprise-de-la-place,Entreprise de la place,Douala,Full-time
2018-01-07,COMPUTER PROGRAMMER,https://www.jobinfocamer.com/job/15758/computer-programmer-a-entreprise-de-la-place,Entreprise de la place,Douala,Full-time
2018-01-03,WEB DESIGN/INTEGRATION,https://www.jobinfocamer.com/job/15701/web-design-integration-a-danol-holding-co-ltd,"DANOL HOLDING CO.,LTD",Douala,Internship
2017-12-28,Développeur python & C++,https://www.jobinfocamer.com/job/15641/developpeur-python-c--a-ews-techs,EWS TECHS,Douala,Full-time
2017-12-21,STAGIAIRE EN COMMUNICATION DIGITALE / DEVELOPPEUR WEB (H/F),https://www.jobinfocamer.com/job/15585/stagiaire-en-communication-digitale-developpeur-web-h-f--a-desanne-sas,DESANNE SAS,Douala,Full-time
2017-12-21,DEVELOPPEUR WEB/MOBILE CONFIRME,https://www.jobinfocamer.com/job/15584/developpeur-web-mobile-confirme--a-a-satellite-isp,A SATELLITE ISP,Yaoundé,Full-time
2017-12-21,Android App Developer & Instructor,https://www.jobinfocamer.com/job/15582/android-app-developer-instructor-a-seven-advanced-academy,Seven Advanced Academy,Douala,Full-time
2017-12-19,Développeur,https://www.jobinfocamer.com/job/15549/developpeur-a-uni2grow-cameroun-sarl,Uni2grow Cameroun SARL,Dschang,Full-time
2017-12-13,INGÉNIEUR EN SÉCURITÉ DES SYSTÈMES (STAGE PRO),https://www.jobinfocamer.com/job/15451/ingenieur-en-securite-des-systemes-stage-pro--a-matrix-telecoms,MATRIX TELECOMS,Yaoundé,Internship
2017-12-07,Analyste technico-fonctionnel SAP HCM H/F,https://www.jobinfocamer.com/job/15353/analyste-technico-fonctionnel-sap-hcm-h-f-a-veotys-sarl,VEOTYS SARL,Douala,Internship
2017-12-05,Développeur web client et webdesigner,https://www.jobinfocamer.com/job/15331/developpeur-web-client-et-webdesigner-a-serdi,SERDI,Yaoundé,Part-time
2017-12-05,Intégration et tests,https://www.jobinfocamer.com/job/15330/integration-et-tests-a-cameroon-image-analysis-and-communication-ciac-,Cameroon Image Analysis and Communication (CIAC),Yaoundé,Full-time
2017-12-05,Développement applicatif,https://www.jobinfocamer.com/job/15329/developpement-applicatif-a-cameroon-image-analysis-and-communication-ciac-,Cameroon Image Analysis and Communication (CIAC),Yaoundé,Full-time
2017-12-05,Recherche et développement algorithmique,https://www.jobinfocamer.com/job/15328/recherche-et-developpement-algorithmique-a-cameroon-image-analysis-and-communication-ciac-,Cameroon Image Analysis and Communication (CIAC),Yaoundé,Full-time
2017-11-23,Professional IT,https://www.jobinfocamer.com/job/15130/professional-it-a-win-win-sarl,WIN-WIN SARL,Yaoundé,Full-time
2017-11-15,Saisisseur de Données,https://www.jobinfocamer.com/job/14937/saisisseur-de-donnees-a-action-contre-la-faim-acf-,Action Contre la Faim(ACF),"Batouri, EST - CAMEROUN",Part-time
2017-11-14,Developpeur/Integrateur web Orange Money - Magento,https://www.jobinfocamer.com/job/14911/developpeur-integrateur-web-orange-money-magento-a-spike-print-lab,Spike Print Lab,Yaoundé,Part-time
2017-11-10,WEBMASTER,https://www.jobinfocamer.com/job/14835/webmaster-a-secodi-sarl,SECODI SARL,Douala,Full-time
2017-11-07,Developpeur Web et Android,https://www.jobinfocamer.com/job/14798/developpeur-web-et-android-a-orobo,OROBO,Douala,Internship
2017-11-03,ADMINISTRATEUR SYSTEME ET RESEAU,https://www.jobinfocamer.com/job/14750/administrateur-systeme-et-reseau-a-efab-corporate,EFAB CORPORATE,Yaoundé,Full-time
2017-10-29,Software developers,https://www.jobinfocamer.com/job/14697/software-developers-a-entreprise-de-la-place,Entreprise de la place,Douala,Full-time
2017-10-26,"Stagiaire Académique ou professionnel développeur informatique (PHP,JAVA)",https://www.jobinfocamer.com/job/14675/stagiaire-academique-ou-professionnel-developpeur-informatique-php-java--a-entreprise-de-la-place,Entreprise de la place,Douala,Internship
2017-10-23,Développeurs/Codeursprojet,https://www.jobinfocamer.com/job/14628/developpeurs-codeursprojet-a-panafrican-pacific-holdings,PANAFRICAN PACIFIC HOLDINGS,Yaoundé,Internship
2017-10-22,INFORMATICIEN DEVELOPEUR FRONTEND & BACKEND,https://www.jobinfocamer.com/job/14611/informaticien-developeur-frontend-backend-a-nouvic-coorporation-sarl,NOUVIC COORPORATION SARL,Dschang,Full-time
2017-10-20,Data Analyst Intern,https://www.jobinfocamer.com/job/14595/data-analyst-intern-a-ovamba-cameroon-solutions,Ovamba Cameroon Solutions,Douala,Internship
2017-10-18,Enseignant permanent en informatique,https://www.jobinfocamer.com/job/14566/enseignant-permanent-en-informatique-a-epfa,EPFA,Douala,Full-time
2017-10-18,03 INGENIEURS RESEAUX ET SECURITE,https://www.jobinfocamer.com/job/14560/03-ingenieurs-reseaux-et-securite-a-success-consults,SUCCESS CONSULTS,Douala,Full-time
2017-10-18,03 INGENIEURS ADMINISTRATEURS DES BASES DE DONNEES,https://www.jobinfocamer.com/job/14559/03-ingenieurs-administrateurs-des-bases-de-donnees-a-success-consults,SUCCESS CONSULTS,Douala,Full-time
2017-10-17,STAGIAIRE DEVELOPPEUR MARKETING DIGITAL/DEVELOPPEUR WEB,https://www.jobinfocamer.com/job/14539/stagiaire-developpeur-marketing-digital-developpeur-web-a-desanne-sas,DESANNE SAS,Douala,Internship
2017-10-14,ICT Assistant,https://www.jobinfocamer.com/job/14517/ict-assistant-a-pnud-cameroun,PNUD Cameroun,Bertoua,Part-time
2017-10-13,IT MANAGER,https://www.jobinfocamer.com/job/14505/it-manager-a-dangote-cement-cameroon-s-a-,DANGOTE CEMENT CAMEROON S.A.,Douala,Full-time
2017-10-12,DEVELOPPEUR WEB- Front & Back,https://www.jobinfocamer.com/job/14501/developpeur-web-front-back-a-success-consults,SUCCESS CONSULTS,Yaoundé,Full-time
2017-10-12,Recrutement de 15 stagiaires,https://www.jobinfocamer.com/job/14498/recrutement-de-15-stagiaires-a-megasoft-sarl,MEGASOFT SARL,Yaoundé,Internship
2017-10-10,DBA ORACLE & OEBS,https://www.jobinfocamer.com/job/14483/dba-oracle-oebs-a-filiale-d-un-groupe-international,Filiale d'un GROUPE INTERNATIONAL,Douala,Full-time
2017-10-09,DEVELOPPEURS WEB WORDPRESS (H/F),https://www.jobinfocamer.com/job/14473/-developpeurs-web-wordpress-h-f--a-shlife-digital,SHLIFE DIGITAL,Douala,Internship
2017-10-06,WEBMASTER,https://www.jobinfocamer.com/job/14449/webmaster-a-oapi,OAPI,Yaoundé,Full-time
2017-10-02,JAVA Developers,https://www.jobinfocamer.com/job/14394/java-developers-a-pkfokam-institute-of-excellence,PKFokam Institute of Excellence,Yaoundé,Full-time
2017-10-02,Lecturer,https://www.jobinfocamer.com/job/14393/lecturer-a-pkfokam-institute-of-excellence,PKFokam Institute of Excellence,Yaoundé,Full-time
2017-09-28,GESTIONNAIRE PARC INFORMATIQUE / TECHNICIEN IT,https://www.jobinfocamer.com/job/14363/gestionnaire-parc-informatique-technicien-it-a-premiere-urgence-internationale,Première Urgence Internationale,Yaoundé,Part-time
2017-09-25,Developer,https://www.jobinfocamer.com/job/14326/developer-a-presprint-plc,PRESPRINT Plc,Limbe,Full-time
2017-09-25,Administrateur système linux,https://www.jobinfocamer.com/job/14325/administrateur-systeme-linux-a-presprint-plc,PRESPRINT Plc,Limbe,Full-time
2017-09-22,IT Officer (temps partiel),https://www.jobinfocamer.com/job/14297/it-officer-temps-partiel--a-helen-keller-international,Helen Keller International,Yaoundé,Full-time
2017-09-19,STAGIAIRES PROFESSIONNELS,https://www.jobinfocamer.com/job/14242/stagiaires-professionnels-a-rhitsec,RHITSEC,Yaoundé,Full-time
2017-09-19,DÉVELOPPEUR,https://www.jobinfocamer.com/job/14236/developpeur--a-css-engineering,CSS ENGINEERING,Douala,Internship
2017-09-18,Développeur web et Mobile Passionné,https://www.jobinfocamer.com/job/14229/developpeur-web-et-mobile-passionne-a-danol-holding-co-ltd,"DANOL HOLDING CO.,LTD",Douala,Part-time
2017-09-16,Formateurs en Informatique,https://www.jobinfocamer.com/job/14202/formateurs-en-informatique-a-projet-d-initiation-a-la-maitrise-des-logiciels,Projet d'Initiation à la Maîtrise des Logiciels,Foumban,Part-time
2017-09-13,Officier M&E Protection et Etat de Droit,https://www.jobinfocamer.com/job/14151/officier-m-e-protection-et-etat-de-droit-a-international-rescue-committee-cameroon-irc-,International Rescue Committee Cameroon (IRC),Maroua,Part-time
2017-09-07,Développeur Web,https://www.jobinfocamer.com/job/14083/developpeur-web-a-novac-technologies,NOVAC TECHNOLOGIES,Douala,Internship
2017-09-07,Développeurs web,https://www.jobinfocamer.com/job/14070/developpeurs-web-a-enix-computer-sarl,Enix Computer Sarl,Yaoundé,Full-time
2017-09-04,OFFICIER GESTIONNAIRE DE BASE DE DONNEES,https://www.jobinfocamer.com/job/14037/officier-gestionnaire-de-base-de-donnees-a-intersos,INTERSOS,KOUSSERI,Part-time
2017-08-31,INGENIEURS INFORMATICIENS,https://www.jobinfocamer.com/job/13976/ingenieurs-informaticiens-a-logistics-sarl,LOGISTICS SARL,Yaoundé,Internship
2017-08-31,Développeur informatique,https://www.jobinfocamer.com/job/13974/developpeur-informatique-a-kentnix-sarl,KENTNIX SARL,Yaoundé,Part-time
2017-08-28,Ingénieur de Développement,https://www.jobinfocamer.com/job/13929/ingenieur-de-developpement-a-inductiv-research-technologies,Inductiv Research Technologies,Yaoundé,Part-time
2017-08-25,Front End Web Developer,https://www.jobinfocamer.com/job/13911/front-end-web-developer-a-ikwen,IKWEN,Yaoundé,Full-time
2017-08-23,OpenMRS Developper,https://www.jobinfocamer.com/job/13863/openmrs-developper--a-icap-cameroon,ICAP Cameroon,Yaoundé,Part-time
2017-08-23,Ingénieurs Informaticiens (stagiaires),https://www.jobinfocamer.com/job/13855/ingenieurs-informaticiens-stagiaires--a-pol-trending,POL'TRENDING,Yaoundé,Internship
2017-08-21,RESPONSABLE IT,https://www.jobinfocamer.com/job/13827/responsable-it-a-premiere-urgence-internationale,Première Urgence Internationale,Yaoundé,Part-time
2017-08-17,Développeur Web,https://www.jobinfocamer.com/job/13782/developpeur-web-a-stillforce-ltd,STILLFORCE Ltd,Douala,Internship
2017-08-13,Informaticien Gestionnaire de Base des Données,https://www.jobinfocamer.com/job/13761/informaticien-gestionnaire-de-base-des-donnees-a-centre-interregional-de-coordination,Centre Interrégional de Coordination,Yaoundé,Full-time
2017-08-11,Formateur en Informatique,https://www.jobinfocamer.com/job/13739/formateur-en-informatique--a-epfa,EPFA,Douala,Full-time
2017-08-10,INGÉNIEUR TECHNICO-COMMERCIAL (En free lance),https://www.jobinfocamer.com/job/13734/ingenieur-technico-commercial-en-free-lance--a-matrix-telecoms,MATRIX TELECOMS,Yaoundé,Internship
2017-08-01,INFORMATICIEN BAC +5 (spécialisé en système),https://www.jobinfocamer.com/job/13653/informaticien-bac-5-specialise-en-systeme--a-matrix-telecoms,MATRIX TELECOMS,Yaoundé,Full-time
2017-07-30,Développeur Symfony Confirmé (H/F),https://www.jobinfocamer.com/job/13624/developpeur-symfony-confirme-h-f--a-rh-foongon-sas,RH Foongon SAS,Douala,Full-time
2017-07-26,Ingénieur Informaticien,https://www.jobinfocamer.com/job/13593/ingenieur-informaticien-a-charismatic-consulting,Charismatic Consulting,Douala,Part-time
2017-07-20,STAGE PROFESSIONNEL EN DEVELOPPEMENT WEB,https://www.jobinfocamer.com/job/13522/stage-professionnel-en-developpement-web-a-dkt-group-sarl,DKT Group SARL,Yaoundé,Internship
2017-07-19,Ingénieur Développeur,https://www.jobinfocamer.com/job/13515/ingenieur-developpeur-a-efab-corporate,EFAB Corporate,Yaoundé,Full-time
2017-07-16,Développeur Mobile Passionné,https://www.jobinfocamer.com/job/13476/developpeur-mobile-passionne-a-foongon,Foongon,Douala,Full-time
2017-07-13,Program Manager,https://www.jobinfocamer.com/job/13445/program-manager-a-vodafone-cameroon,Vodafone Cameroon,Douala,Full-time
2017-07-13,Information Security Officer,https://www.jobinfocamer.com/job/13444/information-security-officer-a-vodafone-cameroon,Vodafone Cameroon,Douala,Full-time
2017-07-12,Stage professionnel Informaticien BAC+2/3,https://www.jobinfocamer.com/job/13432/stage-professionnel-informaticien-bac-2-3-a-entreprise-de-la-place,Entreprise de la place,Douala,Internship
2017-07-11,Programmeurs (Femme Uniquement),https://www.jobinfocamer.com/job/13422/programmeurs-femme-uniquement--a-cim-industries,CIM Industries,Douala,Full-time
2017-07-10,Développeur Web,https://www.jobinfocamer.com/job/13409/developpeur-web--a-ets-ateg,Ets ATEG,Douala,Internship
2017-07-04,IT MANAGER,https://www.jobinfocamer.com/job/13334/it-manager-a-yoomee-cameroun,YooMee Cameroun,Douala,Full-time
2017-06-29,Gestionnaire de base de données,https://www.jobinfocamer.com/job/13276/gestionnaire-de-base-de-donnees-a-universite-de-yaounde-i,Université de Yaoundé I,Yaoundé,Part-time
2017-06-29,02 STAGIAIRES INGENIEUR DEVELOPPEUR WEB (H/F),https://www.jobinfocamer.com/job/13281/02-stagiaires-ingenieur-developpeur-web-h-f--a-desanne-sas,DESANNE SAS,Douala,Internship
2017-06-29,MARKETING DIGITAL,https://www.jobinfocamer.com/job/13279/marketing-digital-a-desanne-sas,DESANNE SAS,Douala,Internship
2017-06-25,INGENIEUR MOA GESTIONNAIRE D'APPLICATION,https://www.jobinfocamer.com/job/13241/ingenieur-moa-gestionnaire-d-application-a-societe-generale-cameroun,SOCIETE GENERALE CAMEROUN,Douala,Full-time
2017-06-23,ASP.NET AND PHP DEVELOPER,https://www.jobinfocamer.com/job/13212/asp-net-and-php-developer-a-zenithe-insurance,ZENITHE INSURANCE,Douala,Full-time
2017-06-23,Développeur Web et Mobile,https://www.jobinfocamer.com/job/13211/developpeur-web-et-mobile-a-entreprise-de-la-place,Entreprise de la place,Douala,Full-time
2017-06-22,Développeur mobile iOS,https://www.jobinfocamer.com/job/13201/developpeur-mobile-ios-a-entreprise-de-la-place,Entreprise de la place,Buéa,Full-time
2017-06-21,DÉVELOPPEUR WEB DESIGNER ET WEBMASTER,https://www.jobinfocamer.com/job/13184/developpeur-web-designer-et-webmaster-a-africa-med-cameroun,AFRICA-MED CAMEROUN,Douala,Part-time
2017-06-16,Analyst-Programmer,https://www.jobinfocamer.com/job/13137/analyst-programmer-a-vairified,Vairified,Douala,Internship
2017-06-14,Startup Fintech cherche un Developpeur Symfony Confirmé,https://www.jobinfocamer.com/job/13088/startup-fintech-cherche-un-developpeur-symfony-confirme-a-rh-foongon-sas,RH Foongon SAS,Douala,Part-time
2017-06-13,Assistant support solutions de gestion,https://www.jobinfocamer.com/job/13081/assistant-support-solutions-de-gestion-a-isic,ISIC,Douala,Internship
2017-06-12,Data Management Assistant,https://www.jobinfocamer.com/job/13059/data-management-assistant--a-unhcr,UNHCR,Yaoundé,Part-time
2017-06-08,Assistant Administrateur de données,https://www.jobinfocamer.com/job/13026/assistant-administrateur-de-donnees-a-cicr,CICR,Maroua,Part-time
2017-06-08,Testeur Software et Concepteur Application mobile,https://www.jobinfocamer.com/job/13025/testeur-software-et-concepteur-application-mobile-a-cim-industries,CIM Industries,Douala,Internship
2017-06-07,DATA ENTRY,https://www.jobinfocamer.com/job/13016/data-entry-a-action-contre-la-faim-acf-,Action Contre la Faim(ACF),Batouri,Part-time
2017-06-06,Chargé/e National/e de la Gestion de l'Information,https://www.jobinfocamer.com/job/12999/charge-e-national-e-de-la-gestion-de-l-information-a-pnud-cameroun,PNUD Cameroun,Maroua,Part-time
2017-06-05,GRAPHISTE WEBDESIGNER,https://www.jobinfocamer.com/job/12993/graphiste-webdesigner-a-themis-technologies,Thémis Technologies,Yaoundé,Internship
2017-06-01,Développeur C# MVC,https://www.jobinfocamer.com/job/12954/developpeur-c-mvc-a-fbc,FBC,Douala,Full-time
2017-05-31,Webmaster,https://www.jobinfocamer.com/job/12939/webmaster-a-abs-holding,ABS HOLDING,Yaoundé,Full-time
2017-05-24,Développeur,https://www.jobinfocamer.com/job/12882/developpeur-a-presprint-plc,PRESPRINT Plc,Limbe,Full-time
2017-05-21,Développeur Site WEB,https://www.jobinfocamer.com/job/12847/developpeur-site-web-a-atysfinance,ATYSFINANCE,Yaoundé,Part-time
2017-05-21,ASSISTANT(E) IT,https://www.jobinfocamer.com/job/12844/assistant-e-it-a-giz,GIZ,Yaoundé,Part-time
2017-05-17,Stagiaire Développeur,https://www.jobinfocamer.com/job/12800/stagiaire-developpeur-a-njangihost-sarl,Njangihost Sarl,Douala,Internship
2017-05-11,Ingenieur de conception informatique,https://www.jobinfocamer.com/job/12726/ingenieur-de-conception-informatique-a-mel-commodities-exchange,MEL COMMODITIES EXCHANGE,Douala,Internship
2017-05-10,IT Officer,https://www.jobinfocamer.com/job/12715/it-officer-a-international-rescue-committee-cameroon-irc-,International Rescue Committee Cameroon (IRC),Maroua,Part-time
2017-05-10,Ingénieurs Informaticiens (stagiaires),https://www.jobinfocamer.com/job/12711/ingenieurs-informaticiens-stagiaires--a-tandyl-sarl,Tandyl Sarl,Yaoundé,Internship
2017-05-05,Technico-commercial,https://www.jobinfocamer.com/job/12666/technico-commercial-a-megasoft-sarl,MEGASOFT SARL,Yaoundé,Internship
2017-04-28,Développeur web,https://www.jobinfocamer.com/job/12593/developpeur-web-a-iana,IANA,Yaoundé,Full-time
2017-04-27,Développeur Electron,https://www.jobinfocamer.com/job/12572/developpeur-electron-a-cim-industries,CIM Industries,Douala,Part-time
2017-04-26,Développeur,https://www.jobinfocamer.com/job/12554/developpeur-a-entreprise-de-la-place,Entreprise de la place,Yaoundé,Internship
2017-04-26,INFORMATICIEN DE GESTION OU TECHNICIEN EN SYSTEMES D'INFORMATION,https://www.jobinfocamer.com/job/12555/informaticien-de-gestion-ou-technicien-en-systemes-d-information-a-pme,PME,Douala,Full-time
2017-04-20,Web Designer,https://www.jobinfocamer.com/job/12514/web-designer-a-iba,IBA,Douala,Full-time
2017-04-20,WEB DEVELOPPEUR,https://www.jobinfocamer.com/job/12513/web-developpeur-a-iba,IBA,Douala,Full-time
2017-04-16,Data Entry Assistant,https://www.jobinfocamer.com/job/12465/data-entry-assistant-a-pnud-cameroun,PNUD Cameroun,Yaoundé,Part-time
2017-04-14,Recruitment of 2 Highly Skilled Programmers,https://www.jobinfocamer.com/job/12454/recruitment-of-2-highly-skilled-programmers--a-tamco-technologies,Tamco Technologies,Douala,Part-time
2017-04-13,WEB DESIGNER,https://www.jobinfocamer.com/job/12435/web-designer-a-afrologix,AFROLOGIX,Yaoundé,Full-time
2017-04-11,DÉVELOPPEUR (Possibilité d'emploi),https://www.jobinfocamer.com/job/12393/developpeur-possibilite-d-emploi--a-css-engineering-,CSS-ENGINEERING,Douala,Internship
2017-04-11,WEB DESIGNER INTEGRATEUR SITE WEB,https://www.jobinfocamer.com/job/12388/web-designer-integrateur-site-web-a-themis-technologies,Thémis Technologies,Yaoundé,Part-time
2017-04-11,Mobile Developer IOS (H/F),https://www.jobinfocamer.com/job/12387/mobile-developer-ios-h-f--a-themis-technologies,Thémis Technologies,Yaoundé,Full-time
2017-04-10,Developpeur Web (Frontend uniquement ),https://www.jobinfocamer.com/job/12380/developpeur-web-frontend-uniquement--a-entreprise-de-la-place,Entreprise de la place,Douala,Internship
2017-04-07,Technicien en Informatique/Maintenancier informatique,https://www.jobinfocamer.com/job/12358/technicien-en-informatique-maintenancier-informatique-a-ktc-center,KTC-CENTER,Yaoundé,Full-time
2017-04-06,DEVELOPPEUR C SHARP,https://www.jobinfocamer.com/job/12340/developpeur-c-sharp-a-bollore-transport-logistics,BOLLORE TRANSPORT & LOGISTICS,Douala,Internship
2017-04-03,Développeur,https://www.jobinfocamer.com/job/12290/developpeur-a-pme,PME,Douala,Internship
2017-04-03,Developpeur PHP,https://www.jobinfocamer.com/job/12294/developpeur-php-a-themis-technologies,Thémis Technologies,Yaoundé,Internship
2017-04-03,Webdesigner,https://www.jobinfocamer.com/job/12298/webdesigner-a-themis-technologies,Thémis Technologies,Yaoundé,Internship
2017-03-31,Software Engineer,https://www.jobinfocamer.com/job/12271/software-engineer-a-vairified,Vairified,Douala,Full-time
2017-03-31,Ingenieur de conception informatique,https://www.jobinfocamer.com/job/12270/ingenieur-de-conception-informatique--a-mel-commodities-exchange,MEL COMMODITIES EXCHANGE,Douala,Internship
2017-03-30,Informaticienne (Maintenance),https://www.jobinfocamer.com/job/12254/informaticienne-maintenance--a-entreprise-de-la-place,Entreprise de la place,Douala,Full-time
2017-03-27,Consultant NAVISION,https://www.jobinfocamer.com/job/12211/consultant-navision-a-teletic,TELETIC,Yaoundé,Part-time
2017-03-16,"Recherche de personnels motivés (Informatique, Marketing)",https://www.jobinfocamer.com/job/12120/recherche-de-personnels-motives-informatique-marketing--a-societe-informatique,Société Informatique,Douala,Internship
2017-03-10,Directeur des Systèmes d'Information,https://www.jobinfocamer.com/job/12068/directeur-des-systemes-d-information-a-richy-jobs,RICHY JOBS,Douala,Part-time
2017-03-10,Développeur PYTHON H/F,https://www.jobinfocamer.com/job/12066/developpeur-python-h-f-a-nzhinusoft-cameroun-sarl,NzhinuSoft Cameroun SARL,Yaoundé,Full-time
2017-03-08,Téléconseillère SAV,https://www.jobinfocamer.com/job/12021/teleconseillere-sav-a-advance-it-group,ADVANCE IT GROUP,Yaoundé,Full-time
2017-03-04,DEVELOPPEUR,https://www.jobinfocamer.com/job/11988/developpeur-a-entreprise-de-la-place,Entreprise de la place,Yaoundé,Full-time
2017-03-04,Développeurs professionnels PHP,https://www.jobinfocamer.com/job/11987/developpeurs-professionnels-php--a-kola-it,KOLA IT,Yaoundé,Internship
2017-02-22,Responsable Technique,https://www.jobinfocamer.com/job/11867/responsable-technique-a-entreprise-de-la-place,Entreprise de la place,Douala,Full-time
2017-02-21,Stagiaire,https://www.jobinfocamer.com/job/11842/stagiaire-a-genius-center,Genius Center,Yaoundé et Douala,Internship
2017-02-16,Développeur web et mobile,https://www.jobinfocamer.com/job/11794/developpeur-web-et-mobile-a-sim-e,SIM-E,Douala,Internship
2017-02-06,Analyste IT (Bilingue),https://www.jobinfocamer.com/job/11693/analyste-it-bilingue--a-acep-management,ACEP Management,Yaoundé,Part-time
2017-02-06,IT Analyst (Bilingual),https://www.jobinfocamer.com/job/11692/it-analyst-bilingual--a-acep-management,ACEP Management,Yaoundé,Part-time
2017-02-05,offre de partenariat,https://www.jobinfocamer.com/job/11674/offre-de-partenariat-a-glocus-corp-,GLOCUS Corp.,Douala,Full-time
2017-02-02,"Ingénieur réseaux Télécoms, Informatique",https://www.jobinfocamer.com/job/11646/ingenieur-reseaux-telecoms-informatique-a-matrix-telecoms,MATRIX TELECOMS,Yaoundé,Full-time
2017-02-01,Un Technicien IT,https://www.jobinfocamer.com/job/11626/un-technicien-it--a-cicr,CICR,Maroua,Part-time
2017-01-24,Developpeur web Designer,https://www.jobinfocamer.com/job/11533/developpeur-web-designer-a-innova237,INNOVA237,Douala,Internship
2017-01-23,Assistant(e) suivi-évaluation,https://www.jobinfocamer.com/job/11514/assistant-e-suivi-evaluation-a-care-cameroun,CARE Cameroun,Batouri,Part-time
2017-01-20,Stage en Développement JAVA EE/GED/ECM/RSE,https://www.jobinfocamer.com/job/11480/stage-en-developpement-java-ee-ged-ecm-rse-a-majolan-sarl,MAJOLAN SARL,Douala,Internship
2017-01-18,TECHNICO  -  COMMERCIAL,https://www.jobinfocamer.com/job/11460/technico-commercial-a-easy-tech-services-sarl,EASY TECH SERVICES SARL,Douala,Part-time
2017-01-17,INGENIEUR AVANT VENTE,https://www.jobinfocamer.com/job/11433/ingenieur-avant-vente-a-infogenie-technologies-sarl,INFOGENIE TECHNOLOGIES SARL,Yaoundé,Full-time
2017-01-15,Développeur Software junior,https://www.jobinfocamer.com/job/11410/developpeur-software-junior--a-bao-sarl,BAO SARL,"Bangangté, Cameroun",Full-time
2017-01-13,02 STAGIAIRES INGENIEURS DEVELOPPEURS WEB WORDPRESS (H/F),https://www.jobinfocamer.com/job/11403/02-stagiaires-ingenieurs-developpeurs-web-wordpress-h-f--a-shlife-sas,SHLIFE SAS,Douala,Internship
2017-01-13,Développeurs web,https://www.jobinfocamer.com/job/11398/developpeurs-web-a-alternatives-equatoriales,Alternatives Equatoriales,Yaoundé,Full-time
2017-01-11,WEB DESIGNER,https://www.jobinfocamer.com/job/11350/web-designer-a-tandyl-sarl,Tandyl Sarl,Yaoundé,Part-time
2017-01-11,INFORMATICIEN SOFTWARE,https://www.jobinfocamer.com/job/11366/informaticien-software-a-ccpc-finance-sa,CCPC FINANCE SA,Douala,Full-time
2017-01-06,Développeur Mobile Android,https://www.jobinfocamer.com/job/11313/developpeur-mobile-android-a-nh-it-consulting,NH-IT Consulting,Yaoundé,Full-time
2017-01-06,Développeur Java,https://www.jobinfocamer.com/job/11312/developpeur-java-a-nh-it-consulting,NH-IT Consulting,Yaoundé,Full-time
2017-01-06,INGENIEUR BUREAU TECHNIQUE,https://www.jobinfocamer.com/job/11308/ingenieur-bureau-technique-a-societe-generale-cameroun,SOCIETE GENERALE CAMEROUN,Douala,Full-time
2017-01-06,Assistant Reponsable Sécurité,https://www.jobinfocamer.com/job/11315/assistant-reponsable-securite-a-nh-it-consulting,NH-IT Consulting,Yaoundé,Full-time
2017-01-05,Recherche de deux (02) stagiaires développeur junior (H/F),https://www.jobinfocamer.com/job/11292/recherche-de-deux-02-stagiaires-developpeur-junior-h-f--a-icts-sarl,ICTS-Sarl,Douala,Internship
2016-12-28,Ingenieur de developpement,https://www.jobinfocamer.com/job/11222/ingenieur-de-developpement-a-inductiv-research-technologies,Inductiv Research Technologies,Yaoundé,Part-time
2016-12-27,Developpeur Java - php - C#,https://www.jobinfocamer.com/job/11219/developpeur-java-php-c--a-fbc,FBC,Yaoundé,Full-time
2016-12-27,Data Entry Assistant,https://www.jobinfocamer.com/job/11215/data-entry-assistant-a-iucn,IUCN,Yaoundé,Part-time
2016-12-21,WEBMASTER / WEBDESIGNER,https://www.jobinfocamer.com/job/11172/webmaster-webdesigner-a-aura-cameroun,AURA CAMEROUN,Yaoundé,Full-time
2016-12-21,"Développeur Web/Mobile (JAVA, PHP, .NET)",https://www.jobinfocamer.com/job/11169/developpeur-web-mobile-java-php-net--a-smart-school,Smart School,Douala,Full-time
2016-12-21,Stage Développeur Web (H/F),https://www.jobinfocamer.com/job/11168/stage-developpeur-web-h-f--a-smart-school,Smart School,Douala,Internship
2016-12-20,Administrateur sécurité des systèmes d'information,https://www.jobinfocamer.com/job/11157/administrateur-securite-des-systemes-d-information-a-rhitsec,RHITSEC,Yaoundé,Internship
2016-12-20,Technico-commerciale,https://www.jobinfocamer.com/job/11156/technico-commerciale-a-rhitsec,RHITSEC,Yaoundé,Internship
2016-12-20,Gouvernance IT,https://www.jobinfocamer.com/job/11158/gouvernance-it-a-rhitsec,RHITSEC,Yaoundé,Internship
2016-12-19,Informaticien,https://www.jobinfocamer.com/job/11147/informaticien-a-rhrecrutementcameroun,rhrecrutementcameroun,Douala,Full-time
2016-12-17,Spécialiste du contrôle interne et du Développement Numérique,https://www.jobinfocamer.com/job/11137/specialiste-du-controle-interne-et-du-developpement-numerique-a-international-brain-consulting,INTERNATIONAL BRAIN CONSULTING,Yaoundé,Full-time
2016-12-11,Webmaster / Informaticien,https://www.jobinfocamer.com/job/11085/webmaster-informaticien-a-entreprise-de-la-place,ENTREPRISE DE LA PLACE,Douala,Full-time
2016-12-09,Technico commercial,https://www.jobinfocamer.com/job/11069/technico-commercial-a-icts-sarl,ICTS-Sarl,Douala,Internship
2016-11-22,IT Administrator,https://www.jobinfocamer.com/job/10922/it-administrator-a-yoomee-cameroun,YooMee Cameroun,Douala,Full-time
2016-11-22,Technical Director,https://www.jobinfocamer.com/job/10921/technical-director-a-yoomee-cameroun,YooMee Cameroun,Douala,Full-time
2016-11-18,Revenue Assurance Manager,https://www.jobinfocamer.com/job/10895/revenue-assurance-manager-a-vodafone-cameroon,Vodafone Cameroon,Douala,Full-time
2016-11-15,Ingénieur Télécoms et réseaux,https://www.jobinfocamer.com/job/10859/ingenieur-telecoms-et-reseaux-a-ipersat,IPERSAT,Yaoundé,Full-time
2016-11-11,Back end and mobile developper,https://www.jobinfocamer.com/job/10812/back-end-and-mobile-developper-a-symetrix,SYMETRIX,Douala,Full-time
2016-11-07,ERP/BI- Internship pre-recruiting,https://www.jobinfocamer.com/job/10746/erp-bi-internship-pre-recruiting--a-isnov-sarl,ISNOV SARL,Yaoundé,Internship
2016-11-07,ERP/BI Stagiaire intégrateur & Développeur ERP et BI,https://www.jobinfocamer.com/job/10745/erp-bi-stagiaire-integrateur-developpeur-erp-et-bi-a-isnov-sarl,ISNOV SARL,Yaoundé,Internship
2016-11-05,PHP developer,https://www.jobinfocamer.com/job/10730/php-developer-a-swapps,Swapps,Yaoundé,Full-time
2016-11-05,Développeur PHP,https://www.jobinfocamer.com/job/10729/developpeur-php-a-swapps,Swapps,Yaoundé,Full-time
2016-10-31,Software Engineer,https://www.jobinfocamer.com/job/10680/software-engineer-a-vairified,Vairified,Douala,Part-time
2016-10-26,Ecommerce Website Administrator,https://www.jobinfocamer.com/job/10642/ecommerce-website-administrator-a-ecommerce,Ecommerce,Douala,Full-time
2016-10-25,WEBMASTER/DEVELOPPEUR,https://www.jobinfocamer.com/job/10638/webmaster-developpeur-a-ipersat,IPERSAT,Yaoundé,Full-time
2016-10-20,IT Manager,https://www.jobinfocamer.com/job/10577/it-manager-a-vista-language-center,Vista Language Center,Douala,Full-time
2016-10-20,Développeurs et Consultants Experimentés Java et SAP,https://www.jobinfocamer.com/job/10572/developpeurs-et-consultants-experimentes-java-et-sap-a-accenture-ile-maurice,Accenture Ile Maurice,Ile Maurice,Full-time
2016-10-20,STAGE DEVELOPPEUR WEB PHP / MYSQL,https://www.jobinfocamer.com/job/10571/stage-developpeur-web-php-mysql--a-entreprise-de-la-place,Entreprise de la place,Douala,Internship
2016-10-19,Informaticien,https://www.jobinfocamer.com/job/10569/informaticien-a-entreprise-de-transport-et-logistique,Entreprise de Transport et Logistique,Douala,Full-time
2016-10-10,INGENIEUR SYSTEMES,https://www.jobinfocamer.com/job/10475/ingenieur-systemes-a-societe-generale-cameroun,SOCIETE GENERALE CAMEROUN,Douala,Full-time
2016-10-07,Forrmateur en informatique,https://www.jobinfocamer.com/job/10451/forrmateur-en-informatique-a-complexe-le-prestige,COMPLEXE LE PRESTIGE,Yaoundé,Full-time
2016-10-07,Inspecteur des Services Informatiques et des Nouvelles Technologies,https://www.jobinfocamer.com/job/10448/inspecteur-des-services-informatiques-et-des-nouvelles-technologies-a-okalla-ahanda-associes,OKALLA AHANDA & Associés,Yaoundé,Full-time
2016-10-06,Administrateur systèmes,https://www.jobinfocamer.com/job/10440/administrateur-systemes-a-renaprov-finance-sa,RENAPROV Finance SA,Yaoundé,Full-time
2016-10-06,Technicien Copieur et Imprimante,https://www.jobinfocamer.com/job/10438/technicien-copieur-et-imprimante-a-intek,INTEK,Yaoundé,Full-time
2016-10-04,Développeurs C#-MVC5-EF6 expérimentés,https://www.jobinfocamer.com/job/10417/developpeurs-c-mvc5-ef6-experimentes-a-fbc,FBC,Yaoundé,Full-time
2016-09-29,Webmaster - Responsable site Internet et contenus numériques,https://www.jobinfocamer.com/job/10381/webmaster-responsable-site-internet-et-contenus-numeriques-a-ipersat,IPERSAT,Yaoundé,Part-time
2016-09-27,Infrastructure Engineer,https://www.jobinfocamer.com/job/10356/infrastructure-engineer-a-vairified-,Vairified,Douala,Full-time
2016-09-26,IT Assistant (Intern),https://www.jobinfocamer.com/job/10337/-it-assistant-intern--a-plan-cameroon,Plan Cameroon,Yaoundé,Internship
2016-09-26,Country IT Coordinator,https://www.jobinfocamer.com/job/10339/country-it-coordinator-a-plan-cameroon,Plan Cameroon,Garoua,Full-time
2016-09-14,Développeur Windev,https://www.jobinfocamer.com/job/10202/developpeur-windev-a-tsoft,Tsoft,Douala,Part-time
2016-09-05,Stagiaire de la Section ICT,https://www.jobinfocamer.com/job/10095/stagiaire-de-la-section-ict-a-pnud-cameroun,PNUD Cameroun,Yaoundé,Internship
2016-09-05,Lecturer Positions at The ICT University- Cameroon Campus,https://www.jobinfocamer.com/job/10093/lecturer-positions-at-the-ict-university-cameroon-campus-a-ict-university-cameroon,ICT UNIVERSITY CAMEROON,"Yaoundé, Buéa et Dschang",Full-time
2016-09-04,TECHNICIEN SUPPORT,https://www.jobinfocamer.com/job/10088/technicien-support-a-sepbc,SEPBC,Douala,Full-time
2016-09-04,Developpeurs c# / MVC5 / EF6 / SQL SERVER,https://www.jobinfocamer.com/job/10083/developpeurs-c-mvc5-ef6-sql-server-a-fbc,FBC,Yaoundé,Full-time
2016-09-02,Formateur en Informatique/PIML,https://www.jobinfocamer.com/job/10068/formateur-en-informatique-piml-a-projet-d-initiation-a-la-maitrise-des-logiciels,Projet d'Initiation à la Maîtrise des Logiciels,Dschang et Ebolowa,Part-time
2016-08-28,LECTURERS FOR UNDERGRADUATE AND GRADUATE PROGRAMS,https://www.jobinfocamer.com/job/10006/lecturers-for-undergraduate-and-graduate-programs-a-gsp-cameroon,GSP Cameroon,Yaoundé,Full-time
2016-08-24,Développeur Python,https://www.jobinfocamer.com/job/9987/developpeur-python-a-h2-altitude,H2 Altitude,Yaoundé,Part-time
2016-08-23,Stagiaire en développement WEB,https://www.jobinfocamer.com/job/9965/stagiaire-en-developpement-web-a-cecosda,CECOSDA,Yaoundé,Internship
2016-08-19,Professeurs Permanents Filière Informatique,https://www.jobinfocamer.com/job/9931/professeurs-permanents-filiere-informatique-a-institut-universitaire-siantou,Institut Universitaire SIANTOU,Yaoundé,Full-time
2016-08-19,Stagiaire Webdesigner,https://www.jobinfocamer.com/job/9920/stagiaire-webdesigner-a-camertronix-sarl,CAMERTRONIX SARL,Yaoundé,Internship
2016-08-08,RESPONSABLE CELLULE INFORMATIQUE,https://www.jobinfocamer.com/job/9804/responsable-cellule-informatique-a-istti,ISTTI,Douala,Full-time
2016-07-27,INGENIEUR INFORMATICIEN EXPERIMENTE,https://www.jobinfocamer.com/job/9678/ingenieur-informaticien-experimente-a-matrix-telecoms,MATRIX TELECOMS,Yaoundé,Full-time
2016-07-26,Consultant Stagiaire en SIRH,https://www.jobinfocamer.com/job/9671/consultant-stagiaire-en-sirh-a-veotys-sarl,VEOTYS SARL,Douala,Internship
2016-07-12,Développeur Front-End Javascript/ JQUERY,https://www.jobinfocamer.com/job/9510/developpeur-front-end-javascript-jquery-a-h2-altitude,H2 Altitude,Yaoundé,Part-time
2016-07-09,Lecturer(PhD) Computer Science,https://www.jobinfocamer.com/job/9488/lecturer-phd-computer-science-a-catuc,CATUC,Bamenda,Full-time
2016-07-08,Webdesigner,https://www.jobinfocamer.com/job/9481/webdesigner-a-camertronix-sarl,CAMERTRONIX SARL,Douala,Full-time
2016-07-03,INGENIEUR COMMERCIAL,https://www.jobinfocamer.com/job/9434/ingenieur-commercial-a-mnt-consulting,MNT Consulting,Yaoundé,Full-time
2016-06-25,Enseignants,https://www.jobinfocamer.com/job/9374/enseignants-a-i-s-t-i-a,I.S.T.I.A,Douala et Yaoundé,Part-time
2016-06-24,Stage professionnelle en réseau et télécom,https://www.jobinfocamer.com/job/9373/stage-professionnelle-en-reseau-et-telecom-a-imagine-plus-ltd,IMAGINE PLUS LTD,Yaoundé,Internship
2016-06-20,STAGIAIRE EN DEVELOPPEMENT WEB,https://www.jobinfocamer.com/job/9311/stagiaire-en-developpement-web-a-ts-,TS+,Douala,Internship
2016-06-18,Android Developer,https://www.jobinfocamer.com/job/9294/android-developer-a-vairified,Vairified,Douala,Full-time
2016-06-12,5 PHP & JavaScript Web Developers Wanted,https://www.jobinfocamer.com/job/9243/5-php-javascript-web-developers-wanted-a-crispel-academy,CRISPEL ACADEMY,Douala,Full-time
2016-06-09,Ingénieur Informaticien,https://www.jobinfocamer.com/job/9220/ingenieur-informaticien--a-multinationale,MULTINATIONALE,Douala,Full-time
2016-06-07,Assistant Principal en Gestion des données,https://www.jobinfocamer.com/job/9210/assistant-principal-en-gestion-des-donnees-a-unhcr,UNHCR,Maroua,Part-time
2016-05-25,Développeurs Web/Mobile/Desktop,https://www.jobinfocamer.com/job/9081/developpeurs-web-mobile-desktop-a-qube,Qube,Douala,Part-time
2016-05-21,Mobile Developer,https://www.jobinfocamer.com/job/9037/mobile-developer-a-r4d-international,R4D INTERNATIONAL,Yaoundé,Part-time
2016-05-20,Web  designer/Developer,https://www.jobinfocamer.com/job/9035/web-designer-developer-a-jesanna-hr,JESANNA-HR,Douala,Full-time
2016-05-19,Développeur Informatique,https://www.jobinfocamer.com/job/9020/developpeur-informatique-a-acesy-sarl,ACESY SARL,Douala,Full-time
2016-05-17,"Informaticien, Administrateur des Systèmes et réseaux informatiques",https://www.jobinfocamer.com/job/8990/informaticien-administrateur-des-systemes-et-reseaux-informatiques-a-centre-pasteur-du-cameroun,Centre Pasteur du Cameroun,Yaoundé,Part-time
2016-05-16,Développeur web,https://www.jobinfocamer.com/job/8979/developpeur-web-a-efab-corporate,EFAB Corporate,Yaoundé,Full-time
2016-05-11,Développeur Windev mobile,https://www.jobinfocamer.com/job/8933/developpeur-windev-mobile-a-amla-cameroun,AMLA CAMEROUN,Yaoundé,Full-time
2016-05-11,Développeur mobile,https://www.jobinfocamer.com/job/8932/developpeur-mobile--a-amla-cameroun,AMLA CAMEROUN,Yaoundé,Full-time
2016-05-11,Développeur Web,https://www.jobinfocamer.com/job/8931/developpeur-web-a-amla-cameroun,AMLA CAMEROUN,Yaoundé,Full-time
2016-05-06,2 développeurs mobile et 1 développeur Web,https://www.jobinfocamer.com/job/8911/2-developpeurs-mobile-et-1-developpeur-web-a-amla-cameroun,AMLA CAMEROUN,Yaoundé,Full-time
2016-04-28,Développeur Java/JEE,https://www.jobinfocamer.com/job/8855/developpeur-java-jee-a-camertronix-sarl,CAMERTRONIX SARL,Yaoundé,Internship
2016-04-25,Stage développeur web,https://www.jobinfocamer.com/job/8819/stage-developpeur-web-a-microbull,MicroBull,Yaoundé,Internship
2016-04-20,Développeur,https://www.jobinfocamer.com/job/8796/developpeur-a-camertronix-sarl,Camertronix Sarl,Yaoundé,Part-time
2016-04-18,Développeur Web,https://www.jobinfocamer.com/job/8769/developpeur-web-a-lbc-invest,lbc invest,Douala,Internship
2016-04-17,Developpeur c# / MVC5 / EF6 / SQL SERVER,https://www.jobinfocamer.com/job/8766/developpeur-c-mvc5-ef6-sql-server-a-fbc,FBC,Douala,Part-time
2016-04-13,Responsable Magasin,https://www.jobinfocamer.com/job/8726/responsable-magasin-a-servitel,SERVITEL,Douala,Full-time
2016-04-12,Développeur GED/Alfresco,https://www.jobinfocamer.com/job/8711/developpeur-ged-alfresco-a-isnov-sarl,ISNOV SARL,Douala,Internship
2016-04-12,IT TECHNICIAN,https://www.jobinfocamer.com/job/8718/it-technician-a-entreprise-de-la-place,Entreprise de la place,Yaoundé,Full-time
2016-04-09,Gestionnaire des bases de données /IT,https://www.jobinfocamer.com/job/8687/gestionnaire-des-bases-de-donnees-it-a-camnafaw,CAMNAFAW,Yaoundé,Part-time
2016-04-07,Ingénieur Reporting et Editique,https://www.jobinfocamer.com/job/8671/ingenieur-reporting-et-editique-a-societe-generale-cameroun,SOCIETE GENERALE CAMEROUN,Douala,Full-time
2016-04-06,Informaticien/Technico-commercial,https://www.jobinfocamer.com/job/8656/informaticien-technico-commercial-a-mkrhltd,MKRHLTD,Douala,Full-time
2016-04-06,Développeur,https://www.jobinfocamer.com/job/8653/developpeur-a-mkrhltd,MKRHLTD,Douala,Full-time
2016-04-06,Agent Suivi Evaluation,https://www.jobinfocamer.com/job/8648/agent-suivi-evaluation-a-premiere-urgence-aide-medicale-internationale,Première Urgence - Aide Médicale Internationale,Est / Adamaoua,Part-time
2016-04-06,Agent Suivi Evaluation,https://www.jobinfocamer.com/job/8646/agent-suivi-evaluation-a-premiere-urgence-aide-medicale-internationale,Première Urgence - Aide Médicale Internationale,Maroua,Part-time
2016-04-05,Assistant Logistique ICT,https://www.jobinfocamer.com/job/8642/assistant-logistique-ict-a-international-medical-corps-imc-,International Medical Corps (IMC),Djohong,Part-time
2016-04-04,Information Technology (IT) Officer,https://www.jobinfocamer.com/job/8631/information-technology-it-officer-a-global-health-systems-solutions,GLOBAL HEALTH SYSTEMS SOLUTIONS,Limbe,Part-time
2016-04-04,Graphic Designer (Living in Douala) URGENT,https://www.jobinfocamer.com/job/8626/graphic-designer-living-in-douala-urgent-a-kamerkonnection,KamerKonnection,Douala,Full-time
2016-04-04,Chef de Projet Informatique MOA,https://www.jobinfocamer.com/job/8621/chef-de-projet-informatique-moa-a-societe-generale-cameroun,SOCIETE GENERALE CAMEROUN,Douala,Full-time
2016-03-29,INGENIEUR BUREAU TECHNIQUE,https://www.jobinfocamer.com/job/8589/ingenieur-bureau-technique-a-societe-generale-cameroun,SOCIETE GENERALE CAMEROUN,Douala,Full-time
2016-03-29,Angular graphic designer,https://www.jobinfocamer.com/job/8582/angular-graphic-designer-a-nyx,NYX,Yaoundé,Part-time
2016-03-29,Full stack developper,https://www.jobinfocamer.com/job/8581/full-stack-developper-a-nyx,NYX,Yaoundé,Part-time
2016-03-22,Enseignant en Informatique,https://www.jobinfocamer.com/job/8517/enseignant-en-informatique-a-institut-ucac-icam,Institut UCAC-ICAM,Douala,Full-time
2016-03-22,Analyste programmeur,https://www.jobinfocamer.com/job/8519/analyste-programmeur-a-entreprise-specialisee-dans-la-monetique,Entreprise spécialisée dans la Monétique,Douala,Full-time
2016-03-21,Stage pre-emploi,https://www.jobinfocamer.com/job/8512/stage-pre-emploi-a-veotys-sarl,VEOTYS SARL,Douala,Internship
2016-03-17,IT Volunteer,https://www.jobinfocamer.com/job/8477/it-volunteer-a-green-future-consulting,Green Future Consulting,Douala,Internship
2016-03-17,Web Developer needed,https://www.jobinfocamer.com/job/8466/web-developer-needed-a-hr-systems-ltd,HR & SYSTEMS LTD,Douala,Full-time
2016-03-14,Administrateur Réseaux,https://www.jobinfocamer.com/job/8413/administrateur-reseaux-a-societe-informatique,Société Informatique,Yaoundé,Full-time
2016-03-10,PHP Software Engineer,https://www.jobinfocamer.com/job/8386/php-software-engineer-a-afrologix,AFROLOGIX,Yaoundé,Full-time
2016-03-09,DEVELOPPEURS JAVA,https://www.jobinfocamer.com/job/8384/developpeurs-java-a-megatim-group,MEGATIM GROUP,Yaoundé,Part-time
2016-03-05,ADMINISTRATEUR SYSTEME ET SECURITE INFORMATIQUE,https://www.jobinfocamer.com/job/8360/administrateur-systeme-et-securite-informatique-a-mnt-consulting,MNT Consulting,Douala,Full-time
2016-02-28,Développeur JEE/Oracle,https://www.jobinfocamer.com/job/8307/developpeur-jee-oracle-a-eutech,EUTECH,Yaoundé,Full-time
2016-02-21,Stage développeur web,https://www.jobinfocamer.com/job/8248/stage-developpeur-web-a-microbull,MicroBull,Yaoundé,Internship
2016-02-18,Developpeur H/F,https://www.jobinfocamer.com/job/8216/developpeur-h-f-a-lux-web-services,LUX WEB SERVICES,Douala,Full-time
2016-02-12,Ingénieur Système et Réseau (H/F),https://www.jobinfocamer.com/job/8160/ingenieur-systeme-et-reseau-h-f--a-protechnik-sa,Protechnik SA,Libreville,Full-time
2016-02-11,"Certified MICROSOFT, Oracle and CISCO Instructors",https://www.jobinfocamer.com/job/8153/certified-microsoft-oracle-and-cisco-instructors-a-gsp-cameroon,GSP Cameroon,Yaoundé,Full-time
2016-02-11,LECTURERS FOR UNDERGRADUATE AND POST GRADUATE PROGRAMS,https://www.jobinfocamer.com/job/8152/lecturers-for-undergraduate-and-post-graduate-programs-a-gsp-cameroon,GSP Cameroon,Yaoundé,Full-time
2016-02-05,Formateur Linux,https://www.jobinfocamer.com/job/8100/formateur-linux-a-charismatic-consulting,Charismatic Consulting,Yaoundé,Part-time
2016-02-03,Assistant terrain en charge des bases de données,https://www.jobinfocamer.com/job/8077/assistant-terrain-en-charge-des-bases-de-donnees-a-cicr,CICR,Maroua,Part-time
2016-02-01,Recrutement  de 2 stagiaires en web développement,https://www.jobinfocamer.com/job/8045/recrutement-de-2-stagiaires-en-web-developpement-a-unicom-network-sarl,Unicom Network Sarl,Yaoundé,Internship
2016-02-01,Formateur Bureautique,https://www.jobinfocamer.com/job/8046/formateur-bureautique-a-eat,EAT,Douala,Part-time
2016-01-31,Administrateur Réseaux,https://www.jobinfocamer.com/job/8039/administrateur-reseaux-a-group-soft-sarl,Group Soft Sarl,Yaoundé,Full-time
2016-01-31,Développeur Web et Mobile Dev,https://www.jobinfocamer.com/job/8038/developpeur-web-et-mobile-dev-a-group-soft-sarl,Group Soft Sarl,Yaoundé,Full-time
2016-01-26,ICT Assistant,https://www.jobinfocamer.com/job/7995/ict-assistant-a-unicef,UNICEF,Maroua,Part-time
2016-01-25,Registration Associate,https://www.jobinfocamer.com/job/7984/registration-associate-a-unhcr,UNHCR,Maroua,Part-time
2016-01-24,Développeur Front-End Javascript/ JQUERY,https://www.jobinfocamer.com/job/7976/developpeur-front-end-javascript-jquery-a-h2-altitude,H2 Altitude,Yaoundé,Part-time
2016-01-22,LECTURERS,https://www.jobinfocamer.com/job/7965/lecturers-a-formaplus-academy,FORMAPLUS ACADEMY,Yaoundé,Full-time
2016-01-20,Stage pré-emploi Graphiste/Designer,https://www.jobinfocamer.com/job/7946/stage-pre-emploi-graphiste-designer-a-artitalent,ARTITALENT,Yaoundé,Internship
2016-01-14,C# Software Engineer,https://www.jobinfocamer.com/job/7897/c-software-engineer-a-afrologix,AFROLOGIX,Yaoundé,Full-time
2016-01-14,Ingénieur informaticien,https://www.jobinfocamer.com/job/7890/ingenieur-informaticien-a-africa-eye-foundation,Africa Eye Foundation,Yaoundé,Full-time
2016-01-14,C++ Software Engineer,https://www.jobinfocamer.com/job/7896/c-software-engineer-a-afrologix,AFROLOGIX,Yaoundé,Full-time
2016-01-14,iOS Mobile Apps Developer,https://www.jobinfocamer.com/job/7899/ios-mobile-apps-developer-a-afrologix,AFROLOGIX,Yaoundé,Full-time
2016-01-14,Android Mobile Apps Developer,https://www.jobinfocamer.com/job/7900/android-mobile-apps-developer-a-afrologix,AFROLOGIX,Yaoundé,Full-time
2016-01-14,Java Software Engineer,https://www.jobinfocamer.com/job/7902/java-software-engineer-a-afrologix,AFROLOGIX,Yaoundé,Full-time
2016-01-13,IT Engineer,https://www.jobinfocamer.com/job/7875/it-engineer-a-africa-eye-foundation,Africa Eye Foundation,Yaoundé,Full-time
2016-01-13,TESTEUR DES APPLICATIONS,https://www.jobinfocamer.com/job/7866/testeur-des-applications-a-megasoft-sarl,MEGASOFT SARL,Yaoundé,Internship
2016-01-11,IT Operations Associate,https://www.jobinfocamer.com/job/7845/it-operations-associate--a-programme-alimentaire-mondial,Programme Alimentaire Mondial,Yaoundé,Part-time
2016-01-11,Développeur web / Web Developer,https://www.jobinfocamer.com/job/7840/developpeur-web-web-developer-a-kamerkonnection,KamerKonnection,Douala,Internship
2016-01-07,Développeur web,https://www.jobinfocamer.com/job/7807/developpeur-web-a-artitalent,ARTITALENT,Yaoundé,Internship
2016-01-05,Web Developer/Designer,https://www.jobinfocamer.com/job/7778/web-developer-designer-a-vairified,VAIRIFIED,Douala,Part-time
2016-01-05,Infrastructure Engineer,https://www.jobinfocamer.com/job/7776/infrastructure-engineer-a-vairified,VAIRIFIED,Douala,Part-time
2016-01-05,IOS Developer,https://www.jobinfocamer.com/job/7775/ios-developer-a-vairified,VAIRIFIED,Douala,Part-time
2016-01-05,Développeur web,https://www.jobinfocamer.com/job/7772/developpeur-web-a-unicom-network-sarl,UNICOM NETWORK SARL,Yaoundé,Full-time
2016-01-04,Developpement d'application web et mobile,https://www.jobinfocamer.com/job/7760/developpement-d-application-web-et-mobile-a-boorgeon,Boorgeon,Yaoundé,Internship
2015-12-21,"Développeur Dot NET, C Sharp",https://www.jobinfocamer.com/job/7680/developpeur-dot-net-c-sharp-a-afreetech,AFREETECH,Yaoundé,Part-time
2015-12-18,Biostatistician,https://www.jobinfocamer.com/job/7663/biostatistician-a-r4d-international,R4D INTERNATIONAL,Yaoundé,Part-time
2015-12-11,PROGRAMMEUR/DATA MANAGER,https://www.jobinfocamer.com/job/7610/programmeur-data-manager-a-centre-pasteur-du-cameroun,Centre Pasteur du Cameroun,Yaoundé,Part-time
2015-12-08,FRONT-END WEB DEVELOPER,https://www.jobinfocamer.com/job/7593/front-end-web-developer-a-yoomee-africa,YooMee Africa,Douala,Full-time
2015-11-30,Chef d'Unité de Gestion Informatique des Stocks,https://www.jobinfocamer.com/job/7545/chef-d-unite-de-gestion-informatique-des-stocks-a-frps-ouest,FRPS-Ouest,Bafoussam,Full-time
2015-11-28,Stage(s) developpeur informatique - 6 mois,https://www.jobinfocamer.com/job/7519/stage-s-developpeur-informatique-6-mois-a-inductiv-research-technologies,Inductiv Research Technologies,Yaoundé,Internship
2015-11-26,Développeur Web et SQL,https://www.jobinfocamer.com/job/7496/developpeur-web-et-sql-a-terra-soft,Terra Soft,Douala,Full-time
2015-11-18,1 développeur Android & 1 développeur web,https://www.jobinfocamer.com/job/7424/1-developpeur-android-1-developpeur-web-a-amla-cameroun,AMLA CAMEROUN,Yaoundé,Part-time
2015-11-13,Technicien systèmes et réseaux,https://www.jobinfocamer.com/job/7385/technicien-systemes-et-reseaux-a-microbull,MicroBull,Yaoundé,Internship
2015-11-13,Business Development Manager,https://www.jobinfocamer.com/job/7384/business-development-manager--a-telewest-technologies,Telewest Technologies,Douala,Full-time
2015-11-11,Ingénieur,https://www.jobinfocamer.com/job/7360/ingenieur-a-newtech-iteam,NewTech ITeam,Douala,Full-time
2015-11-11,Responsable Solution IT,https://www.jobinfocamer.com/job/7351/responsable-solution-it-a-mobile-virtual-network-operator,Mobile Virtual Network Operator,Douala,Full-time
2015-11-10,Analyste Programmeur,https://www.jobinfocamer.com/job/7345/analyste-programmeur-a-cecaw,CECAW,Douala,Part-time
2015-11-10,CONSULTANT STAGIAIRE,https://www.jobinfocamer.com/job/7340/consultant-stagiaire-a-afrikedge,AFRIKEDGE,Douala,Internship
2015-11-06,INFORMATICIENS RESEAUX ET DEVELOPPEURS,https://www.jobinfocamer.com/job/7310/informaticiens-reseaux-et-developpeurs-a-entreprise-de-la-place,ENTREPRISE DE LA PLACE,Yaoundé,Full-time
2015-10-30,Recherche de Formateur en Bureutique et comptabilite informatisee,https://www.jobinfocamer.com/job/7232/recherche-de-formateur-en-bureutique-et-comptabilite-informatisee-a-academie-de-l-excellence,Académie de l'Excellence,Douala,Full-time
2015-10-28,DEVELOPPEUR WEB,https://www.jobinfocamer.com/job/7212/developpeur-web-a-unicom-network-sarl,UNICOM NETWORK SARL,Yaoundé,Full-time
2015-10-26,Web designer / Infographe / Intégrateur qualifié,https://www.jobinfocamer.com/job/7195/web-designer-infographe-integrateur-qualifie-a-cleandev,CleanDev,Yaoundé,Full-time
2015-10-22,Gestionnaire de flotte automobile,https://www.jobinfocamer.com/job/7175/gestionnaire-de-flotte-automobile-a-razel-cameroun,Razel Cameroun,Yaoundé,Full-time
2015-10-19,Développeur Symfony Confirmé,https://www.jobinfocamer.com/job/7148/developpeur-symfony-confirme--a-afrikbusiness,Afrikbusiness,Yaoundé,Internship
2015-10-14,Développeur mobile Windev,https://www.jobinfocamer.com/job/7082/developpeur-mobile-windev-a-amla-cameroun,AMLA CAMEROUN,Yaoundé,Full-time
2015-10-13,Développeur JAVA/J2EE,https://www.jobinfocamer.com/job/7072/developpeur-java-j2ee-a-afreetech,AFREETECH,Yaoundé,Full-time
2015-10-13,IT Operations Officer,https://www.jobinfocamer.com/job/7066/it-operations-officer-a-programme-alimentaire-mondial,Programme Alimentaire Mondial,Yaoundé,Part-time
2015-10-13,Maintenance et Réseaux informatiques,https://www.jobinfocamer.com/job/7065/maintenance-et-reseaux-informatiques-a-tpmh-sarl,TPMH SARL,Douala,Full-time
2015-10-11,Développeur Symfony Confirmé (H/F),https://www.jobinfocamer.com/job/7057/developpeur-symfony-confirme-h-f--a-foongon,Foongon,Douala,Full-time
2015-10-09,INGENIEUR SYSTEMES,https://www.jobinfocamer.com/job/7038/ingenieur-systemes-a-bollore-africa-logistics,Bolloré Africa Logistics,Douala,Full-time
2015-10-06,IT ASSISTANT,https://www.jobinfocamer.com/job/7024/it-assistant-a-cis,CIS,Douala,Internship
2015-10-03,Développeur / Intégrateur web,https://www.jobinfocamer.com/job/6993/developpeur-integrateur-web-a-crystals-services,Crystals Services,Yaoundé,Full-time
2015-09-29,Web Développeur,https://www.jobinfocamer.com/job/6962/web-developpeur-a-giftedmom,Giftedmom,Yaoundé,Internship
2015-09-24,Développeur,https://www.jobinfocamer.com/job/6930/developpeur-a-interface-sa,INTERFACE SA,Douala,Internship
2015-09-23,Informaticien(ne),https://www.jobinfocamer.com/job/6920/informaticien-ne--a-issea,ISSEA,Yaoundé,Full-time
2015-09-23,Administrateur de site Web(Webmaster),https://www.jobinfocamer.com/job/6921/administrateur-de-site-web-webmaster--a-commission-du-bassin-du-lac-tchad-cblt-,Commission du Bassin du Lac Tchad(CBLT),N'Djamena,Full-time
2015-09-11,Informaticien Stagiaire,https://www.jobinfocamer.com/job/6815/informaticien-stagiaire-a-kanza-sarl,KANZA SARL,Douala,Internship
2015-09-09,Ingénieurs informaticiens,https://www.jobinfocamer.com/job/6795/ingenieurs-informaticiens-a-entreprise-de-la-place,Entreprise de la place,Yaoundé,Part-time
2015-08-26,Data and ICT Officer,https://www.jobinfocamer.com/job/6683/data-and-ict-officer-a-icap-cameroon,ICAP Cameroon,Yaoundé,Part-time
2015-08-22,Stage en Administration de base de données Oracle,https://www.jobinfocamer.com/job/6633/stage-en-administration-de-base-de-donnees-oracle-a-dym-consulting,DYM Consulting,Douala,Internship
2015-08-19,Professeur de TECHNOLOGIE INFORMATIQUE,https://www.jobinfocamer.com/job/6612/professeur-de-technologie-informatique-a-lycee-francais-fustel-de-coulanges,Lycée Français Fustel de Coulanges,Yaoundé,Full-time
2015-08-18,Webmaster Expérimenté,https://www.jobinfocamer.com/job/6593/webmaster-experimente-a-entreprise-de-communication,Entreprise de Communication,Yaoundé,Full-time
2015-08-13,Infographe/Graphiste 3D,https://www.jobinfocamer.com/job/6557/infographe-graphiste-3d-a-royal-communications,Royal Communications,Yaoundé,Full-time
2015-08-12,INFORMATICIEN ASSISTANT,https://www.jobinfocamer.com/job/6548/informaticien-assistant-a-acep-cameroun,ACEP Cameroun,Douala,Full-time
2015-08-05,Senior Web Developer,https://www.jobinfocamer.com/job/6483/senior-web-developer-a-zenithe-insurance,Zenithe Insurance,Douala,Full-time
2015-08-05,Systems Engineer/Software Developer,https://www.jobinfocamer.com/job/6482/systems-engineer-software-developer-a-zenithe-insurance,Zenithe Insurance,Douala,Full-time
2015-07-28,Informaticien,https://www.jobinfocamer.com/job/6367/informaticien-a-ucac,UCAC,Yaoundé,Part-time
2015-07-28,"Programmeurs, Analystes et Ingénieurs Informaticiens",https://www.jobinfocamer.com/job/6360/programmeurs-analystes-et-ingenieurs-informaticiens-a-fonction-publique,Fonction Publique,Yaoundé,Full-time
2015-07-24,DEVELOPPEUR  APPLICATIONS WEB ET MOBILES,https://www.jobinfocamer.com/job/6330/developpeur-applications-web-et-mobiles-a-rh-experts,RH EXPERTS,Douala,Internship
2015-07-15,Stagiaire en Informatique de Gestion,https://www.jobinfocamer.com/job/6241/stagiaire-en-informatique-de-gestion-a-entreprise-de-la-place,ENTREPRISE DE LA PLACE,Yaoundé,Internship
2015-07-13,DEVELOPPEUR QLIEKVIEW,https://www.jobinfocamer.com/job/6221/developpeur-qliekview-a-bollore-africa-logistics,Bolloré Africa Logistics,Douala,Full-time
2015-07-10,DEVELOPPEUR/PROGRAMMEUR  en J2EE,https://www.jobinfocamer.com/job/6196/developpeur-programmeur-en-j2ee-a-bz-systems-ltd,BZ Systems Ltd,Yaoundé,Full-time
2015-07-09,INSTRUCTORS FOR CERTIFICATION AND DIPLOMA PROGRAMS,https://www.jobinfocamer.com/job/6180/instructors-for-certification-and-diploma-programs-a-ict-university-cameroon,ICT UNIVERSITY CAMEROON,Yaoundé,Full-time
2015-07-08,Graphic Designer and IT Specialist,https://www.jobinfocamer.com/job/6169/graphic-designer-and-it-specialist-a-denis-and-lenora-foretia-foundation,Denis and Lenora Foretia Foundation,Yaoundé,Full-time
2015-07-07,Stage Professionnel RÉSEAUX ET SÉCURITÉ INFORMATIQUE,https://www.jobinfocamer.com/job/6154/stage-professionnel-reseaux-et-securite-informatique-a-dkt-group-sarl,DKT Group SARL,Yaoundé,Internship
2015-07-06,Stagiaire,https://www.jobinfocamer.com/job/6137/stagiaire-a--aretex-sarl,ARETEX-SARL,Douala,Internship
2015-06-30,INFOGRAPHE,https://www.jobinfocamer.com/job/6080/infographe-a-be,BE,Yaoundé,Full-time
2015-06-30,Recrutement Ingénieurs télécoms et informatique,https://www.jobinfocamer.com/job/6077/recrutement-ingenieurs-telecoms-et-informatique-a-it-,IT+,Yaoundé - Douala,Full-time
2015-06-26,Spécialiste SIG,https://www.jobinfocamer.com/job/6052/specialiste-sig-a-geospace-africa-ltd,GeoSpace Africa Ltd,Douala,Full-time
2015-06-22,Infographiste Web Designer,https://www.jobinfocamer.com/job/6005/infographiste-web-designer-a-lux-web-services,lux web services,Douala,Internship
2015-06-19,Designer Graphique,https://www.jobinfocamer.com/job/5972/designer-graphique-a-premium-cameroun,Premium Cameroun,Douala,Internship
2015-06-11,VNU ICT ASSISTANT,https://www.jobinfocamer.com/job/5902/vnu-ict-assistant-a-pnud-cameroun,PNUD Cameroun,BERTOUA,Part-time
2015-06-07,Data Manager,https://www.jobinfocamer.com/job/5824/data-manager-a-oms,OMS,Yaoundé,Part-time
2015-06-05,Designer/Intégrateur qualifié,https://www.jobinfocamer.com/job/5811/designer-integrateur-qualifie-a-cleandev,CleanDev,Yaoundé,Full-time
2015-06-04,Analyste/Developpeur Java / JEE,https://www.jobinfocamer.com/job/5801/analyste-developpeur-java-jee-a-4itech,4ITECH,Yaoundé,Full-time
2015-06-01,Informaticien,https://www.jobinfocamer.com/job/5728/informaticien-a-bocom-petroleum-s-a,BOCOM PETROLEUM S.A,Douala,Full-time
2015-06-01,Information Technology Assistant,https://www.jobinfocamer.com/job/5732/information-technology-assistant-a-u-s-embassy,U.S. Embassy,Yaoundé,Full-time
2015-05-30,ICT Assistant,https://www.jobinfocamer.com/job/5705/ict-assistant-a-unicef,UNICEF,Maroua,Part-time
2015-05-30,ICT Assistant,https://www.jobinfocamer.com/job/5703/ict-assistant-a-unicef,UNICEF,Bertoua,Part-time
2015-05-26,Information \& Technology Assistant,https://www.jobinfocamer.com/job/5661/information-technology-assistant-a-programme-alimentaire-mondial,Programme Alimentaire Mondial,Bertoua,Part-time
2015-05-25,Associé à la Base de données réfugiés,https://www.jobinfocamer.com/job/5645/associe-a-la-base-de-donnees-refugies-a-unhcr,UNHCR,Maroua,Part-time
2015-05-19,Gerante Cyber,https://www.jobinfocamer.com/job/5611/gerante-cyber--a-cyber-cafe,Cyber Café,Douala,Full-time
2015-05-18,Part Time Information Technology Assistant,https://www.jobinfocamer.com/job/5597/part-time-information-technology-assistant-a-peacecorps,PeaceCorps,Yaoundé,Part-time
2015-05-14,Analyste/Développeur nouvelles technologies et Business Intelligence,https://www.jobinfocamer.com/job/5577/analyste-developpeur-nouvelles-technologies-et-business-intelligence-a-h2-altitude,H2 Altitude,Yaoundé,Internship
2015-05-11,Gestionnaire des données,https://www.jobinfocamer.com/job/5545/gestionnaire-des-donnees-a-iresco,IRESCO,"Ngaoundéré, Maroua, ou Garoua",Part-time
2015-05-08,CHEFS DE PROJET MOA,https://www.jobinfocamer.com/job/5523/chefs-de-projet-moa-a-societe-generale-cameroun,SOCIETE GENERALE CAMEROUN,Douala,Full-time
2015-05-08,INGENIEUR STREAM SERVE ET BUSINESS OBJET,https://www.jobinfocamer.com/job/5522/ingenieur-stream-serve-et-business-objet-a-societe-generale-cameroun,SOCIETE GENERALE CAMEROUN,Douala,Full-time
2015-05-04,IT Assistant/Network and System Support,https://www.jobinfocamer.com/job/5476/it-assistant-network-and-system-support-a-african-institute-for-mathematical-sciences,African Institute for Mathematical Sciences,Limbe,Full-time
2015-05-04,IT System Manager,https://www.jobinfocamer.com/job/5474/it-system-manager-a-african-institute-for-mathematical-sciences,African Institute for Mathematical Sciences,Limbe,Full-time
2015-05-04,IT Coordinator,https://www.jobinfocamer.com/job/5478/it-coordinator-a-african-institute-for-mathematical-sciences,African Institute for Mathematical Sciences,Yaoundé,Full-time
2015-05-04,IT Assistant,https://www.jobinfocamer.com/job/5479/it-assistant-a-african-institute-for-mathematical-sciences,African Institute for Mathematical Sciences,Yaoundé,Full-time
2015-04-29,STAGE PROFESSIONNEL EN INFORMATIQUE ET GENIE LOGICIEL,https://www.jobinfocamer.com/job/5450/stage-professionnel-en-informatique-et-genie-logiciel-a-wouri-technologies,Wouri Technologies,Douala,Internship
2015-04-29,Stagiaire en Informatique,https://www.jobinfocamer.com/job/5445/stagiaire-en-informatique-a-entreprise-de-la-place,Entreprise de la place,Yaoundé,Internship
2015-04-27,DEVELOPPEUR D APPLICATION WEB SENIOR,https://www.jobinfocamer.com/job/5421/developpeur-d-application-web-senior-a-secel,SECEL,Douala,Full-time
2015-04-27,INGENIEUR SYSTEMES MICROSOFT,https://www.jobinfocamer.com/job/5420/ingenieur-systemes-microsoft--a-secel,SECEL,Douala,Full-time
2015-04-16,Développeur PHP / prestashop,https://www.jobinfocamer.com/job/5305/developpeur-php-prestashop-a-cleandev,CleanDev,Yaoundé,Full-time
2015-04-15,Mobile App Developer Needed,https://www.jobinfocamer.com/job/5296/mobile-app-developer-needed-a-hr-systems-ltd,HR & SYSTEMS LTD,Douala,Full-time
2015-04-14,Senior Web Developer,https://www.jobinfocamer.com/job/5287/senior-web-developer-a-vtc,VTC,Douala,Full-time
2015-04-13,Cadre Supérieur,https://www.jobinfocamer.com/job/5275/cadre-superieur-a-okalla-ahanda-associes,OKALLA AHANDA & Associés,Yaoundé,Full-time
2015-04-08,Stagiaire professionnel,https://www.jobinfocamer.com/job/5233/stagiaire-professionnel-a-etablissement-de-microfinance,Etablissement de Microfinance,Yaoundé,Internship
2015-04-01,Infographe,https://www.jobinfocamer.com/job/5188/infographe-a-la-carterie-gt,La Carterie GT,Yaoundé,Internship
2015-03-31,ASSISTANT INFORMATIQUE,https://www.jobinfocamer.com/job/5172/assistant-informatique-a-ohchr,OHCHR,Yaoundé,Part-time
2015-03-23,Technicien ICT,https://www.jobinfocamer.com/job/5049/technicien-ict-a-cicr,CICR,Yaoundé,Part-time
2015-03-20,Technicien Support Anglophone (H/F),https://www.jobinfocamer.com/job/4990/technicien-support-anglophone-h-f--a-aquafadas,Aquafadas,Montpellier,Full-time
2015-03-20,Développeur Sénior PHP (H/F),https://www.jobinfocamer.com/job/4997/developpeur-senior-php-h-f--a-aquafadas,Aquafadas,Montpellier,Full-time
2015-03-20,Développeur SDK Android (H/F),https://www.jobinfocamer.com/job/4999/developpeur-sdk-android-h-f--a-aquafadas,Aquafadas,Montpellier,Full-time
2015-03-20,Développeur Web Front End (H/F),https://www.jobinfocamer.com/job/5017/developpeur-web-front-end-h-f--a-aquafadas,Aquafadas,Montpellier,Full-time
2015-03-19,Développeur OS X (H/F),https://www.jobinfocamer.com/job/4980/developpeur-os-x-h-f--a-aquafadas,Aquafadas,Montpellier,Full-time
2015-03-17,INGENIEURS / MATHEMATICIENS,https://www.jobinfocamer.com/job/4962/ingenieurs-mathematiciens-a-entreprise-de-la-place,ENTREPRISE DE LA PLACE,Yaoundé,Full-time
2015-03-17,TECHNICIEN SUPERIEUR EN MAINTENANCE INFORMATIQUE,https://www.jobinfocamer.com/job/4960/technicien-superieur-en-maintenance-informatique-a-entreprise-de-la-place,ENTREPRISE DE LA PLACE,Yaoundé,Full-time
2015-03-10,INTEGRATEUR SOLUTIONS INFORMATIQUES- ERP,https://www.jobinfocamer.com/job/4653/integrateur-solutions-informatiques-erp-a-iplans-sa,iPLANS SA,Yaoundé,Full-time
2015-03-10,Information Technology Intern,https://www.jobinfocamer.com/job/4639/information-technology-intern-a-u-s-embassy,U.S. Embassy,Yaoundé,Internship
2015-02-27,M&E Officer,https://www.jobinfocamer.com/job/4543/m-e-officer-a-helen-keller-international,Helen Keller International,Yaoundé,Full-time
2015-02-26,Technicien en Maintenance Informatique,https://www.jobinfocamer.com/job/4531/technicien-en-maintenance-informatique-a-entreprise-de-la-place,Entreprise de la place,Douala,Full-time
2015-02-24,Ingénieur d\'Affaires Grands Comptes,https://www.jobinfocamer.com/job/4514/ingenieur-d-affaires-grands-comptes-a-socitech-cameroun,SOCITECH CAMEROUN,Douala,Full-time
2015-02-24,Ingénieur Avant Vente,https://www.jobinfocamer.com/job/4513/ingenieur-avant-vente-a-socitech-cameroun,SOCITECH CAMEROUN,Douala,Full-time
2015-02-22,Développeur JEE expérimenté/Architecte Technique JEE,https://www.jobinfocamer.com/job/4503/developpeur-jee-experimente-architecte-technique-jee-a-leadware,LEADWARE,Douala,Full-time
2015-02-22,Ingénieur Développeur JAVA/JEE Web Expérimeté,https://www.jobinfocamer.com/job/4502/ingenieur-developpeur-java-jee-web-experimete-a-leadware,LEADWARE,Douala,Full-time
2015-02-20,INFOGRAPHISTE,https://www.jobinfocamer.com/job/4491/infographiste-a-oapi,OAPI,Yaoundé,Full-time
2015-02-19,RECRUTEMENT 02 DEVELOPPEURS(INFORMATIQUE),https://www.jobinfocamer.com/job/4483/recrutement-02-developpeurs-informatique--a-skysoft-technology,SKYSOFT TECHNOLOGY,Douala,Full-time
2015-02-14,Informaticien stagiaire,https://www.jobinfocamer.com/job/4448/informaticien-stagiaire-a-kanza-sarl,Kanza Sarl,Douala,Internship
2015-02-12,SUPERVISEURS,https://www.jobinfocamer.com/job/4432/superviseurs-a-entreprise-de-la-place,ENTREPRISE DE LA PLACE,Yaoundé,Full-time
2015-02-12,CHARGE DES OPERATIONS,https://www.jobinfocamer.com/job/4430/charge-des-operations-a-entreprise-de-la-place,ENTREPRISE DE LA PLACE,Yaoundé,Full-time
2015-02-12,Ingenieur Technico commercial,https://www.jobinfocamer.com/job/4426/ingenieur-technico-commercial-a-camtrack,CAMTRACK,Douala,Full-time
2015-02-12,Senior Information Technology Assistant,https://www.jobinfocamer.com/job/4425/senior-information-technology-assistant-a-unhcr,UNHCR,Maroua,Part-time
2015-02-12,Assistant Principal en Gestion des données,https://www.jobinfocamer.com/job/4424/assistant-principal-en-gestion-des-donnees-a-unhcr,UNHCR,Maroua,Part-time
2015-02-10,[Stage] Rédacteurs web,https://www.jobinfocamer.com/job/4403/-stage-redacteurs-web-a-entreprise-de-la-place,Entreprise de la place,Douala,Internship
2015-02-06,Stagiaires en Informatique,https://www.jobinfocamer.com/job/4386/stagiaires-en-informatique-a-biservices,BIServices,Yaoundé,Internship
2015-02-05,Web designer qualifié,https://www.jobinfocamer.com/job/4373/web-designer-qualifie-a-cleandev,CleanDev,Yaoundé,Full-time
2015-02-05,Analyste Programmeur,https://www.jobinfocamer.com/job/4368/analyste-programmeur-a-entreprise-de-la-place,Entreprise de la place,Yaoundé,Full-time
2015-02-02,Infographiste,https://www.jobinfocamer.com/job/4342/infographiste-a-mobicomt-ltd,MOBICOMT LTD,Douala,Full-time
2015-01-29,Formateurs et consultants expérimentés,https://www.jobinfocamer.com/job/4299/formateurs-et-consultants-experimentes-a-academie-de-l-excellence,Académie de l'Excellence,Douala,Full-time
2015-01-27,Enseignant / Formateur,https://www.jobinfocamer.com/job/4287/enseignant-formateur-a-biservices,BIServices,Yaoundé,Full-time
2015-01-26,Ingénieurs en TIC,https://www.jobinfocamer.com/job/4270/ingenieurs-en-tic-a-groupe-iccnet,Groupe ICCNET,Yaoundé,Full-time
2015-01-21,Développeurs Web Dashboard,https://www.jobinfocamer.com/job/4230/developpeurs-web-dashboard-a-interface-sa,INTERFACE SA,Douala,Internship
2015-01-21,Développeur BI,https://www.jobinfocamer.com/job/4229/developpeur-bi-a-interface-sa,INTERFACE SA,Douala,Internship
2015-01-19,IT Manager,https://www.jobinfocamer.com/job/4208/it-manager-a-sos,SOS,Yaoundé,Full-time
2015-01-19,Product Manager,https://www.jobinfocamer.com/job/4207/product-manager-a-sos,SOS,Yaoundé,Full-time
2015-01-19,OFFRE DE STAGE,https://www.jobinfocamer.com/job/4206/offre-de-stage-a-entreprise-de-la-place,Entreprise de la place,Douala,Internship
2015-01-15,Développeur Web Junior,https://www.jobinfocamer.com/job/4177/developpeur-web-junior--a-orbit-industries-ltd-,"Orbit Industries, LTD.",Douala,Internship
2015-01-12,Infographe numérique flasheur expérimenté,https://www.jobinfocamer.com/job/4160/infographe-numerique-flasheur-experimente-a-societe-de-communication,Société de Communication,Yaoundé,Full-time
2015-01-10,IT OFFICER,https://www.jobinfocamer.com/job/4145/it-officer-a-care-cameroun,CARE Cameroun,Yaoundé,Full-time
2015-01-10,Chargé de déploiement Maximo,https://www.jobinfocamer.com/job/4144/charge-de-deploiement-maximo-a-bollore-africa-logistics,Bolloré Africa Logistics,Douala,Internship
2015-01-09,Technicien maintenance informatique et électronique,https://www.jobinfocamer.com/job/4140/technicien-maintenance-informatique-et-electronique-a-dp,DP,Douala,Full-time
2015-01-08,Network Security Specialist,https://www.jobinfocamer.com/job/4134/network-security-specialist-a-r4d-international,R4D INTERNATIONAL,Yaoundé,Full-time
2015-01-06,Axxentis Scholaris EPM/CL Integration \& Support Analyst,https://www.jobinfocamer.com/job/4099/axxentis-scholaris-epm-cl-integration-support-analyst-a-axxentis,Axxentis,Yaoundé,Part-time
2015-01-06,[Urgent] Graphiste Web,https://www.jobinfocamer.com/job/4090/-urgent-graphiste-web-a-entreprise-de-la-place,Entreprise de la place,Douala,Full-time
2015-01-06,Axxentis Scholaris EPM/CL Application Developer,https://www.jobinfocamer.com/job/4098/axxentis-scholaris-epm-cl-application-developer-a-axxentis,Axxentis,Yaoundé,Part-time
2015-01-06,Unified Communications Support Analyst,https://www.jobinfocamer.com/job/4103/unified-communications-support-analyst-a-axxentis,Axxentis,Yaoundé,Part-time
2015-01-06,System \& Virtualization Support Analyst,https://www.jobinfocamer.com/job/4102/system-virtualization-support-analyst-a-axxentis,Axxentis,Yaoundé,Part-time
2015-01-06,Network \& Security Support Analyst,https://www.jobinfocamer.com/job/4104/network-security-support-analyst-a-axxentis,Axxentis,Yaoundé,Part-time
2015-01-06,Web Designer \& Integrator,https://www.jobinfocamer.com/job/4106/web-designer-integrator-a-axxentis,Axxentis,Yaoundé,Part-time
2014-12-30,Recrutement de 05 INFORMATICIENS à la POLICE,https://www.jobinfocamer.com/job/4039/recrutement-de-05-informaticiens-a-la-police-a-fonction-publique,Fonction Publique,Yaoundé,Full-time
2014-12-30,Web Content Administrator,https://www.jobinfocamer.com/job/4037/web-content-administrator-a-yoomee-africa,YooMee Africa,Douala,Full-time
2014-12-30,Business Development Officer,https://www.jobinfocamer.com/job/4036/business-development-officer-a-yoomee-africa,YooMee Africa,Douala,Full-time
2014-12-29,Web Designers/Developers,https://www.jobinfocamer.com/job/4031/web-designers-developers-a-hr-systems-ltd,HR & Systems Ltd,Douala,Full-time
2014-12-26,Informaticien Bilingue,https://www.jobinfocamer.com/job/4005/informaticien-bilingue-a-entreprise-de-la-place,Entreprise de la place,Yaoundé,Full-time
2014-12-24,DEVELOPPEURS PRESTASHOP,https://www.jobinfocamer.com/job/3994/developpeurs-prestashop-a-zen,ZEN,Douala,Full-time
2014-12-24,INFOGRAPHE - WEB DESIGNER,https://www.jobinfocamer.com/job/3993/infographe-web-designer-a-zen,ZEN,Douala,Full-time
2014-12-23,HEALTH INFORMATION ASSISTANT,https://www.jobinfocamer.com/job/3951/health-information-assistant-a-south-west-regional-fund-for-health-promotion,South West Regional Fund for Health Promotion,Buéa,Full-time
2014-12-18,COORDONNATEUR DES TIC,https://www.jobinfocamer.com/job/3915/coordonnateur-des-tic-a-acms,ACMS,Yaoundé,Part-time
2014-12-18,"Infographiste,Web Designer",https://www.jobinfocamer.com/job/3920/infographiste-web-designer-a-lux-web-services,lux web services,Douala,Internship
2014-12-18,Information and Communication Technology Coordinator,https://www.jobinfocamer.com/job/3916/information-and-communication-technology-coordinator-a-acms,ACMS,Yaoundé,Part-time
2014-12-16,Chef de service exploitation,https://www.jobinfocamer.com/job/3900/chef-de-service-exploitation-a-groupe-beneficial,Groupe Beneficial,Douala,Full-time
2014-12-08,INFOGRAPHISTE,https://www.jobinfocamer.com/job/3842/infographiste-a-fashioneering-by-tf,Fashioneering by TF,Yaoundé,Full-time
2014-12-03,DEVELOPPEUR STAGIAIRE,https://www.jobinfocamer.com/job/3811/developpeur-stagiaire-a-bollore-africa-logistics,Bolloré Africa Logistics,Douala,Internship
2014-12-03,DEVELOPPEUR PHP,https://www.jobinfocamer.com/job/3814/developpeur-php-a-sobajoo-network,SOBAJOO NETWORK,Yaoundé,Full-time
2014-12-01,FORMATEURS EN LIGNE,https://www.jobinfocamer.com/job/3795/formateurs-en-ligne-a-ivedis,IVEDIS,Yaoundé,Part-time
2014-11-28,Développeur Web,https://www.jobinfocamer.com/job/3767/developpeur-web-a-b-c-digital,B&C Digital,Douala,Full-time
2014-11-11,Chef de projet web,https://www.jobinfocamer.com/job/3643/chef-de-projet-web-a-novazen,NOVAZEN,Yaoundé,Full-time
2014-11-10,SUPERVISEUR TECHNIQUE,https://www.jobinfocamer.com/job/3630/superviseur-technique-a-imagine-plus-ltd,IMAGINE PLUS LTD,Yaoundé,Part-time
2014-11-03,IT Support Assistant,https://www.jobinfocamer.com/job/3574/it-support-assistant-a-unesco,UNESCO,Yaoundé,Part-time
2014-11-02,INGENIEUR ETUDES,https://www.jobinfocamer.com/job/3564/ingenieur-etudes-a-mnt-consulting,MNT Consulting,Douala,Full-time
2014-10-31,DEVELOPPEUR DU WEB,https://www.jobinfocamer.com/job/3547/developpeur-du-web-a-mdr-space-ltd,MDR SPACE LTD,Yaoundé,Full-time
2014-10-31,DEVELOPPEUR SUR INTERNET QUALIFIE,https://www.jobinfocamer.com/job/3546/developpeur-sur-internet-qualifie-a-mdr-space-ltd,MDR SPACE LTD,Yaoundé,Full-time
2014-10-31,DEVICE DEVELOPPEUR,https://www.jobinfocamer.com/job/3548/device-developpeur-a-mdr-space-ltd,MDR SPACE LTD,Yaoundé,Full-time
2014-10-27,Responsable des Systèmes d'information,https://www.jobinfocamer.com/job/3521/responsable-des-systemes-d-information-a-centre-pasteur-du-cameroun,Centre Pasteur du Cameroun,Yaoundé,Full-time
2014-10-20,STAGIAIRE PHOTOSHOP,https://www.jobinfocamer.com/job/3458/stagiaire-photoshop-a-jumia-cameroun,Jumia Cameroun,Douala,Internship
2014-10-20,ANALYSTE APPLICATIF ET PROJETS,https://www.jobinfocamer.com/job/3455/analyste-applicatif-et-projets-a-bollore-africa-logistics,Bolloré Africa Logistics,Douala,Full-time
2014-10-14,Développeur et intégrateur prestashop,https://www.jobinfocamer.com/job/3389/developpeur-et-integrateur-prestashop-a-cleandev,CleanDev,Yaoundé,Full-time
2014-10-09,Graphiste / Designer / Dessinateur,https://www.jobinfocamer.com/job/3345/graphiste-designer-dessinateur-a-zukulu-sarl,zukulu sarl,Yaoundé,Internship
2014-10-04,GRAPHISTE FLASH DESIGNER,https://www.jobinfocamer.com/job/3312/graphiste-flash-designer-a-fashioneering-by-tf,Fashioneering by TF,"Douala, Yaoundé",Full-time
2014-10-04,WEBMASTER,https://www.jobinfocamer.com/job/3310/webmaster-a-fashioneering-by-tf,Fashioneering by TF,"Douala, Yaoundé",Full-time
2014-09-10,INFORMATICIEN CERTIFIE,https://www.jobinfocamer.com/job/3227/informaticien-certifie-a-paness,PANESS,Douala,Full-time
2014-09-03,Développeur Wordpress,https://www.jobinfocamer.com/job/3171/developpeur-wordpress-a-novazen,NOVAZEN,Yaoundé,Full-time
2014-09-03,Développeur Prestashop,https://www.jobinfocamer.com/job/3170/developpeur-prestashop-a-novazen,NOVAZEN,Yaoundé,Full-time
2014-09-01,Informaticien,https://www.jobinfocamer.com/job/3153/informaticien-a-fiduciaire-audit-conseil,FIDUCIAIRE AUDIT CONSEIL,Yaoundé,Full-time
2014-08-28,RECRUTEMENT DÉVELOPPEUR PHP5/SYMFONY2,https://www.jobinfocamer.com/job/3126/recrutement-developpeur-php5-symfony2-a-amla-cameroun,AMLA CAMEROUN,Yaoundé,Full-time
2014-08-27,Informaticiens,https://www.jobinfocamer.com/job/3118/informaticiens-a-cemac,CEMAC,Bangui,Part-time
2014-08-27,IT OFFICER,https://www.jobinfocamer.com/job/3114/it-officer-a-global-health-systems-solutions,GLOBAL HEALTH SYSTEMS SOLUTIONS,Limbe,Part-time
2014-08-27,[URGENT] Recherche Designer Web CDD,https://www.jobinfocamer.com/job/3120/-urgent-recherche-designer-web-cdd-a-towa-consulting,Towa Consulting,Douala,Part-time
2014-08-22,INFORMATICIEN PROGRAMMEUR,https://www.jobinfocamer.com/job/3060/informaticien-programmeur-a-entreprise-de-la-place,ENTREPRISE DE LA PLACE,Yaoundé,Full-time
2014-08-14,Spécialiste en Suivi/Evaluation,https://www.jobinfocamer.com/job/3006/specialiste-en-suivi-evaluation-a-unfpa,UNFPA,Yaoundé,Part-time
2014-08-11,IT Teacher,https://www.jobinfocamer.com/job/2990/it-teacher-a-the-american-school-of-douala,The American School of Douala,Douala,Full-time
2014-08-11,IT Systems Administrator,https://www.jobinfocamer.com/job/2989/it-systems-administrator-a-the-american-school-of-douala,The American School of Douala,Douala,Full-time
2014-08-06,Stagiaire en  Web-Marketing,https://www.jobinfocamer.com/job/2959/stagiaire-en-web-marketing-a-imprimerie-presse-edition,Imprimerie-Presse-Edition,Yaoundé,Internship
2014-08-02,Assistant Principal en Gestion des Données,https://www.jobinfocamer.com/job/2918/assistant-principal-en-gestion-des-donnees-a-unhcr,UNHCR,Meiganga,Part-time
2014-07-30,IT Operator,https://www.jobinfocamer.com/job/2900/it-operator-a-ex-manpower-sm-ltd,Ex Manpower Sm Ltd,Yaoundé,Full-time
2014-07-29,Ingénieurs (informatique ou télécom),https://www.jobinfocamer.com/job/2889/ingenieurs-informatique-ou-telecom--a-ciac,CIAC,Yaoundé,Part-time
2014-07-28,Senior Information Technology Assistant,https://www.jobinfocamer.com/job/2877/senior-information-technology-assistant-a-unhcr,UNHCR,Meiganga,Part-time
2014-07-26,Senior Information Technology Assistant,https://www.jobinfocamer.com/job/2864/senior-information-technology-assistant-a-unhcr,UNHCR,Batouri,Part-time
2014-07-23,RESPONSABLE PRODUCTION SYSTEME D'INFORMATION,https://www.jobinfocamer.com/job/2839/responsable-production-systeme-d-information-a-industrie-polygraphique,INDUSTRIE POLYGRAPHIQUE,Douala,Full-time
2014-07-22,Assistant Principal en Gestion des Données,https://www.jobinfocamer.com/job/2825/assistant-principal-en-gestion-des-donnees-a-unhcr,UNHCR,Batouri,Part-time
2014-07-21,System Administrator,https://www.jobinfocamer.com/job/2821/system-administrator-a-commission-du-bassin-du-lac-tchad-cblt-,Commission du Bassin du Lac Tchad(CBLT),N'Djamena,Full-time
2014-07-18,RESPONSABLE RÉSEAUX ET TÉLÉCOMS H/F,https://www.jobinfocamer.com/job/2802/responsable-reseaux-et-telecoms-h-f-a-bollore-africa-logistics,Bolloré Africa Logistics,Douala,Full-time
2014-07-12,Pilotes d'Exploitation Jour/Nuit,https://www.jobinfocamer.com/job/2753/pilotes-d-exploitation-jour-nuit-a-societe-generale-cameroun,SOCIETE GENERALE CAMEROUN,Douala,Full-time
2014-07-02,Information Communication and Technology(ICT) teacher,https://www.jobinfocamer.com/job/2651/information-communication-and-technology-ict-teacher-a-the-bridge-international-school,The Bridge International School,Douala,Part-time
2014-07-02,Recrutement de (02) deux développeurs java,https://www.jobinfocamer.com/job/2650/recrutement-de-02-deux-developpeurs-java-a-java-recrut,Java Recrut,Douala,Full-time
2014-06-30,Information Technology(IT) Assistant,https://www.jobinfocamer.com/job/2634/information-technology-it-assistant-a-world-bank-group,World Bank Group,Yaoundé,Part-time
2014-06-28,Ingénieur Informaticien,https://www.jobinfocamer.com/job/2602/ingenieur-informaticien-a-multinationale,MULTINATIONALE,Douala,Full-time
2014-06-28,"Ingénieur Etude, Développement et Reporting Streamserve",https://www.jobinfocamer.com/job/2594/ingenieur-etude-developpement-et-reporting-streamserve-a-societe-generale-cameroun,SOCIETE GENERALE CAMEROUN,Douala,Full-time
2014-06-28,Ingénieur Bureau Technique,https://www.jobinfocamer.com/job/2593/ingenieur-bureau-technique-a-societe-generale-cameroun,SOCIETE GENERALE CAMEROUN,Douala,Full-time
2014-06-25,Junior Technical Consultant,https://www.jobinfocamer.com/job/2580/junior-technical-consultant-a-bms-africa,BMS AFRICA,Douala,Full-time
2014-06-24,WEBDESIGNER / GRAPHISTE,https://www.jobinfocamer.com/job/2571/webdesigner-graphiste-a-kouaba,KOUABA,Douala,Full-time
2014-06-23,IP and Datacom Engineer,https://www.jobinfocamer.com/job/2568/ip-and-datacom-engineer-a-telecommunication-sector,Telecommunication Sector,Douala,Full-time
2014-06-18,IT Administrator,https://www.jobinfocamer.com/job/2526/it-administrator-a-yoomee-africa,YooMee Africa,Douala,Full-time
2014-06-18,IP Core Network Engineers,https://www.jobinfocamer.com/job/2525/ip-core-network-engineers-a-yoomee-africa,YooMee Africa,Douala,Full-time
2014-06-13,Spécialiste e-marketing (avec compétences en développement et réseau),https://www.jobinfocamer.com/job/2478/specialiste-e-marketing-avec-competences-en-developpement-et-reseau--a-quickdo-sarl,Quickdo Sarl,Yaoundé,Part-time
2014-06-11,Database Engineer (Cameroon),https://www.jobinfocamer.com/job/2466/database-engineer-cameroon--a-yoomee-africa,YooMee Africa,Douala,Full-time
2014-06-09,Ingenieur Reseaux et telecom,https://www.jobinfocamer.com/job/2461/ingenieur-reseaux-et-telecom-a-ans,ANS,Douala,Full-time
2014-06-05,"Développeurs Web, Administrateurs de Bases de Données, Administrateurs Système",https://www.jobinfocamer.com/job/2428/developpeurs-web-administrateurs-de-bases-de-donnees-administrateurs-systeme-a-presprint-plc,PRESPRINT Plc,Limbe,Full-time
2014-06-05,"Web Developers, Database Administrators and Systems Administrators",https://www.jobinfocamer.com/job/2427/web-developers-database-administrators-and-systems-administrators-a-presprint-plc,PRESPRINT Plc,Limbe,Full-time
2014-06-04,Information Communication Technology Assistant,https://www.jobinfocamer.com/job/2418/information-communication-technology-assistant-a-unicef,UNICEF,Yaoundé,Full-time
2014-06-04,IT Infrastructure Operations Specialist,https://www.jobinfocamer.com/job/2417/it-infrastructure-operations-specialist-a-addax-petroleum,Addax Petroleum,Douala,Full-time
2014-06-04,IT Infrastructure Operations and Systems Team Lead,https://www.jobinfocamer.com/job/2416/it-infrastructure-operations-and-systems-team-lead-a-addax-petroleum,Addax Petroleum,Douala,Full-time
2014-05-30,Stagiaires informatiques,https://www.jobinfocamer.com/job/2395/stagiaires-informatiques-a-entreprise-de-la-place,Entreprise de la place,Douala,Internship
2014-05-30,Stage académique Développement Web,https://www.jobinfocamer.com/job/2393/stage-academique-developpement-web-a-entreprise-de-la-place,Entreprise de la place,Douala,Internship
2014-05-26,Informaticien spécialisé en Maintenance,https://www.jobinfocamer.com/job/2377/informaticien-specialise-en-maintenance-a-ohada,OHADA,"Porto-Novo, Bénin",Full-time
2014-05-13,RESPONSABLE INFORMATIQUE,https://www.jobinfocamer.com/job/2336/responsable-informatique-a-canal-cameroun,CANAL+ CAMEROUN,Douala,Full-time
2014-05-12,Technicien en Informatique:,https://www.jobinfocamer.com/job/2328/technicien-en-informatique--a-societe-de-telecommunication,Société de Télécommunication,Douala,Full-time
2014-05-03,Agent Commercial,https://www.jobinfocamer.com/job/2286/agent-commercial-a-towa-consulting,Towa Consulting,Douala,Internship
2014-04-29,Stagiaire Commerciale Informatique,https://www.jobinfocamer.com/job/2264/stagiaire-commerciale-informatique-a-entreprise-de-la-place,Entreprise de la place,Douala,Internship
2014-04-16,Ingénieur logiciel,https://www.jobinfocamer.com/job/2207/ingenieur-logiciel-a-zebreka-sarl,Zebreka SARL,Douala,Full-time
2014-04-10,WEBDESIGNER,https://www.jobinfocamer.com/job/2175/webdesigner-a-entreprise-de-la-place,Entreprise de la place,Douala,Full-time
2014-04-10,Business intelligence,https://www.jobinfocamer.com/job/2177/business-intelligence--a-entreprise-situee-a-douala,Entreprise située à Douala,Douala,Internship
2014-04-07,Développeur JavaScript h/f,https://www.jobinfocamer.com/job/2158/developpeur-javascript-h-f-a-zukulu-sarl,Zukulu Sarl,Yaoundé,Part-time
2014-04-07,Graphiste - illustrateur h/f,https://www.jobinfocamer.com/job/2156/graphiste-illustrateur-h-f-a-zukulu-sarl,Zukulu Sarl,Yaoundé,Part-time
2014-04-07,Informaticien Confirmé,https://www.jobinfocamer.com/job/2150/informaticien-confirme-a-entreprise-de-la-place,Entreprise de la place,Douala,Full-time
2014-03-24,Stagiaire Web Design (H/F),https://www.jobinfocamer.com/job/2036/stagiaire-web-design-h-f--a-entreprise-de-la-place,Entreprise de la place,Douala,Internship
2014-03-20,Ingénieur Informaticien,https://www.jobinfocamer.com/job/2009/ingenieur-informaticien-a-entreprise-de-la-place,Entreprise de la place,Yaoundé,Full-time
2014-03-11,Informaticien(ne),https://www.jobinfocamer.com/job/1892/informaticien-ne--a-issea,ISSEA,Yaoundé,Full-time
2014-03-10,Cadre Maintenance Réseaux et Système Informatiques,https://www.jobinfocamer.com/job/1883/cadre-maintenance-reseaux-et-systeme-informatiques-a-asecna,ASECNA,Douala,Full-time
2014-03-05,Analyste-programmeur (H/F),https://www.jobinfocamer.com/job/1846/analyste-programmeur-h-f--a-bantou-telecom,Bantou Telecom,Douala,Full-time
2014-03-05,Développeur PHP (wordpress/drupal/prestashop),https://www.jobinfocamer.com/job/1845/developpeur-php-wordpress-drupal-prestashop--a-novazen,NOVAZEN,Yaoundé,Full-time
2014-02-26,WEBMASTER,https://www.jobinfocamer.com/job/1785/webmaster-a-acms,ACMS,Yaoundé,Full-time
2014-02-04,Technicien en Maintenance Informatique,https://www.jobinfocamer.com/job/1612/technicien-en-maintenance-informatique-a-fiduciaire-audit-conseil,FIDUCIAIRE AUDIT CONSEIL,Yaoundé,Full-time
2014-01-29,"2 développeurs web, 1 webdesigner",https://www.jobinfocamer.com/job/1573/2-developpeurs-web-1-webdesigner-a-amla-cameroun,AMLA CAMEROUN,Yaoundé,Part-time
2014-01-17,Gérant(e) de Cyber Café,https://www.jobinfocamer.com/job/1509/gerant-e-de-cyber-cafe-a-nyami,nyami,Douala,Full-time
2013-12-19,ASSISTANT DU CHEF DE CELLULE D\'OUTILS D\'AIDE A LA DECISION ET GESTION AGRICOLE,https://www.jobinfocamer.com/job/1341/assistant-du-chef-de-cellule-d-outils-d-aide-a-la-decision-et-gestion-agricole-a-sosucam,SOSUCAM,NKOTENG,Full-time
2013-12-12,IT Officer,https://www.jobinfocamer.com/job/1289/it-officer-a-helen-keller-international,Helen Keller International,Yaoundé,Full-time
2013-11-30,35 Opérationnels Polyvalents (suite),https://www.jobinfocamer.com/job/587/35-operationnels-polyvalents-suite--a-la-regionale,LA REGIONALE,Yaoundé,Full-time
2013-11-29,Recherche des volontaires dans le secteur éducatif,https://www.jobinfocamer.com/job/548/recherche-des-volontaires-dans-le-secteur-educatif-a-novatech-corporation,NOVATECH CORPORATION,Douala,Full-time
2013-11-25,Développeur d\'Applications,https://www.jobinfocamer.com/job/494/developpeur-d-applications-a-j-soft-computer,J-SOFT COMPUTER,Yaoundé,Full-time
2013-11-22,Linux Specialist,https://www.jobinfocamer.com/job/471/linux-specialist-a-yoomee-africa,YooMee Africa,Douala,Full-time
2013-11-22,Software Engineer,https://www.jobinfocamer.com/job/470/software-engineer-a-yoomee-africa,YooMee Africa,Douala,Full-time
2013-11-22,Database Engineer,https://www.jobinfocamer.com/job/469/database-engineer-a-yoomee-africa,YooMee Africa,Douala,Full-time
2013-11-20,Analyste Programmeur,https://www.jobinfocamer.com/job/444/analyste-programmeur-a-cecaw,CECAW,Douala,Part-time
2013-11-14,webmasters,https://www.jobinfocamer.com/job/417/webmasters-a-abs-holding,ABS HOLDING,Yaoundé,Full-time
2013-11-13,Pilote Exploitation Jour/Nuit,https://www.jobinfocamer.com/job/411/pilote-exploitation-jour-nuit-a-societe-generale-cameroun,SOCIETE GENERALE CAMEROUN,Douala,Full-time
2013-11-13,Ingénieur Bureau Technique,https://www.jobinfocamer.com/job/410/ingenieur-bureau-technique-a-societe-generale-cameroun,SOCIETE GENERALE CAMEROUN,Douala,Full-time
2013-10-28,Maintenancier informatique Free-lance,https://www.jobinfocamer.com/job/343/maintenancier-informatique-free-lance-a-emf,EMF,Douala,Full-time
2013-10-18,Technicien en systèmes d information géographique (SIG),https://www.jobinfocamer.com/job/309/technicien-en-systemes-d-information-geographique-sig--a-wwf-cameroon,WWF Cameroon,Yaoundé,Internship
2013-10-12,Analyste Applicatif et Projets - Réf. DSICMRI-740,https://www.jobinfocamer.com/job/250/analyste-applicatif-et-projets-ref-dsicmri-740-a-bollore-africa-logistics,Bolloré Africa Logistics,Douala,Full-time
2013-10-12,Trainers(lecturers) in Computer Engineering,https://www.jobinfocamer.com/job/256/trainers-lecturers-in-computer-engineering-a-imit,IMIT,Douala,Full-time
2013-10-11,Informaticien,https://www.jobinfocamer.com/job/235/informaticien-a-okalla-ahanda-associes,OKALLA AHANDA & Associés,Yaoundé,Full-time
2013-10-10,Informaticiens,https://www.jobinfocamer.com/job/226/informaticiens-a-pndp,PNDP,Yaoundé,Part-time
2013-10-07,Réf-Offre 010920130622 - Data Analyste,https://www.jobinfocamer.com/job/209/ref-offre-010920130622-data-analyste-a-itgstore-consulting,ITGSTORE Consulting,Douala,Full-time
2013-10-01,Information Technology Assistant,https://www.jobinfocamer.com/job/167/information-technology-assistant-a-glencore-exploration-cameroon-ltd,GLENCORE EXPLORATION CAMEROON LTD,Douala,Full-time
2013-10-01,Network Engineer Cisco Expert,https://www.jobinfocamer.com/job/163/network-engineer-cisco-expert-a-yoomee-africa,YooMee Africa,Douala,Full-time
2013-09-26,Intégrateur/développeur front-end,https://www.jobinfocamer.com/job/131/integrateur-developpeur-front-end-a-crystals-services,Crystals Services,Yaoundé,Internship
2013-09-23,Assistant TIC,https://www.jobinfocamer.com/job/106/assistant-tic-a-ecole-des-sciences-de-la-sante-ess-ucac-,Ecole des Sciences de la Santé (ESS-UCAC),Yaoundé,Part-time
2013-09-22,Chef de projet - auditeur,https://www.jobinfocamer.com/job/93/chef-de-projet-auditeur-a-afreetech,AFREETECH,Yaoundé,Full-time
2013-09-22,Développeur PHP Confirmé,https://www.jobinfocamer.com/job/91/developpeur-php-confirme-a-afreetech,AFREETECH,Yaoundé,Full-time
2013-09-22,Développeur OpenERP,https://www.jobinfocamer.com/job/92/developpeur-openerp-a-afreetech,AFREETECH,Yaoundé,Full-time
2013-09-20,Développeur,https://www.jobinfocamer.com/job/76/developpeur-a-dje-soft,DJE-SOFT,Yaoundé,Full-time
2013-09-19,Développeur Web,https://www.jobinfocamer.com/job/70/developpeur-web-a-novatech-corporation,NOVATECH CORPORATION,Douala,Internship
